index,true_label,pred_label,correct,confidence,latency_s,error
0,rec.autos,rec.autos,True,1.0,0.3126522909733467,
1,comp.windows.x,comp.graphics,False,0.56,0.4278947910061106,
2,alt.atheism,talk.politics.misc,False,0.35,0.46224195801187307,
3,talk.politics.mideast,talk.politics.mideast,True,1.0,0.5057632090174593,
4,talk.religion.misc,alt.atheism,False,0.64,0.40624666603980586,
5,sci.med,sci.med,True,1.0,0.6066751250182278,
6,soc.religion.christian,soc.religion.christian,True,0.99,0.46123112499481067,
7,soc.religion.christian,soc.religion.christian,True,0.46,0.42539716698229313,
8,comp.windows.x,comp.windows.x,True,1.0,0.46264237503055483,
9,comp.graphics,comp.graphics,True,0.99,0.4052587089827284,
10,comp.os.ms-windows.misc,comp.os.ms-windows.misc,True,1.0,0.5182809589896351,
11,comp.windows.x,comp.windows.x,True,0.98,0.42696508299559355,
12,talk.politics.mideast,talk.politics.mideast,True,1.0,0.41066812502685934,
13,rec.motorcycles,misc.forsale,False,0.44,0.4109217079821974,
14,alt.atheism,alt.atheism,True,0.97,0.44635854195803404,
15,comp.os.ms-windows.misc,comp.sys.ibm.pc.hardware,False,1.0,0.4765236250241287,
16,comp.sys.mac.hardware,comp.sys.mac.hardware,True,0.96,0.25401333399349824,
17,comp.graphics,sci.electronics,False,0.37,0.28395366604672745,
18,misc.forsale,misc.forsale,True,0.94,0.302584792021662,
19,talk.politics.guns,talk.politics.guns,True,1.0,0.2746811670367606,
20,comp.graphics,comp.graphics,True,0.46,0.2654292919905856,
21,misc.forsale,misc.forsale,True,1.0,0.2777142080012709,
22,talk.politics.mideast,talk.politics.misc,False,0.8,1.2455067499540746,
23,sci.space,sci.space,True,1.0,0.27217270800611004,
24,comp.sys.ibm.pc.hardware,comp.sys.ibm.pc.hardware,True,0.99,0.3768960840534419,
25,sci.med,sci.med,True,1.0,0.3725942919845693,
26,sci.crypt,sci.electronics,False,0.52,0.26950787496753037,
27,rec.autos,rec.autos,True,0.83,0.2430019160383381,
28,rec.autos,rec.autos,True,1.0,0.3496401670272462,
29,comp.sys.ibm.pc.hardware,misc.forsale,False,0.33,0.8579259170219302,
30,comp.windows.x,comp.windows.x,True,1.0,0.31208262499421835,
31,comp.windows.x,comp.windows.x,True,1.0,0.273097625002265,
32,comp.sys.mac.hardware,comp.sys.mac.hardware,True,1.0,0.29580020799767226,
33,comp.sys.ibm.pc.hardware,comp.sys.ibm.pc.hardware,True,0.99,0.23745516600320116,
34,sci.space,sci.space,True,1.0,0.8041605830076151,
35,comp.graphics,comp.graphics,True,1.0,1.228326582990121,
36,rec.sport.baseball,rec.sport.baseball,True,1.0,0.379792291962076,
37,comp.sys.mac.hardware,comp.sys.mac.hardware,True,1.0,0.2525862500187941,
38,misc.forsale,comp.sys.mac.hardware,False,0.61,0.2516048329998739,
39,comp.graphics,comp.graphics,True,1.0,1.3650427079992369,
40,talk.politics.mideast,talk.politics.mideast,True,0.9,0.26186495897127315,
41,comp.os.ms-windows.misc,comp.os.ms-windows.misc,True,0.79,0.32056112500140443,
42,rec.motorcycles,rec.motorcycles,True,0.51,0.24685466702794656,
43,comp.graphics,comp.graphics,True,1.0,0.25645487499423325,
44,sci.crypt,talk.politics.misc,False,0.78,0.26689962501404807,
45,comp.graphics,comp.graphics,True,1.0,0.2830552090308629,
46,sci.space,sci.space,True,1.0,0.4572713340166956,
47,comp.sys.ibm.pc.hardware,sci.electronics,False,0.49,0.26092358300229535,
48,sci.crypt,sci.crypt,True,1.0,0.2515671249711886,
49,alt.atheism,sci.crypt,False,1.0,0.2474535420187749,
50,rec.motorcycles,rec.autos,False,0.72,0.3622772500384599,
51,rec.motorcycles,rec.motorcycles,True,0.99,0.28531025000847876,
52,sci.med,sci.med,True,1.0,0.2808888329891488,
53,rec.sport.baseball,rec.sport.baseball,True,1.0,0.2726379999658093,
54,comp.graphics,misc.forsale,False,0.39,0.25946929096244276,
55,comp.os.ms-windows.misc,comp.os.ms-windows.misc,True,0.52,0.27338566700927913,
56,rec.sport.hockey,rec.sport.hockey,True,1.0,0.2941505420021713,
57,talk.politics.mideast,talk.politics.mideast,True,0.81,0.2910463339649141,
58,talk.politics.guns,talk.politics.misc,False,0.56,0.3038552910438739,
59,sci.space,sci.space,True,0.83,0.2351729579968378,
60,rec.motorcycles,sci.electronics,False,0.31,0.28845208400161937,
61,rec.sport.hockey,rec.sport.hockey,True,1.0,0.29719258297700435,
62,talk.politics.mideast,talk.politics.misc,False,0.94,0.34941075003007427,
63,talk.religion.misc,talk.politics.misc,False,0.77,0.3378428340074606,
64,comp.os.ms-windows.misc,comp.os.ms-windows.misc,True,1.0,0.29476783401332796,
65,talk.politics.misc,talk.politics.misc,True,0.81,0.2913048749906011,
66,talk.politics.misc,talk.politics.misc,True,0.84,0.2857642919989303,
67,sci.med,sci.med,True,0.95,0.2899343750323169,
68,alt.atheism,talk.religion.misc,False,0.3,0.292424209008459,
69,rec.sport.baseball,rec.sport.baseball,True,1.0,0.28887404198758304,
70,rec.motorcycles,rec.motorcycles,True,1.0,0.26945508300559595,
71,talk.politics.misc,talk.politics.misc,True,0.31,0.26095845899544656,
72,rec.sport.hockey,rec.sport.hockey,True,1.0,0.2635043750051409,
73,talk.religion.misc,talk.politics.guns,False,0.94,0.30071404203772545,
74,comp.sys.ibm.pc.hardware,comp.sys.ibm.pc.hardware,True,0.95,0.37734579195966944,
75,rec.autos,rec.autos,True,0.98,0.2956365830032155,
76,talk.politics.misc,talk.politics.misc,True,0.48,0.32927516696508974,
77,rec.autos,rec.autos,True,1.0,0.31063399999402463,
78,talk.politics.misc,talk.politics.misc,True,0.36,0.30306591698899865,
79,rec.sport.baseball,rec.sport.baseball,True,1.0,1.1116932090371847,
80,misc.forsale,misc.forsale,True,1.0,0.2742311669862829,
81,talk.politics.misc,talk.politics.misc,True,0.55,0.26554287498584017,
82,talk.politics.mideast,talk.politics.mideast,True,0.87,0.26213320798706263,
83,comp.sys.mac.hardware,comp.sys.ibm.pc.hardware,False,0.99,0.2523767079692334,
84,sci.electronics,sci.electronics,True,1.0,0.2470107499975711,
85,rec.sport.hockey,rec.sport.hockey,True,1.0,0.25674891599919647,
86,talk.politics.guns,talk.politics.misc,False,0.54,0.2742738330271095,
87,soc.religion.christian,comp.os.ms-windows.misc,False,0.3,0.2797475000261329,
88,rec.motorcycles,talk.politics.misc,False,0.49,0.30590529105393216,
89,comp.sys.mac.hardware,comp.sys.mac.hardware,True,0.99,0.2862802500021644,
90,sci.space,sci.electronics,False,0.16,0.27439395897090435,
91,rec.sport.baseball,rec.sport.baseball,True,1.0,0.4335914590046741,
92,talk.politics.guns,talk.politics.guns,True,0.65,0.2683010409818962,
93,soc.religion.christian,soc.religion.christian,True,0.89,0.2808536670054309,
94,talk.politics.guns,talk.politics.guns,True,0.97,0.2554893339984119,
95,alt.atheism,alt.atheism,True,0.83,0.26882995798951015,
96,rec.sport.baseball,rec.sport.baseball,True,1.0,0.2771252079983242,
97,comp.sys.ibm.pc.hardware,comp.sys.ibm.pc.hardware,True,0.99,0.25011979101691395,
98,comp.sys.ibm.pc.hardware,comp.sys.ibm.pc.hardware,True,0.87,0.2854371659923345,
99,talk.politics.guns,talk.politics.misc,False,0.87,0.28027283400297165,
100,comp.os.ms-windows.misc,comp.os.ms-windows.misc,True,1.0,0.3569999160245061,
101,rec.sport.hockey,talk.politics.misc,False,0.15,0.33332708303350955,
102,sci.space,sci.space,True,0.63,0.32436941599007696,
103,soc.religion.christian,soc.religion.christian,True,0.98,0.2482249159947969,
104,comp.sys.ibm.pc.hardware,comp.os.ms-windows.misc,False,0.97,0.2737695419928059,
105,talk.politics.guns,talk.politics.misc,False,0.28,0.3720444589853287,
106,rec.sport.hockey,rec.sport.hockey,True,1.0,0.30627995799295604,
107,comp.sys.mac.hardware,comp.sys.mac.hardware,True,0.99,0.27188816701527685,
108,sci.space,sci.space,True,1.0,0.34329375001834705,
109,sci.electronics,sci.electronics,True,1.0,0.41997433302458376,
110,rec.motorcycles,talk.politics.misc,False,0.36,0.5010234999936074,
111,comp.sys.ibm.pc.hardware,comp.sys.ibm.pc.hardware,True,1.0,0.2975807079928927,
112,talk.politics.mideast,talk.politics.mideast,True,0.99,0.2574264999711886,
113,comp.sys.ibm.pc.hardware,sci.electronics,False,0.89,0.30045899999095127,
114,rec.motorcycles,talk.religion.misc,False,0.67,0.32226191699737683,
115,sci.space,sci.space,True,1.0,0.32942733401432633,
116,rec.sport.baseball,rec.sport.baseball,True,1.0,0.2943739159964025,
117,comp.windows.x,comp.graphics,False,0.71,0.25944708299357444,
118,rec.sport.baseball,rec.sport.baseball,True,1.0,0.41521654202369973,
119,talk.politics.mideast,talk.politics.mideast,True,0.93,0.27381016605068,
120,sci.electronics,sci.crypt,False,0.48,0.30344699998386204,
121,comp.sys.mac.hardware,comp.sys.ibm.pc.hardware,False,0.94,0.2743382499902509,
122,comp.sys.mac.hardware,comp.sys.mac.hardware,True,1.0,0.26523491699481383,
123,comp.windows.x,comp.windows.x,True,0.7,0.7225801660097204,
124,rec.sport.baseball,rec.sport.baseball,True,1.0,0.3353615839732811,
125,sci.med,sci.med,True,0.33,0.3241135830176063,
126,talk.politics.misc,talk.politics.guns,False,0.93,0.3170750410063192,
127,rec.motorcycles,rec.motorcycles,True,0.95,0.3033295830246061,
128,comp.sys.ibm.pc.hardware,comp.sys.ibm.pc.hardware,True,1.0,0.31884016701951623,
129,comp.graphics,sci.crypt,False,0.17,0.3413700409582816,
130,talk.politics.guns,talk.politics.misc,False,0.54,0.291162041015923,
131,sci.crypt,sci.crypt,True,1.0,0.27489195798989385,
132,misc.forsale,misc.forsale,True,0.53,0.3216298749903217,
133,sci.med,sci.med,True,0.95,0.35451545799151063,
134,rec.sport.hockey,rec.sport.hockey,True,1.0,0.25558920903131366,
135,comp.windows.x,comp.windows.x,True,0.85,0.2549500419991091,
136,comp.windows.x,comp.windows.x,True,1.0,0.3162778330151923,
137,comp.graphics,comp.graphics,True,1.0,0.28244295803597197,
138,comp.sys.ibm.pc.hardware,comp.sys.ibm.pc.hardware,True,1.0,0.32543179200729355,
139,sci.electronics,misc.forsale,False,0.98,0.286759750044439,
140,rec.sport.hockey,rec.sport.hockey,True,1.0,0.35091662500053644,
141,sci.space,sci.space,True,1.0,0.2799823750392534,
142,rec.autos,rec.autos,True,1.0,0.27756883297115564,
143,rec.autos,rec.autos,True,1.0,0.2577867499785498,
144,rec.sport.hockey,rec.sport.hockey,True,1.0,0.3139885839773342,
145,comp.windows.x,comp.windows.x,True,1.0,0.3004960840335116,
146,rec.sport.hockey,rec.sport.hockey,True,1.0,0.30455041700042784,
147,sci.electronics,comp.os.ms-windows.misc,False,0.31,0.28039283299585804,
148,alt.atheism,sci.space,False,0.43,0.38226704101543874,
149,sci.med,sci.med,True,1.0,0.37679200002457947,
150,sci.space,misc.forsale,False,0.24,0.35280162503477186,
151,comp.sys.mac.hardware,comp.sys.mac.hardware,True,1.0,0.31420183303998783,
152,soc.religion.christian,soc.religion.christian,True,0.66,0.3110128329717554,
153,comp.sys.mac.hardware,comp.sys.mac.hardware,True,0.97,0.3000056669698097,
154,misc.forsale,misc.forsale,True,1.0,0.33040329098002985,
155,sci.space,sci.space,True,1.0,0.34066962503129616,
156,talk.politics.misc,talk.politics.misc,True,0.71,0.26336120802443475,
157,comp.os.ms-windows.misc,comp.os.ms-windows.misc,True,0.83,0.24574887502240017,
158,rec.sport.hockey,rec.sport.hockey,True,1.0,0.2631921659922227,
159,comp.sys.mac.hardware,comp.sys.mac.hardware,True,1.0,0.26952450000680983,
160,sci.crypt,talk.politics.misc,False,0.48,0.35118995897937566,
161,talk.politics.mideast,talk.politics.mideast,True,0.59,0.30506849999073893,
162,rec.sport.baseball,rec.sport.baseball,True,0.93,0.28191945800790563,
163,comp.windows.x,comp.windows.x,True,1.0,0.251037375011947,
164,comp.sys.ibm.pc.hardware,comp.sys.ibm.pc.hardware,True,0.43,0.2742492909892462,
165,rec.motorcycles,misc.forsale,False,0.92,0.27919550001388416,
166,comp.os.ms-windows.misc,comp.os.ms-windows.misc,True,1.0,0.2921470830333419,
167,talk.politics.guns,talk.politics.guns,True,0.98,0.3110593329765834,
168,misc.forsale,misc.forsale,True,0.64,0.34297170798527077,
169,rec.autos,rec.autos,True,1.0,0.26190395798766986,
170,comp.graphics,comp.graphics,True,0.89,0.2779052499681711,
171,rec.autos,rec.autos,True,1.0,0.34866533300373703,
172,rec.autos,rec.autos,True,0.5,0.43774070899235085,
173,rec.motorcycles,rec.motorcycles,True,0.8,0.2857875839690678,
174,comp.sys.mac.hardware,comp.sys.ibm.pc.hardware,False,0.98,0.42633450002176687,
175,sci.electronics,sci.electronics,True,1.0,0.3853253339766525,
176,rec.sport.hockey,rec.sport.hockey,True,1.0,0.37681833299575374,
177,alt.atheism,talk.politics.misc,False,1.0,0.3458672080305405,
178,rec.sport.hockey,rec.sport.baseball,False,0.77,0.3435029999818653,
179,talk.politics.misc,talk.politics.misc,True,1.0,0.3295817089965567,
180,comp.sys.mac.hardware,comp.sys.mac.hardware,True,0.95,0.25685062498087063,
181,rec.sport.baseball,rec.sport.baseball,True,1.0,0.3119337909738533,
182,comp.windows.x,comp.graphics,False,0.71,0.25362141599180177,
183,alt.atheism,talk.religion.misc,False,0.31,0.2761955829919316,
184,comp.sys.ibm.pc.hardware,sci.electronics,False,0.99,0.30490754096535966,
185,talk.politics.guns,talk.religion.misc,False,0.36,0.27634162502363324,
186,rec.motorcycles,talk.politics.guns,False,0.64,0.35130158404354006,
187,comp.sys.mac.hardware,comp.sys.ibm.pc.hardware,False,0.65,0.3057500420254655,
188,alt.atheism,talk.politics.misc,False,0.99,0.780247499991674,
189,sci.electronics,sci.electronics,True,1.0,0.32541162497363985,
190,talk.politics.misc,sci.med,False,0.81,0.2719884580001235,
191,sci.crypt,sci.crypt,True,0.93,0.31697058299323544,
192,sci.med,sci.med,True,1.0,0.27358283300418407,
193,talk.politics.misc,talk.politics.misc,True,0.64,0.3147111250436865,
194,comp.sys.ibm.pc.hardware,comp.sys.ibm.pc.hardware,True,0.56,0.2635564999654889,
195,soc.religion.christian,soc.religion.christian,True,0.82,0.26631174999056384,
196,talk.politics.guns,talk.politics.mideast,False,0.63,0.285147542017512,
197,sci.med,sci.med,True,1.0,0.312283833976835,
198,comp.sys.ibm.pc.hardware,misc.forsale,False,0.54,0.3129191659973003,
199,talk.religion.misc,talk.religion.misc,True,0.99,0.27009958296548575,
200,soc.religion.christian,soc.religion.christian,True,0.96,0.2719875000184402,
201,rec.autos,rec.autos,True,0.99,1.0037168750423007,
202,comp.sys.mac.hardware,comp.sys.mac.hardware,True,1.0,0.36366812500637025,
203,misc.forsale,misc.forsale,True,0.98,0.24665837502107024,
204,soc.religion.christian,soc.religion.christian,True,0.96,0.3047439999645576,
205,sci.electronics,sci.electronics,True,0.82,0.253220834012609,
206,rec.sport.baseball,rec.sport.baseball,True,1.0,0.25353383301990107,
207,comp.graphics,comp.sys.ibm.pc.hardware,False,0.92,0.29920937499264255,
208,talk.politics.guns,talk.politics.guns,True,0.99,0.26813312503509223,
209,soc.religion.christian,soc.religion.christian,True,0.97,0.27158112498000264,
210,comp.os.ms-windows.misc,comp.os.ms-windows.misc,True,0.99,0.28633829101454467,
211,sci.space,sci.space,True,1.0,1.2530624159844592,
212,sci.space,sci.space,True,1.0,0.26231333398027346,
213,alt.atheism,comp.os.ms-windows.misc,False,0.37,0.3247878749971278,
214,talk.politics.guns,talk.politics.misc,False,0.87,0.2755853340495378,
215,comp.os.ms-windows.misc,comp.os.ms-windows.misc,True,1.0,0.2919730829889886,
216,comp.graphics,comp.graphics,True,0.93,0.2851289169630036,
217,rec.sport.hockey,rec.sport.hockey,True,1.0,0.2661417920025997,
218,comp.os.ms-windows.misc,comp.os.ms-windows.misc,True,0.57,0.3203234159736894,
219,alt.atheism,alt.atheism,True,0.96,0.39563420898048207,
220,rec.autos,rec.autos,True,1.0,0.3412288340041414,
221,talk.politics.guns,talk.politics.guns,True,0.87,0.3326537919929251,
222,sci.electronics,sci.crypt,False,0.79,0.2671279580099508,
223,comp.os.ms-windows.misc,comp.os.ms-windows.misc,True,0.98,0.3097429999615997,
224,sci.space,sci.space,True,0.98,0.3193509169504978,
225,comp.os.ms-windows.misc,comp.os.ms-windows.misc,True,0.75,0.3016452079755254,
226,rec.autos,comp.os.ms-windows.misc,False,0.32,0.2793629579828121,
227,comp.os.ms-windows.misc,comp.os.ms-windows.misc,True,0.99,0.3800039999769069,
228,comp.windows.x,comp.windows.x,True,1.0,0.3778575420146808,
229,rec.autos,rec.autos,True,0.99,0.2558941660099663,
230,talk.politics.mideast,talk.politics.misc,False,0.98,0.3405139580136165,
231,comp.os.ms-windows.misc,comp.os.ms-windows.misc,True,0.94,0.28973758401116356,
232,comp.sys.mac.hardware,comp.sys.mac.hardware,True,0.71,0.30378550000023097,
233,talk.politics.mideast,talk.politics.misc,False,0.51,0.3066508329939097,
234,soc.religion.christian,soc.religion.christian,True,0.96,0.27861945901531726,
235,comp.sys.mac.hardware,comp.sys.mac.hardware,True,0.99,0.3504166670027189,
236,soc.religion.christian,soc.religion.christian,True,0.51,0.29884945799130946,
237,rec.sport.baseball,rec.sport.baseball,True,0.99,0.40566545899491757,
238,alt.atheism,alt.atheism,True,0.56,0.27573762502288446,
239,rec.autos,rec.autos,True,0.97,0.2743734999676235,
240,comp.sys.ibm.pc.hardware,misc.forsale,False,0.57,0.293842917017173,
241,rec.autos,rec.autos,True,1.0,0.2735207499936223,
242,rec.motorcycles,rec.motorcycles,True,0.97,0.3343341250438243,
243,rec.sport.hockey,rec.sport.hockey,True,1.0,0.3163736659917049,
244,sci.space,sci.space,True,1.0,0.38594854198163375,
245,sci.electronics,sci.crypt,False,0.35,0.28379579196916893,
246,sci.space,talk.politics.misc,False,0.86,0.2695097919786349,
247,sci.electronics,comp.graphics,False,0.81,0.28242720797425136,
248,sci.crypt,sci.crypt,True,1.0,0.29497012501815334,
249,rec.motorcycles,talk.politics.misc,False,0.26,0.39046233298722655,
250,soc.religion.christian,soc.religion.christian,True,1.0,0.37620341702131554,
251,misc.forsale,misc.forsale,True,0.98,0.24648525001248345,
252,comp.sys.mac.hardware,comp.sys.mac.hardware,True,1.0,0.3712386669940315,
253,sci.crypt,sci.crypt,True,0.98,0.36738245899323374,
254,misc.forsale,misc.forsale,True,1.0,0.24221995897823945,
255,talk.politics.mideast,talk.politics.mideast,True,0.78,0.3374504999956116,
256,rec.autos,rec.autos,True,1.0,0.29620295797940344,
257,rec.motorcycles,rec.motorcycles,True,1.0,0.23546883300878108,
258,rec.sport.hockey,rec.sport.hockey,True,1.0,0.33160358300665393,
259,sci.crypt,comp.os.ms-windows.misc,False,0.33,0.24376437498722225,
260,comp.sys.mac.hardware,comp.sys.mac.hardware,True,0.81,0.262254208966624,
261,comp.graphics,comp.os.ms-windows.misc,False,0.66,0.24737995798932388,
262,comp.windows.x,comp.windows.x,True,0.99,0.28897175000747666,
263,rec.motorcycles,talk.politics.misc,False,0.39,0.2744806669652462,
264,comp.graphics,comp.graphics,True,1.0,0.2849137079901993,
265,sci.electronics,sci.electronics,True,0.96,0.25600187497911975,
266,talk.politics.misc,talk.politics.misc,True,1.0,0.2932745830039494,
267,comp.os.ms-windows.misc,comp.graphics,False,0.73,0.26972045795992017,
268,sci.med,sci.med,True,0.97,0.2833902919664979,
269,sci.electronics,sci.electronics,True,1.0,0.3489925839821808,
270,rec.motorcycles,rec.motorcycles,True,1.0,0.29308674996718764,
271,talk.politics.guns,talk.politics.mideast,False,0.98,0.2728006250108592,
272,talk.politics.misc,talk.politics.guns,False,0.81,0.2540824159514159,
273,rec.motorcycles,talk.politics.guns,False,0.32,0.29756162501871586,
274,comp.sys.mac.hardware,comp.sys.mac.hardware,True,0.99,0.3635114999487996,
275,soc.religion.christian,soc.religion.christian,True,0.69,0.3005092919920571,
276,comp.windows.x,comp.windows.x,True,1.0,0.42049450002377853,
277,comp.sys.ibm.pc.hardware,comp.sys.ibm.pc.hardware,True,0.95,0.3969093339983374,
278,sci.crypt,comp.windows.x,False,0.4,0.383928166993428,
279,comp.sys.ibm.pc.hardware,comp.graphics,False,0.7,0.27622399997198954,
280,soc.religion.christian,soc.religion.christian,True,0.98,0.3695933340350166,
281,rec.sport.hockey,rec.sport.hockey,True,1.0,0.3647631669882685,
282,comp.sys.ibm.pc.hardware,comp.sys.ibm.pc.hardware,True,1.0,0.33418299996992573,
283,comp.os.ms-windows.misc,comp.os.ms-windows.misc,True,0.98,0.2558659590431489,
284,sci.space,sci.space,True,1.0,0.2757712500169873,
285,sci.med,sci.med,True,0.99,0.3080693749943748,
286,talk.politics.mideast,talk.politics.misc,False,0.85,0.3528424999676645,
287,talk.religion.misc,talk.politics.misc,False,0.7,0.25200558302458376,
288,misc.forsale,misc.forsale,True,1.0,0.24025791697204113,
289,talk.politics.misc,talk.politics.misc,True,0.85,0.29915174999041483,
290,misc.forsale,misc.forsale,True,0.97,0.34141854103654623,
291,comp.sys.ibm.pc.hardware,comp.sys.ibm.pc.hardware,True,1.0,0.25700270803645253,
292,soc.religion.christian,soc.religion.christian,True,0.98,0.25070862501161173,
293,rec.autos,rec.autos,True,0.98,0.24135404103435576,
294,soc.religion.christian,soc.religion.christian,True,0.97,0.3904783750185743,
295,rec.sport.hockey,rec.sport.hockey,True,1.0,0.2331817919621244,
296,rec.motorcycles,rec.autos,False,0.74,0.24007574998540804,
297,comp.sys.mac.hardware,comp.sys.mac.hardware,True,1.0,0.29734254197683185,
298,rec.sport.baseball,rec.sport.baseball,True,1.0,0.2992087500169873,
299,sci.med,sci.med,True,1.0,0.29665954096708447,
300,rec.sport.hockey,rec.sport.hockey,True,0.99,0.29254987504100427,
301,alt.atheism,alt.atheism,True,0.87,0.2804323330055922,
302,soc.religion.christian,talk.religion.misc,False,0.99,0.32184491702355444,
303,misc.forsale,misc.forsale,True,0.99,0.27894012501928955,
304,talk.religion.misc,alt.atheism,False,0.93,0.39881779201095924,
305,comp.windows.x,comp.windows.x,True,0.78,0.39785725000547245,
306,talk.politics.guns,talk.politics.misc,False,0.56,0.43386612500762567,
307,rec.autos,talk.politics.misc,False,0.94,0.378112250007689,
308,talk.politics.mideast,talk.politics.mideast,True,0.99,0.33289374999003485,
309,talk.politics.guns,talk.politics.guns,True,1.0,0.32052929198835045,
310,rec.sport.hockey,rec.sport.hockey,True,1.0,0.2977873330237344,
311,misc.forsale,comp.sys.mac.hardware,False,0.55,0.2852852499927394,
312,comp.sys.mac.hardware,comp.sys.ibm.pc.hardware,False,0.86,0.2763882500003092,
313,rec.sport.hockey,rec.sport.hockey,True,0.98,0.2454015829716809,
314,comp.windows.x,comp.windows.x,True,1.0,0.27552416699472815,
315,comp.sys.mac.hardware,comp.sys.mac.hardware,True,1.0,0.26098712504608557,
316,alt.atheism,talk.politics.mideast,False,0.96,0.2644173340522684,
317,rec.motorcycles,rec.autos,False,0.88,0.29640316701261327,
318,rec.sport.baseball,comp.windows.x,False,0.59,0.2548674159916118,
319,comp.os.ms-windows.misc,comp.os.ms-windows.misc,True,0.89,0.388365916965995,
320,soc.religion.christian,comp.os.ms-windows.misc,False,0.34,0.5240367089863867,
321,sci.med,misc.forsale,False,0.46,0.2500788330216892,
322,comp.sys.mac.hardware,sci.electronics,False,0.66,0.2830787919810973,
323,rec.motorcycles,rec.motorcycles,True,0.93,0.2725344999926165,
324,comp.windows.x,comp.windows.x,True,0.9,0.26716279197717085,
325,talk.politics.misc,talk.politics.misc,True,0.92,0.2827573749818839,
326,talk.politics.misc,talk.politics.guns,False,0.76,0.2778441670234315,
327,sci.electronics,rec.autos,False,0.52,0.25238891696790233,
328,alt.atheism,alt.atheism,True,0.87,0.29440783301834017,
329,sci.space,sci.space,True,1.0,0.2936256250250153,
330,talk.religion.misc,talk.politics.guns,False,0.94,0.28597895795246586,
331,rec.sport.hockey,rec.sport.hockey,True,1.0,0.26767070800997317,
332,comp.sys.mac.hardware,comp.sys.mac.hardware,True,0.8,0.32271733303787187,
333,sci.space,sci.space,True,0.99,0.2983962080325,
334,soc.religion.christian,soc.religion.christian,True,0.99,0.44111058401176706,
335,comp.sys.ibm.pc.hardware,comp.sys.ibm.pc.hardware,True,0.65,0.2780786660150625,
336,talk.politics.guns,talk.politics.guns,True,0.59,0.3036282919929363,
337,sci.crypt,sci.crypt,True,1.0,0.252936500008218,
338,sci.space,sci.space,True,1.0,0.2918459580396302,
339,sci.med,sci.med,True,0.74,0.25720166601240635,
340,comp.sys.ibm.pc.hardware,comp.sys.ibm.pc.hardware,True,0.5,0.29661258397391066,
341,rec.sport.hockey,rec.sport.hockey,True,1.0,0.2506304580019787,
342,sci.med,sci.med,True,1.0,0.2851502500125207,
343,rec.autos,rec.autos,True,1.0,0.29737195902271196,
344,sci.med,sci.med,True,1.0,0.237625332956668,
345,talk.politics.misc,talk.politics.misc,True,0.77,0.29536395898321643,
346,misc.forsale,misc.forsale,True,1.0,0.25512291700579226,
347,soc.religion.christian,soc.religion.christian,True,0.94,0.3368625839939341,
348,rec.sport.hockey,rec.sport.hockey,True,1.0,0.2972553750150837,
349,comp.sys.mac.hardware,comp.sys.ibm.pc.hardware,False,0.93,0.3426587500143796,
350,sci.electronics,sci.electronics,True,1.0,0.27014566597063094,
351,talk.politics.misc,talk.politics.guns,False,0.54,0.25301924999803305,
352,comp.windows.x,comp.windows.x,True,1.0,0.25414454203564674,
353,sci.crypt,sci.crypt,True,1.0,0.25489579199347645,
354,comp.sys.ibm.pc.hardware,comp.sys.ibm.pc.hardware,True,1.0,0.3297430829843506,
355,rec.autos,rec.autos,True,0.99,0.31406295899068937,
356,rec.motorcycles,comp.os.ms-windows.misc,False,0.35,0.28540837502805516,
357,talk.politics.misc,talk.politics.misc,True,0.94,0.26851304195588455,
358,comp.windows.x,comp.windows.x,True,0.86,0.24500749999424443,
359,soc.religion.christian,soc.religion.christian,True,0.94,0.23651241598417982,
360,rec.motorcycles,rec.motorcycles,True,0.68,0.26937058300245553,
361,sci.space,sci.space,True,0.99,0.4092289580148645,
362,rec.autos,rec.autos,True,1.0,0.28860091703245416,
363,rec.sport.hockey,rec.sport.hockey,True,1.0,0.3334237080416642,
364,comp.windows.x,comp.windows.x,True,1.0,0.3118028750177473,
365,alt.atheism,alt.atheism,True,1.0,0.2701396669726819,
366,comp.graphics,comp.graphics,True,1.0,0.26808154198806733,
367,comp.sys.mac.hardware,comp.sys.mac.hardware,True,1.0,0.29608712502522394,
368,alt.atheism,alt.atheism,True,0.82,0.25248154101427644,
369,misc.forsale,misc.forsale,True,1.0,0.3100521249580197,
370,talk.politics.misc,talk.politics.misc,True,1.0,0.3029730419511907,
371,rec.motorcycles,rec.motorcycles,True,0.96,0.2897917910013348,
372,comp.sys.mac.hardware,comp.windows.x,False,0.75,0.28206183400470763,
373,sci.crypt,sci.crypt,True,1.0,0.3072697500465438,
374,comp.os.ms-windows.misc,comp.sys.ibm.pc.hardware,False,0.69,0.25059870805125684,
375,sci.space,sci.space,True,0.99,0.260845624958165,
376,misc.forsale,misc.forsale,True,1.0,0.28151158400578424,
377,talk.politics.mideast,talk.politics.misc,False,1.0,0.2691577909863554,
378,rec.sport.baseball,rec.sport.baseball,True,1.0,0.2772290409775451,
379,rec.sport.hockey,rec.sport.hockey,True,1.0,0.27069924998795614,
380,sci.electronics,sci.electronics,True,1.0,0.267632374947425,
381,sci.electronics,misc.forsale,False,0.87,0.2831672499887645,
382,sci.med,sci.med,True,1.0,0.2703009170363657,
383,rec.autos,rec.autos,True,1.0,0.2974707090179436,
384,misc.forsale,misc.forsale,True,1.0,0.25456054200185463,
385,talk.politics.misc,talk.politics.misc,True,0.99,0.3229786250158213,
386,soc.religion.christian,soc.religion.christian,True,0.94,0.2497727500158362,
387,comp.sys.mac.hardware,comp.sys.ibm.pc.hardware,False,0.96,0.2916249159607105,
388,rec.autos,comp.os.ms-windows.misc,False,0.39,0.25466287502786145,
389,sci.crypt,sci.electronics,False,0.79,0.2842010000022128,
390,rec.autos,rec.autos,True,1.0,0.24343545897863805,
391,sci.crypt,sci.crypt,True,1.0,0.29272812500130385,
392,comp.sys.mac.hardware,comp.sys.mac.hardware,True,1.0,0.2808202079613693,
393,sci.space,sci.space,True,0.89,0.2589595419703983,
394,rec.sport.baseball,rec.sport.baseball,True,1.0,0.3067855829722248,
395,rec.motorcycles,rec.autos,False,0.81,0.29528616595780477,
396,sci.electronics,comp.os.ms-windows.misc,False,0.4,0.2843973329872824,
397,comp.sys.ibm.pc.hardware,comp.sys.ibm.pc.hardware,True,1.0,0.27141129196388647,
398,sci.electronics,sci.electronics,True,1.0,1.1336179160280153,
399,comp.sys.mac.hardware,comp.sys.mac.hardware,True,0.95,0.2866190830245614,
400,alt.atheism,comp.os.ms-windows.misc,False,0.39,0.28663658403092995,
401,talk.politics.misc,talk.politics.misc,True,0.97,0.26386304199695587,
402,comp.os.ms-windows.misc,comp.os.ms-windows.misc,True,0.98,0.2462131250067614,
403,talk.politics.guns,talk.politics.guns,True,1.0,0.2627812909777276,
404,comp.sys.ibm.pc.hardware,comp.sys.ibm.pc.hardware,True,1.0,0.2657927920226939,
405,rec.motorcycles,rec.motorcycles,True,1.0,0.27333712502149865,
406,sci.electronics,sci.electronics,True,1.0,0.2795079170027748,
407,comp.os.ms-windows.misc,comp.os.ms-windows.misc,True,1.0,0.2856984579702839,
408,comp.sys.ibm.pc.hardware,comp.sys.ibm.pc.hardware,True,0.97,0.3156561249634251,
409,rec.sport.baseball,talk.politics.misc,False,0.59,0.35633158299606293,
410,comp.windows.x,comp.windows.x,True,1.0,0.3192177499877289,
411,rec.autos,rec.autos,True,1.0,0.28724462498212233,
412,talk.religion.misc,alt.atheism,False,0.77,0.2528978750342503,
413,sci.med,sci.med,True,1.0,0.29163925000466406,
414,sci.electronics,sci.electronics,True,1.0,0.2503655420150608,
415,sci.crypt,sci.crypt,True,0.99,0.2907917500124313,
416,soc.religion.christian,soc.religion.christian,True,1.0,0.27125166601035744,
417,misc.forsale,misc.forsale,True,1.0,0.26127854199148715,
418,rec.sport.hockey,rec.sport.hockey,True,1.0,0.24988724995637313,
419,sci.crypt,talk.politics.misc,False,0.97,0.27315645798807964,
420,talk.religion.misc,talk.religion.misc,True,0.86,0.28641970903845504,
421,rec.sport.baseball,rec.sport.baseball,True,0.98,0.3659362919861451,
422,comp.sys.ibm.pc.hardware,comp.sys.ibm.pc.hardware,True,1.0,0.3703147500054911,
423,comp.graphics,comp.graphics,True,0.47,0.3219190840027295,
424,comp.graphics,comp.graphics,True,0.26,0.29705491597997025,
425,alt.atheism,talk.politics.misc,False,0.54,0.26633662497624755,
426,comp.windows.x,comp.windows.x,True,1.0,0.7567248339764774,
427,comp.sys.ibm.pc.hardware,comp.sys.ibm.pc.hardware,True,0.59,0.30489199998555705,
428,rec.motorcycles,rec.motorcycles,True,1.0,0.32316179102053866,
429,talk.politics.misc,talk.politics.misc,True,1.0,0.27931129100034013,
430,comp.os.ms-windows.misc,comp.os.ms-windows.misc,True,0.98,0.2548407909926027,
431,rec.motorcycles,rec.autos,False,0.99,0.2546022080350667,
432,sci.med,sci.med,True,1.0,0.2678849169751629,
433,talk.religion.misc,talk.religion.misc,True,0.42,0.2491115420125425,
434,comp.sys.ibm.pc.hardware,sci.crypt,False,0.44,0.3105607500183396,
435,comp.windows.x,comp.windows.x,True,1.0,0.26774549996480346,
436,comp.sys.ibm.pc.hardware,comp.sys.ibm.pc.hardware,True,0.85,0.2678125420352444,
437,sci.space,sci.space,True,0.97,0.35021008300827816,
438,talk.politics.mideast,talk.politics.mideast,True,1.0,0.33472433302085847,
439,rec.sport.baseball,rec.sport.baseball,True,0.82,0.27478870801860467,
440,soc.religion.christian,soc.religion.christian,True,0.99,0.24763441603863612,
441,talk.politics.misc,alt.atheism,False,1.0,0.28112683299696073,
442,rec.sport.baseball,rec.sport.baseball,True,1.0,0.30199416604591534,
443,comp.sys.mac.hardware,comp.sys.mac.hardware,True,0.95,0.302988416980952,
444,comp.sys.mac.hardware,comp.sys.mac.hardware,True,1.0,0.29147016699425876,
445,sci.space,sci.space,True,1.0,0.2551308340043761,
446,comp.graphics,comp.graphics,True,0.79,0.28611758298939094,
447,talk.politics.misc,talk.politics.misc,True,0.55,0.39029187499545515,
448,sci.crypt,talk.politics.misc,False,0.47,0.36403154098661616,
449,rec.autos,rec.autos,True,1.0,0.2461833329871297,
450,sci.electronics,sci.electronics,True,0.83,0.26271120901219547,
451,talk.religion.misc,soc.religion.christian,False,0.99,0.25837008300004527,
452,comp.os.ms-windows.misc,comp.os.ms-windows.misc,True,1.0,0.2674078750424087,
453,comp.graphics,comp.sys.ibm.pc.hardware,False,0.84,0.2992834590259008,
454,rec.sport.baseball,rec.sport.baseball,True,1.0,0.26031500002136454,
455,soc.religion.christian,soc.religion.christian,True,0.96,0.3295799579937011,
456,comp.sys.ibm.pc.hardware,comp.sys.ibm.pc.hardware,True,0.77,0.3365875000017695,
457,talk.religion.misc,talk.religion.misc,True,0.9,0.28744770801858976,
458,sci.crypt,talk.politics.misc,False,0.38,0.334439292026218,
459,rec.motorcycles,sci.med,False,0.28,0.2564876669785008,
460,soc.religion.christian,soc.religion.christian,True,1.0,0.23097674996824935,
461,sci.space,sci.space,True,0.99,0.24697166704572737,
462,sci.crypt,comp.os.ms-windows.misc,False,0.37,0.38139712502015755,
463,comp.windows.x,sci.electronics,False,0.16,0.2749356249696575,
464,talk.religion.misc,talk.religion.misc,True,0.82,0.2910582910408266,
465,talk.politics.guns,talk.politics.misc,False,0.57,0.2633332909899764,
466,alt.atheism,alt.atheism,True,0.67,0.25807737500872463,
467,rec.sport.baseball,rec.sport.baseball,True,1.0,0.2598850840004161,
468,sci.space,sci.space,True,0.95,0.28768125001806766,
469,talk.politics.mideast,talk.politics.mideast,True,0.85,0.24573270796099678,
470,alt.atheism,talk.religion.misc,False,0.64,0.2310127079836093,
471,talk.politics.misc,talk.politics.misc,True,1.0,0.3090757910395041,
472,rec.motorcycles,talk.politics.guns,False,0.66,0.2509777920204215,
473,misc.forsale,misc.forsale,True,0.91,0.2811753749847412,
474,soc.religion.christian,soc.religion.christian,True,0.77,0.28500162495765835,
475,sci.med,sci.med,True,0.99,0.25244429102167487,
476,sci.electronics,comp.sys.ibm.pc.hardware,False,0.91,0.3720730409841053,
477,sci.med,sci.med,True,1.0,0.33490829198854044,
478,rec.autos,rec.autos,True,1.0,0.2557532920036465,
479,rec.sport.baseball,rec.sport.baseball,True,1.0,0.3634120000060648,
480,sci.space,sci.space,True,1.0,0.318268416041974,
481,comp.os.ms-windows.misc,comp.os.ms-windows.misc,True,0.99,0.2472763750120066,
482,talk.politics.guns,talk.politics.misc,False,0.58,0.3558402089984156,
483,misc.forsale,misc.forsale,True,0.76,0.26273300003958866,
484,comp.graphics,comp.graphics,True,0.99,0.2685531669994816,
485,comp.windows.x,comp.windows.x,True,1.0,0.3596157919964753,
486,comp.os.ms-windows.misc,comp.os.ms-windows.misc,True,1.0,0.26857154100434855,
487,sci.electronics,sci.electronics,True,1.0,0.24602087499806657,
488,rec.sport.baseball,rec.sport.baseball,True,1.0,0.2563249170198105,
489,comp.sys.ibm.pc.hardware,comp.sys.ibm.pc.hardware,True,0.53,0.3221133750048466,
490,comp.sys.mac.hardware,comp.sys.ibm.pc.hardware,False,0.94,0.3468474169494584,
491,misc.forsale,misc.forsale,True,0.86,0.3087326670065522,
492,comp.os.ms-windows.misc,comp.sys.ibm.pc.hardware,False,0.73,0.25920004199724644,
493,rec.motorcycles,rec.autos,False,1.0,0.2735349999857135,
494,sci.med,alt.atheism,False,0.46,0.28942395804915577,
495,comp.sys.ibm.pc.hardware,comp.sys.ibm.pc.hardware,True,0.61,0.2922182499896735,
496,sci.med,sci.electronics,False,0.49,0.334755249961745,
497,talk.religion.misc,talk.religion.misc,True,0.94,0.23680350003996864,
498,soc.religion.christian,soc.religion.christian,True,0.96,0.25715487502748147,
499,rec.motorcycles,rec.motorcycles,True,0.97,0.2926634169998579,
500,rec.sport.baseball,rec.sport.baseball,True,1.0,0.29122470802394673,
501,talk.politics.misc,talk.politics.misc,True,0.53,0.4820954999886453,
502,rec.sport.baseball,comp.os.ms-windows.misc,False,0.33,0.24424591701244935,
503,talk.religion.misc,alt.atheism,False,0.97,0.24824033299228176,
504,talk.religion.misc,talk.politics.misc,False,0.42,0.359471834031865,
505,rec.motorcycles,rec.motorcycles,True,0.97,0.32086520903976634,
506,rec.autos,rec.autos,True,1.0,0.32298050000099465,
507,sci.space,sci.space,True,1.0,0.28794895799364895,
508,soc.religion.christian,talk.politics.misc,False,0.33,0.27022524998756126,
509,misc.forsale,misc.forsale,True,1.0,0.2553082079975866,
510,sci.space,sci.space,True,0.78,0.2831791670178063,
511,rec.sport.baseball,rec.sport.baseball,True,1.0,0.3624425840098411,
512,alt.atheism,alt.atheism,True,0.99,0.2619356249924749,
513,talk.politics.misc,sci.med,False,0.68,0.27413958398392424,
514,rec.sport.baseball,comp.os.ms-windows.misc,False,0.31,0.2873531249933876,
515,comp.os.ms-windows.misc,comp.os.ms-windows.misc,True,0.99,0.2321075419895351,
516,sci.electronics,misc.forsale,False,0.38,0.2983519170084037,
517,talk.politics.mideast,talk.politics.misc,False,0.92,0.24878758401609957,
518,rec.motorcycles,rec.motorcycles,True,0.7,0.248916459036991,
519,comp.windows.x,comp.windows.x,True,1.0,0.36441999999806285,
520,rec.sport.hockey,rec.sport.hockey,True,1.0,0.33000666700536385,
521,rec.sport.hockey,comp.os.ms-windows.misc,False,0.39,0.359079500020016,
522,talk.religion.misc,talk.politics.misc,False,0.26,0.3020415409700945,
523,comp.windows.x,comp.windows.x,True,1.0,0.2866710829548538,
524,rec.motorcycles,rec.motorcycles,True,0.57,0.3078267499804497,
525,talk.politics.guns,talk.politics.misc,False,0.91,0.3046474579605274,
526,talk.politics.mideast,misc.forsale,False,0.44,0.25398600002517924,
527,sci.space,sci.space,True,1.0,0.27981470798840746,
528,sci.med,sci.med,True,1.0,0.2837556669837795,
529,rec.sport.hockey,rec.sport.hockey,True,1.0,0.25856954202754423,
530,talk.religion.misc,soc.religion.christian,False,0.96,0.2675619159708731,
531,comp.graphics,comp.graphics,True,1.0,0.2561524999910034,
532,talk.politics.guns,talk.politics.misc,False,0.87,0.23490120796486735,
533,sci.med,sci.med,True,1.0,0.38651491701602936,
534,rec.autos,rec.autos,True,1.0,0.2534423340111971,
535,rec.sport.baseball,rec.sport.baseball,True,0.98,0.3204661249765195,
536,sci.crypt,talk.politics.guns,False,0.91,0.30092933401465416,
537,rec.sport.baseball,rec.sport.baseball,True,1.0,0.2575279999873601,
538,comp.sys.ibm.pc.hardware,comp.sys.ibm.pc.hardware,True,0.79,0.25850983295822516,
539,comp.sys.mac.hardware,comp.sys.mac.hardware,True,1.0,0.23785729199880734,
540,comp.windows.x,comp.windows.x,True,0.98,0.3296051250072196,
541,rec.sport.hockey,comp.os.ms-windows.misc,False,0.36,0.24105979199521244,
542,talk.politics.mideast,talk.politics.misc,False,0.67,0.31053920899285004,
543,comp.sys.ibm.pc.hardware,comp.sys.ibm.pc.hardware,True,0.99,0.23349037498701364,
544,sci.med,sci.med,True,1.0,0.24761329096509144,
545,comp.sys.ibm.pc.hardware,comp.sys.ibm.pc.hardware,True,0.72,0.2730832920060493,
546,talk.politics.mideast,talk.politics.mideast,True,1.0,0.3183268749853596,
547,sci.med,sci.med,True,1.0,0.2645490000140853,
548,talk.politics.guns,talk.politics.guns,True,1.0,0.316064374987036,
549,rec.motorcycles,rec.motorcycles,True,1.0,0.38727041700622067,
550,comp.sys.mac.hardware,comp.sys.mac.hardware,True,0.99,0.24449116695905104,
551,comp.sys.mac.hardware,sci.electronics,False,0.88,0.29574645799584687,
552,talk.politics.guns,talk.religion.misc,False,0.72,0.2500629579881206,
553,sci.crypt,sci.crypt,True,1.0,0.3131825409946032,
554,rec.sport.hockey,rec.sport.hockey,True,1.0,0.251006625010632,
555,sci.crypt,sci.crypt,True,1.0,0.2796952499775216,
556,comp.sys.mac.hardware,comp.sys.mac.hardware,True,1.0,0.2320809579687193,
557,alt.atheism,alt.atheism,True,0.64,0.33181095897452906,
558,rec.sport.hockey,rec.sport.hockey,True,0.97,0.25729087501531467,
559,soc.religion.christian,soc.religion.christian,True,0.78,0.26542883401270956,
560,rec.motorcycles,rec.motorcycles,True,1.0,0.3124908339814283,
561,alt.atheism,talk.religion.misc,False,0.88,0.2790846669813618,
562,sci.electronics,sci.electronics,True,0.95,0.3851221249788068,
563,sci.space,comp.os.ms-windows.misc,False,0.34,0.37012875004438683,
564,rec.sport.baseball,rec.sport.baseball,True,1.0,0.36151291598798707,
565,comp.sys.ibm.pc.hardware,comp.sys.ibm.pc.hardware,True,0.99,0.30914558400399983,
566,comp.graphics,comp.graphics,True,0.76,0.26885154098272324,
567,talk.politics.guns,talk.politics.guns,True,0.66,0.3090182080049999,
568,rec.autos,rec.autos,True,1.0,0.29827837500488386,
569,comp.graphics,comp.graphics,True,0.84,0.2504600000102073,
570,comp.graphics,comp.graphics,True,0.72,0.3138022909988649,
571,talk.politics.mideast,talk.politics.mideast,True,0.68,0.37794899998698384,
572,comp.sys.mac.hardware,comp.sys.ibm.pc.hardware,False,0.84,0.27755991695448756,
573,talk.politics.mideast,talk.politics.mideast,True,0.98,0.3799214170430787,
574,rec.motorcycles,rec.motorcycles,True,1.0,0.24087074998533353,
575,comp.sys.mac.hardware,comp.sys.mac.hardware,True,0.56,0.2500902920146473,
576,talk.religion.misc,alt.atheism,False,0.73,0.2618267080397345,
577,sci.space,sci.space,True,1.0,0.2703755830298178,
578,comp.os.ms-windows.misc,comp.os.ms-windows.misc,True,0.85,0.25077366700861603,
579,sci.electronics,sci.electronics,True,1.0,0.3105019580107182,
580,talk.politics.guns,talk.politics.misc,False,0.38,0.24692070798482746,
581,rec.sport.hockey,rec.sport.hockey,True,1.0,0.29070504201808944,
582,rec.sport.hockey,rec.sport.hockey,True,0.27,0.3678942090482451,
583,talk.politics.guns,talk.politics.misc,False,0.94,0.25107604096410796,
584,comp.windows.x,comp.windows.x,True,1.0,0.2667883330141194,
585,alt.atheism,alt.atheism,True,0.91,0.30558087496319786,
586,comp.graphics,comp.graphics,True,0.93,0.30201649997616187,
587,talk.politics.mideast,talk.politics.mideast,True,0.84,0.2615512079792097,
588,rec.sport.baseball,rec.sport.baseball,True,1.0,0.2625073330127634,
589,comp.sys.ibm.pc.hardware,comp.sys.ibm.pc.hardware,True,1.0,0.2722129580215551,
590,talk.politics.guns,talk.politics.guns,True,0.9,0.37278970796614885,
591,sci.crypt,talk.politics.misc,False,0.95,0.35621562495362014,
592,sci.med,sci.med,True,1.0,0.3280394999892451,
593,sci.crypt,sci.crypt,True,1.0,0.3352832499658689,
594,rec.sport.hockey,rec.sport.hockey,True,0.99,0.29633379203733057,
595,comp.graphics,comp.graphics,True,0.99,0.34442412498174235,
596,talk.politics.misc,talk.politics.misc,True,1.0,0.3705481250071898,
597,rec.sport.baseball,rec.sport.baseball,True,0.99,0.25886208296287805,
598,sci.space,sci.space,True,0.95,0.2696917499997653,
599,talk.politics.guns,talk.politics.guns,True,0.81,0.28990804200293496,
600,sci.space,talk.politics.misc,False,0.89,0.255990625009872,
601,rec.sport.hockey,rec.sport.hockey,True,1.0,0.2569531250046566,
602,rec.sport.hockey,rec.sport.hockey,True,1.0,0.2427287499886006,
603,talk.politics.mideast,talk.politics.misc,False,0.4,0.248504416027572,
604,sci.crypt,sci.crypt,True,0.99,0.2587694589747116,
605,comp.windows.x,comp.windows.x,True,0.96,0.2655805830145255,
606,sci.electronics,comp.os.ms-windows.misc,False,0.98,0.26135962503030896,
607,rec.sport.baseball,rec.sport.baseball,True,1.0,0.26854737498797476,
608,talk.politics.mideast,talk.politics.mideast,True,0.96,0.5240108339930885,
609,comp.windows.x,comp.windows.x,True,0.97,0.6092107089934871,
610,rec.sport.baseball,rec.sport.baseball,True,1.0,0.25488687498727813,
611,comp.windows.x,comp.os.ms-windows.misc,False,0.13,0.2809802920091897,
612,soc.religion.christian,soc.religion.christian,True,0.96,0.2917306669987738,
613,talk.politics.misc,talk.politics.guns,False,0.48,0.24092637497233227,
614,rec.sport.hockey,rec.sport.hockey,True,0.99,0.2797349999891594,
615,alt.atheism,alt.atheism,True,0.59,0.2956637919996865,
616,comp.os.ms-windows.misc,comp.os.ms-windows.misc,True,0.97,0.31691308302106336,
617,rec.autos,rec.autos,True,1.0,0.4072385830222629,
618,rec.autos,rec.autos,True,1.0,0.401884707971476,
619,rec.sport.baseball,rec.sport.baseball,True,0.79,0.39852029201574624,
620,rec.sport.baseball,comp.graphics,False,0.83,0.2379486249992624,
621,sci.space,sci.space,True,1.0,0.2651760829612613,
622,talk.politics.guns,misc.forsale,False,0.34,0.26517087494721636,
623,soc.religion.christian,soc.religion.christian,True,0.99,0.3006971249706112,
624,misc.forsale,comp.os.ms-windows.misc,False,0.34,0.2910772909526713,
625,talk.politics.mideast,talk.politics.mideast,True,0.65,0.2516848749946803,
626,rec.motorcycles,rec.motorcycles,True,0.99,0.2919797080103308,
627,sci.space,sci.space,True,1.0,0.30164879199583083,
628,comp.graphics,comp.graphics,True,1.0,0.26454225002089515,
629,talk.religion.misc,talk.politics.misc,False,0.24,0.3109906250028871,
630,comp.windows.x,comp.graphics,False,0.52,0.28009100002236664,
631,comp.os.ms-windows.misc,comp.sys.ibm.pc.hardware,False,1.0,0.22906308301026002,
632,comp.windows.x,comp.windows.x,True,1.0,0.26609941601054743,
633,rec.motorcycles,rec.motorcycles,True,0.99,0.2701805830001831,
634,misc.forsale,misc.forsale,True,1.0,0.2999306669807993,
635,soc.religion.christian,soc.religion.christian,True,0.99,0.3273274999810383,
636,sci.crypt,comp.os.ms-windows.misc,False,0.91,0.24374170799273998,
637,comp.windows.x,comp.windows.x,True,0.74,0.28613883297657594,
638,rec.sport.hockey,rec.sport.hockey,True,0.92,0.298863917007111,
639,talk.politics.mideast,talk.politics.mideast,True,0.9,0.31312425003852695,
640,sci.electronics,sci.electronics,True,0.98,0.3272062920150347,
641,rec.sport.baseball,rec.sport.baseball,True,1.0,0.2882553750532679,
642,rec.sport.baseball,rec.sport.baseball,True,1.0,0.2680502499570139,
643,rec.sport.hockey,rec.sport.hockey,True,1.0,0.24597729096421972,
644,comp.graphics,comp.graphics,True,0.98,0.271029333001934,
645,rec.autos,rec.autos,True,1.0,0.2830456250230782,
646,rec.motorcycles,rec.motorcycles,True,1.0,0.2463832920184359,
647,misc.forsale,talk.politics.misc,False,0.22,0.38892745901830494,
648,misc.forsale,misc.forsale,True,0.99,0.35403358296025544,
649,comp.graphics,comp.graphics,True,0.86,0.330597415973898,
650,soc.religion.christian,soc.religion.christian,True,0.96,0.352116041991394,
651,talk.politics.mideast,talk.politics.mideast,True,0.99,0.2664793340372853,
652,misc.forsale,misc.forsale,True,1.0,0.28510858298977837,
653,misc.forsale,misc.forsale,True,1.0,0.2506148330285214,
654,rec.sport.hockey,rec.sport.hockey,True,1.0,0.23717504099477082,
655,rec.autos,rec.autos,True,1.0,0.27394275000551715,
656,comp.os.ms-windows.misc,comp.graphics,False,0.49,0.3634413750260137,
657,comp.windows.x,comp.windows.x,True,1.0,0.3277283339994028,
658,comp.os.ms-windows.misc,comp.os.ms-windows.misc,True,0.62,0.25416975002735853,
659,soc.religion.christian,soc.religion.christian,True,0.92,0.3060541659942828,
660,comp.graphics,comp.graphics,True,1.0,0.2469625830417499,
661,rec.autos,rec.autos,True,1.0,0.24315245798788965,
662,rec.motorcycles,rec.motorcycles,True,1.0,0.2965164170018397,
663,comp.windows.x,comp.windows.x,True,1.0,0.2675173750030808,
664,rec.sport.hockey,rec.sport.hockey,True,0.99,0.2261506249778904,
665,alt.atheism,talk.religion.misc,False,0.58,0.26079529197886586,
666,rec.motorcycles,rec.motorcycles,True,0.92,0.2518961669993587,
667,rec.autos,rec.autos,True,1.0,0.2591748330160044,
668,rec.sport.hockey,rec.sport.hockey,True,1.0,0.3159014160046354,
669,sci.crypt,comp.os.ms-windows.misc,False,0.24,0.30076179100433365,
670,talk.politics.guns,talk.politics.misc,False,0.59,0.2855897090048529,
671,soc.religion.christian,soc.religion.christian,True,0.8,0.2836896249791607,
672,rec.sport.hockey,rec.sport.hockey,True,1.0,0.4171910840086639,
673,sci.med,sci.med,True,0.99,0.2973259999998845,
674,comp.windows.x,comp.windows.x,True,1.0,0.29925462504616007,
675,talk.politics.mideast,talk.politics.misc,False,0.93,0.2610999590251595,
676,sci.med,sci.med,True,0.98,0.2552256250055507,
677,sci.electronics,sci.crypt,False,0.35,0.3440052089863457,
678,talk.politics.misc,talk.politics.misc,True,0.99,0.3241715829935856,
679,comp.sys.ibm.pc.hardware,comp.sys.ibm.pc.hardware,True,0.98,0.2779063329799101,
680,rec.motorcycles,rec.autos,False,0.62,0.27931654202984646,
681,sci.space,sci.space,True,1.0,0.315760791010689,
682,comp.os.ms-windows.misc,comp.os.ms-windows.misc,True,1.0,0.28981379099423066,
683,rec.sport.baseball,rec.sport.baseball,True,1.0,0.2633369579561986,
684,comp.os.ms-windows.misc,comp.os.ms-windows.misc,True,0.97,0.2555727920262143,
685,comp.sys.mac.hardware,comp.os.ms-windows.misc,False,0.96,0.2862599160289392,
686,comp.sys.ibm.pc.hardware,comp.os.ms-windows.misc,False,0.64,0.2963273330242373,
687,sci.med,sci.electronics,False,0.17,0.3424781250068918,
688,comp.sys.ibm.pc.hardware,comp.sys.ibm.pc.hardware,True,0.99,0.2858449580380693,
689,comp.sys.ibm.pc.hardware,comp.sys.ibm.pc.hardware,True,0.51,1.4221004589926451,
690,comp.os.ms-windows.misc,comp.os.ms-windows.misc,True,1.0,0.2482945840456523,
691,sci.med,sci.med,True,1.0,0.2602726250188425,
692,talk.politics.misc,talk.politics.misc,True,0.8,0.2679529169690795,
693,sci.med,comp.os.ms-windows.misc,False,0.33,0.28196079103508964,
694,alt.atheism,talk.religion.misc,False,0.45,0.3386056669987738,
695,soc.religion.christian,soc.religion.christian,True,0.99,0.24072129203705117,
696,rec.sport.baseball,rec.sport.baseball,True,1.0,0.265800749999471,
697,sci.crypt,sci.crypt,True,0.44,0.3476583340088837,
698,talk.politics.guns,talk.politics.misc,False,0.52,0.2825259169912897,
699,talk.politics.guns,talk.politics.misc,False,0.98,0.3086577500216663,
700,comp.windows.x,comp.windows.x,True,1.0,0.2721659999806434,
701,comp.sys.ibm.pc.hardware,comp.os.ms-windows.misc,False,0.51,0.25964041700353846,
702,sci.space,sci.space,True,0.89,0.2579953749664128,
703,comp.windows.x,comp.windows.x,True,1.0,0.3814437499968335,
704,sci.electronics,sci.electronics,True,0.74,0.26171366701601073,
705,comp.windows.x,comp.windows.x,True,0.96,0.3583667919738218,
706,talk.religion.misc,alt.atheism,False,0.62,0.3319516669725999,
707,talk.politics.guns,talk.politics.misc,False,0.99,0.2871307909954339,
708,rec.sport.baseball,rec.sport.baseball,True,1.0,0.32499862503027543,
709,sci.electronics,sci.electronics,True,0.99,0.28219875000650063,
710,talk.religion.misc,alt.atheism,False,0.34,0.26652541698422283,
711,talk.religion.misc,soc.religion.christian,False,0.84,0.26584408298367634,
712,soc.religion.christian,soc.religion.christian,True,0.69,0.2463799999677576,
713,sci.med,sci.med,True,1.0,0.2947524579940364,
714,rec.sport.hockey,rec.sport.hockey,True,1.0,0.325945166987367,
715,sci.electronics,misc.forsale,False,0.78,0.3141301249852404,
716,soc.religion.christian,soc.religion.christian,True,0.99,0.24826766597107053,
717,sci.crypt,talk.politics.misc,False,0.61,0.28873966698301956,
718,comp.graphics,comp.graphics,True,1.0,0.32993837498361245,
719,comp.os.ms-windows.misc,comp.os.ms-windows.misc,True,0.3,0.2565995000186376,
720,sci.electronics,sci.med,False,0.83,0.4102480830042623,
721,sci.electronics,sci.electronics,True,1.0,0.27063883299706504,
722,talk.politics.misc,talk.politics.misc,True,0.8,0.2884289580397308,
723,rec.motorcycles,rec.motorcycles,True,0.92,0.2752199580427259,
724,rec.sport.baseball,rec.sport.baseball,True,0.65,0.263027333014179,
725,alt.atheism,talk.politics.misc,False,0.98,0.32819033303530887,
726,rec.autos,rec.autos,True,1.0,0.2897150830249302,
727,sci.electronics,sci.electronics,True,0.93,0.29002824996132404,
728,misc.forsale,misc.forsale,True,1.0,0.275491249980405,
729,comp.sys.mac.hardware,sci.electronics,False,0.43,0.25017816602485254,
730,sci.space,sci.space,True,1.0,0.2591852089972235,
731,sci.electronics,sci.electronics,True,1.0,0.33951929199974984,
732,rec.sport.hockey,rec.sport.hockey,True,0.98,0.48024033301044255,
733,misc.forsale,misc.forsale,True,0.99,0.30972454097354785,
734,rec.autos,rec.autos,True,1.0,0.2871124579687603,
735,comp.windows.x,comp.windows.x,True,0.46,0.33036112500121817,
736,rec.sport.hockey,rec.sport.hockey,True,1.0,0.33050079201348126,
737,sci.crypt,sci.crypt,True,0.69,0.32920220895903185,
738,rec.motorcycles,rec.motorcycles,True,0.97,0.3732446249923669,
739,comp.os.ms-windows.misc,comp.os.ms-windows.misc,True,1.0,0.26515220903092995,
740,comp.os.ms-windows.misc,comp.os.ms-windows.misc,True,1.0,0.2618591249920428,
741,comp.os.ms-windows.misc,comp.graphics,False,0.82,0.3190792910172604,
742,sci.space,sci.space,True,1.0,0.26970258401706815,
743,comp.sys.mac.hardware,comp.os.ms-windows.misc,False,0.77,0.2475136249559,
744,talk.politics.mideast,talk.politics.mideast,True,0.97,0.3760268340120092,
745,rec.autos,talk.politics.misc,False,0.31,0.23386500001652166,
746,talk.politics.mideast,talk.politics.mideast,True,1.0,0.26774508302332833,
747,sci.crypt,comp.sys.mac.hardware,False,0.7,0.25589541700901464,
748,comp.windows.x,comp.windows.x,True,1.0,0.28615841700229794,
749,rec.motorcycles,rec.motorcycles,True,0.84,0.2639003330259584,
750,rec.sport.hockey,rec.sport.hockey,True,1.0,0.4289926670026034,
751,sci.electronics,sci.electronics,True,0.97,0.26992049999535084,
752,soc.religion.christian,soc.religion.christian,True,0.79,0.306469917006325,
753,talk.politics.guns,talk.politics.misc,False,0.92,0.2718645000131801,
754,rec.sport.hockey,rec.sport.hockey,True,1.0,0.4112142079975456,
755,comp.sys.mac.hardware,comp.os.ms-windows.misc,False,0.38,0.28888187499251217,
756,rec.sport.hockey,rec.sport.hockey,True,1.0,0.25673279096372426,
757,rec.autos,rec.autos,True,1.0,0.38675616699038073,
758,comp.windows.x,comp.windows.x,True,1.0,0.25057358300546184,
759,soc.religion.christian,soc.religion.christian,True,0.93,0.24877687502885237,
760,comp.windows.x,comp.os.ms-windows.misc,False,0.25,0.3584336250205524,
761,rec.autos,rec.autos,True,0.97,0.3560183749650605,
762,rec.autos,rec.autos,True,1.0,0.2818802499677986,
763,talk.politics.mideast,talk.politics.mideast,True,0.62,0.3867251669871621,
764,comp.windows.x,comp.windows.x,True,0.67,0.29488050000509247,
765,rec.sport.hockey,rec.sport.hockey,True,0.98,0.2719211250077933,
766,sci.space,sci.space,True,1.0,0.30202458397252485,
767,rec.sport.hockey,rec.sport.hockey,True,1.0,0.25563987501664087,
768,comp.sys.mac.hardware,comp.sys.mac.hardware,True,1.0,0.25994449999416247,
769,rec.motorcycles,comp.graphics,False,0.12,0.2897117080283351,
770,talk.religion.misc,talk.religion.misc,True,0.34,0.2763203749782406,
771,soc.religion.christian,soc.religion.christian,True,0.94,0.2605207500164397,
772,rec.motorcycles,rec.sport.baseball,False,0.27,0.28657087503233925,
773,sci.med,sci.med,True,1.0,0.26681554201059043,
774,rec.autos,rec.autos,True,1.0,0.3168894579866901,
775,talk.politics.mideast,talk.politics.mideast,True,0.99,0.3109555420232937,
776,sci.space,sci.space,True,1.0,0.3237478340161033,
777,sci.space,sci.space,True,1.0,0.29782904201420024,
778,sci.electronics,sci.electronics,True,1.0,0.2857752090203576,
779,rec.sport.baseball,rec.sport.baseball,True,0.98,0.27954541600774974,
780,rec.sport.baseball,rec.sport.baseball,True,1.0,0.27616745803970844,
781,comp.os.ms-windows.misc,comp.os.ms-windows.misc,True,0.99,0.2507029169937596,
782,talk.politics.guns,talk.politics.misc,False,0.68,0.40168887499021366,
783,comp.sys.ibm.pc.hardware,comp.windows.x,False,0.98,0.2809833330102265,
784,sci.med,sci.med,True,1.0,0.2722269590012729,
785,comp.sys.mac.hardware,comp.sys.mac.hardware,True,0.69,0.2368278750218451,
786,comp.windows.x,comp.windows.x,True,1.0,0.36495066597126424,
787,comp.sys.mac.hardware,comp.sys.mac.hardware,True,1.0,0.2605057500186376,
788,talk.religion.misc,talk.politics.misc,False,0.5,0.34382020798511803,
789,sci.crypt,sci.crypt,True,1.0,0.26296858297428116,
790,talk.politics.misc,talk.politics.misc,True,1.0,0.3022540410165675,
791,comp.graphics,comp.windows.x,False,0.55,0.2599204999860376,
792,comp.sys.mac.hardware,comp.sys.ibm.pc.hardware,False,0.61,0.27971266699023545,
793,alt.atheism,alt.atheism,True,0.93,0.326221416995395,
794,comp.graphics,comp.graphics,True,0.61,0.2647269159788266,
795,rec.sport.baseball,rec.sport.baseball,True,1.0,0.2877921250183135,
796,rec.sport.baseball,rec.sport.baseball,True,1.0,0.3117164589930326,
797,comp.sys.mac.hardware,comp.sys.mac.hardware,True,1.0,0.3419675840414129,
798,comp.windows.x,comp.windows.x,True,0.95,0.31714274996193126,
799,soc.religion.christian,soc.religion.christian,True,0.67,0.2729327499982901,
800,rec.motorcycles,sci.med,False,0.91,0.2597092919750139,
801,comp.os.ms-windows.misc,comp.os.ms-windows.misc,True,0.99,0.45282225002301857,
802,comp.windows.x,comp.os.ms-windows.misc,False,0.52,0.3250833750353195,
803,comp.windows.x,comp.sys.ibm.pc.hardware,False,0.41,0.24645341600989923,
804,sci.med,sci.med,True,1.0,0.26710258302045986,
805,rec.sport.hockey,rec.sport.hockey,True,1.0,0.31675362499663606,
806,sci.crypt,sci.crypt,True,1.0,0.29272845800733194,
807,talk.politics.mideast,talk.politics.mideast,True,0.84,0.27071729104500264,
808,talk.politics.misc,talk.politics.guns,False,0.89,0.2859361249720678,
809,talk.politics.guns,talk.politics.misc,False,0.95,0.25257549999514595,
810,sci.space,sci.space,True,1.0,0.38323254097485915,
811,talk.politics.guns,talk.politics.misc,False,0.75,0.3586987080052495,
812,comp.os.ms-windows.misc,comp.graphics,False,0.98,0.36755554197588935,
813,comp.graphics,comp.graphics,True,0.99,0.36394795903470367,
814,sci.electronics,sci.electronics,True,1.0,0.35192320798523724,
815,talk.politics.guns,talk.politics.mideast,False,0.6,0.3321205420070328,
816,talk.religion.misc,soc.religion.christian,False,0.58,0.3223235420300625,
817,comp.os.ms-windows.misc,comp.os.ms-windows.misc,True,1.0,0.2742239169892855,
818,sci.electronics,sci.electronics,True,1.0,0.31679375004023314,
819,comp.os.ms-windows.misc,comp.sys.ibm.pc.hardware,False,0.65,0.32394358405144885,
820,sci.med,sci.med,True,0.54,0.2840908750076778,
821,alt.atheism,comp.os.ms-windows.misc,False,0.35,0.24343091598711908,
822,talk.politics.mideast,talk.politics.misc,False,0.5,0.30406941601540893,
823,misc.forsale,misc.forsale,True,0.51,0.32555608404800296,
824,soc.religion.christian,soc.religion.christian,True,0.72,0.25140495802043006,
825,sci.crypt,talk.politics.misc,False,0.99,0.230768250010442,
826,sci.crypt,sci.crypt,True,1.0,0.3216424999991432,
827,talk.politics.mideast,talk.politics.mideast,True,0.68,0.2900614170357585,
828,comp.sys.ibm.pc.hardware,comp.sys.ibm.pc.hardware,True,0.63,0.25069729099050164,
829,comp.sys.mac.hardware,sci.med,False,0.29,0.2542302910005674,
830,comp.os.ms-windows.misc,comp.os.ms-windows.misc,True,1.0,0.3425522909965366,
831,talk.politics.guns,talk.politics.guns,True,1.0,0.27013129205442965,
832,talk.religion.misc,talk.politics.misc,False,0.52,0.30313583300448954,
833,talk.politics.mideast,talk.politics.mideast,True,0.86,0.6870827079983428,
834,sci.electronics,sci.electronics,True,1.0,0.2732822920079343,
835,rec.sport.hockey,rec.sport.hockey,True,1.0,0.240894999995362,
836,comp.sys.mac.hardware,comp.os.ms-windows.misc,False,0.72,0.30079462501453236,
837,sci.space,talk.politics.misc,False,1.0,0.2877938750316389,
838,rec.motorcycles,talk.politics.misc,False,0.24,0.24825570901157334,
839,comp.graphics,comp.graphics,True,1.0,0.26296691701281816,
840,comp.sys.mac.hardware,comp.sys.mac.hardware,True,1.0,0.3905517499661073,
841,soc.religion.christian,soc.religion.christian,True,0.99,0.3598856250173412,
842,rec.sport.hockey,rec.sport.hockey,True,0.99,0.32886616699397564,
843,misc.forsale,misc.forsale,True,0.88,0.30442554102046415,
844,rec.sport.hockey,rec.sport.hockey,True,1.0,0.3018112500431016,
845,sci.med,talk.politics.misc,False,0.86,0.27316833299119025,
846,comp.sys.ibm.pc.hardware,comp.sys.ibm.pc.hardware,True,1.0,0.28106474998639897,
847,talk.politics.mideast,talk.politics.mideast,True,1.0,0.27241945796413347,
848,rec.sport.baseball,rec.sport.baseball,True,1.0,0.27171541698044166,
849,comp.sys.ibm.pc.hardware,comp.sys.ibm.pc.hardware,True,0.32,0.2737871250137687,
850,rec.sport.baseball,rec.sport.baseball,True,1.0,0.43337745894677937,
851,sci.electronics,sci.electronics,True,0.83,0.3304315829882398,
852,comp.sys.mac.hardware,comp.sys.mac.hardware,True,0.99,0.32352512498619035,
853,comp.graphics,comp.graphics,True,0.93,0.2522865000064485,
854,rec.sport.hockey,rec.sport.hockey,True,0.91,0.33231112494831905,
855,comp.sys.ibm.pc.hardware,comp.sys.ibm.pc.hardware,True,1.0,0.2777555419597775,
856,rec.autos,rec.autos,True,0.99,0.24823537503834814,
857,soc.religion.christian,soc.religion.christian,True,0.95,0.2602477500331588,
858,comp.windows.x,comp.windows.x,True,0.87,0.27974108303897083,
859,rec.sport.hockey,rec.sport.hockey,True,1.0,0.2976560840033926,
860,soc.religion.christian,soc.religion.christian,True,0.96,0.2774336250149645,
861,rec.sport.hockey,rec.sport.baseball,False,0.66,0.25091224996140227,
862,rec.sport.hockey,rec.sport.hockey,True,1.0,0.2623942500213161,
863,talk.religion.misc,talk.religion.misc,True,0.92,0.25840966700343415,
864,rec.motorcycles,rec.autos,False,0.99,0.25159308302681893,
865,talk.politics.misc,talk.politics.misc,True,1.0,0.4271893339464441,
866,sci.space,sci.crypt,False,0.68,0.36730283295037225,
867,talk.politics.guns,talk.religion.misc,False,0.85,0.354758832952939,
868,comp.windows.x,comp.windows.x,True,1.0,0.3383696669479832,
869,sci.space,sci.space,True,0.82,0.3240360000054352,
870,comp.windows.x,comp.os.ms-windows.misc,False,0.81,0.3368027079850435,
871,sci.med,sci.med,True,1.0,0.27060629200423136,
872,soc.religion.christian,soc.religion.christian,True,0.94,0.26595354202436283,
873,comp.windows.x,comp.windows.x,True,1.0,0.280589375004638,
874,comp.graphics,comp.os.ms-windows.misc,False,0.46,0.26692354201804847,
875,talk.politics.guns,talk.politics.guns,True,0.99,0.28063891700003296,
876,comp.sys.ibm.pc.hardware,comp.sys.ibm.pc.hardware,True,0.48,0.2557427089777775,
877,talk.politics.guns,talk.politics.guns,True,1.0,0.32577437500003725,
878,comp.os.ms-windows.misc,comp.os.ms-windows.misc,True,0.87,0.2774521250394173,
879,rec.sport.baseball,rec.sport.baseball,True,1.0,0.26429683301830664,
880,soc.religion.christian,soc.religion.christian,True,0.67,0.3306628749705851,
881,rec.motorcycles,rec.autos,False,0.7,0.2768565419828519,
882,talk.politics.mideast,talk.politics.misc,False,0.84,0.28546795796137303,
883,comp.graphics,comp.graphics,True,0.99,0.27145462500629947,
884,misc.forsale,misc.forsale,True,1.0,0.3012890000245534,
885,rec.sport.hockey,rec.sport.hockey,True,1.0,0.34244795801350847,
886,rec.motorcycles,rec.motorcycles,True,0.83,0.3076948330271989,
887,comp.os.ms-windows.misc,comp.os.ms-windows.misc,True,1.0,0.2496780839865096,
888,sci.space,sci.space,True,1.0,0.28155054204398766,
889,sci.electronics,comp.sys.ibm.pc.hardware,False,0.87,0.2603306660312228,
890,sci.space,sci.space,True,0.88,0.2583020419697277,
891,sci.space,talk.politics.misc,False,0.67,0.2418452079873532,
892,rec.sport.hockey,rec.sport.hockey,True,1.0,0.2870656250161119,
893,rec.sport.baseball,rec.sport.baseball,True,1.0,0.43570099998032674,
894,sci.crypt,sci.crypt,True,1.0,0.3006817090208642,
895,comp.sys.ibm.pc.hardware,comp.sys.ibm.pc.hardware,True,1.0,0.24983020895160735,
896,sci.crypt,sci.crypt,True,1.0,0.26017758302623406,
897,talk.politics.mideast,talk.politics.misc,False,0.98,0.2932533749844879,
898,rec.sport.baseball,rec.sport.baseball,True,1.0,0.27933337504509836,
899,talk.politics.guns,talk.politics.misc,False,0.81,0.3845181250362657,
900,comp.windows.x,comp.windows.x,True,1.0,0.31184254097752273,
901,sci.med,sci.med,True,0.99,0.3280631249654107,
902,sci.space,talk.religion.misc,False,0.57,0.39954054198460653,
903,rec.autos,rec.autos,True,1.0,0.3021977919852361,
904,talk.religion.misc,talk.religion.misc,True,0.52,0.3514945000060834,
905,talk.politics.mideast,talk.politics.mideast,True,1.0,0.268804999999702,
906,sci.space,comp.os.ms-windows.misc,False,0.32,0.2775403329869732,
907,rec.motorcycles,rec.motorcycles,True,0.97,0.25097470899345353,
908,comp.sys.ibm.pc.hardware,comp.sys.ibm.pc.hardware,True,0.86,0.26700324995908886,
909,comp.sys.mac.hardware,comp.sys.mac.hardware,True,0.97,0.2926616669865325,
910,rec.autos,rec.autos,True,1.0,0.2720578750013374,
911,sci.space,sci.space,True,0.98,0.2729077920084819,
912,comp.sys.mac.hardware,comp.sys.mac.hardware,True,1.0,0.26540920801926404,
913,comp.os.ms-windows.misc,comp.os.ms-windows.misc,True,0.95,0.2634371669846587,
914,rec.sport.baseball,rec.sport.baseball,True,1.0,0.26306941703660414,
915,rec.sport.hockey,rec.sport.hockey,True,1.0,0.28555962501559407,
916,rec.autos,rec.autos,True,1.0,0.25883858295856044,
917,comp.sys.mac.hardware,comp.sys.ibm.pc.hardware,False,0.89,0.31543025001883507,
918,talk.politics.mideast,talk.politics.misc,False,0.82,0.2964282920002006,
919,comp.windows.x,comp.windows.x,True,1.0,0.25020195898832753,
920,talk.religion.misc,talk.politics.guns,False,0.52,0.27404024999123067,
921,comp.graphics,comp.graphics,True,1.0,0.2906645830371417,
922,rec.sport.baseball,misc.forsale,False,0.49,0.27033512498019263,
923,talk.politics.misc,talk.politics.misc,True,0.78,0.38806458399631083,
924,sci.crypt,sci.crypt,True,1.0,0.3832043329603039,
925,comp.sys.mac.hardware,comp.os.ms-windows.misc,False,0.72,0.4310048749903217,
926,rec.motorcycles,rec.motorcycles,True,1.0,0.36122175003401935,
927,sci.electronics,sci.electronics,True,1.0,0.24428275000536814,
928,talk.religion.misc,sci.med,False,0.75,0.29114266694523394,
929,alt.atheism,sci.space,False,0.53,0.26853312499588355,
930,rec.sport.hockey,rec.sport.hockey,True,1.0,0.28758050000760704,
931,talk.politics.mideast,talk.politics.mideast,True,1.0,0.2735848749871366,
932,sci.crypt,sci.crypt,True,1.0,0.4749515830189921,
933,rec.autos,rec.autos,True,1.0,0.25692879199050367,
934,misc.forsale,misc.forsale,True,0.69,0.32439899997552857,
935,rec.sport.hockey,rec.sport.hockey,True,1.0,0.27216720796423033,
936,sci.crypt,talk.politics.misc,False,0.94,0.32698279101168737,
937,soc.religion.christian,soc.religion.christian,True,1.0,0.2897121250280179,
938,sci.med,sci.med,True,1.0,0.2602004579966888,
939,talk.politics.guns,talk.politics.misc,False,0.69,0.2720032910001464,
940,talk.politics.mideast,talk.politics.misc,False,0.97,0.2376471669995226,
941,comp.sys.mac.hardware,comp.sys.mac.hardware,True,1.0,0.2777814579894766,
942,comp.windows.x,comp.windows.x,True,1.0,0.25201625004410744,
943,rec.sport.hockey,rec.sport.hockey,True,1.0,0.26117999997222796,
944,talk.politics.mideast,talk.politics.mideast,True,0.91,0.23512366699287668,
945,talk.politics.mideast,talk.politics.misc,False,0.58,0.29431475000455976,
946,soc.religion.christian,soc.religion.christian,True,0.96,0.30418858298799023,
947,comp.sys.ibm.pc.hardware,comp.os.ms-windows.misc,False,0.25,0.3359886669786647,
948,comp.os.ms-windows.misc,talk.religion.misc,False,0.31,0.2503615829627961,
949,rec.motorcycles,rec.motorcycles,True,1.0,0.2867057499825023,
950,alt.atheism,alt.atheism,True,0.96,0.37971008400199935,
951,sci.med,sci.med,True,1.0,0.36522858403623104,
952,talk.politics.mideast,talk.politics.misc,False,0.39,0.3497749579837546,
953,comp.os.ms-windows.misc,comp.os.ms-windows.misc,True,0.81,0.34905670798616484,
954,comp.os.ms-windows.misc,comp.os.ms-windows.misc,True,1.0,0.34199154196539894,
955,rec.sport.hockey,rec.sport.hockey,True,1.0,0.2895972919650376,
956,sci.space,sci.space,True,1.0,0.2728674999671057,
957,soc.religion.christian,comp.os.ms-windows.misc,False,0.37,0.3566052920068614,
958,sci.med,sci.med,True,1.0,0.3241104589542374,
959,rec.autos,rec.autos,True,0.65,0.28159054199932143,
960,rec.sport.baseball,rec.sport.baseball,True,1.0,0.2907188329845667,
961,misc.forsale,misc.forsale,True,0.98,0.27722120902035385,
962,misc.forsale,misc.forsale,True,1.0,0.24460933299269527,
963,sci.electronics,sci.electronics,True,0.9,0.24347120797028765,
964,rec.motorcycles,talk.politics.misc,False,0.7,0.3769899579929188,
965,sci.crypt,sci.crypt,True,0.83,0.27625516697298735,
966,rec.autos,rec.autos,True,1.0,0.32385141600389034,
967,alt.atheism,talk.politics.misc,False,0.55,0.2920597500051372,
968,comp.windows.x,misc.forsale,False,0.69,0.26501616602763534,
969,sci.electronics,sci.electronics,True,1.0,0.3288111250149086,
970,rec.sport.baseball,rec.sport.baseball,True,1.0,0.2779466669890098,
971,rec.motorcycles,rec.motorcycles,True,1.0,0.27874791697831824,
972,sci.electronics,sci.electronics,True,1.0,0.28248545801034197,
973,alt.atheism,misc.forsale,False,0.36,0.27477687504142523,
974,comp.sys.mac.hardware,comp.sys.ibm.pc.hardware,False,0.91,0.2907730000442825,
975,rec.autos,rec.autos,True,0.96,0.2658482500119135,
976,comp.sys.mac.hardware,comp.sys.ibm.pc.hardware,False,0.97,0.28481595899211243,
977,misc.forsale,misc.forsale,True,1.0,0.3034093329915777,
978,sci.crypt,sci.crypt,True,0.99,0.24947116704424843,
979,comp.windows.x,comp.windows.x,True,1.0,0.30035908304853365,
980,talk.politics.guns,talk.politics.misc,False,0.77,0.25834779103752226,
981,talk.religion.misc,talk.politics.misc,False,0.45,0.35359300003619865,
982,alt.atheism,alt.atheism,True,1.0,0.33130283298669383,
983,rec.sport.hockey,rec.sport.hockey,True,1.0,0.30803579196799546,
984,soc.religion.christian,soc.religion.christian,True,0.58,0.40671216702321544,
985,comp.sys.ibm.pc.hardware,comp.sys.ibm.pc.hardware,True,0.58,0.23565037501975894,
986,talk.politics.mideast,talk.politics.misc,False,0.9,0.3429073339793831,
987,talk.religion.misc,talk.religion.misc,True,0.49,0.30055883299792185,
988,comp.sys.mac.hardware,comp.sys.mac.hardware,True,1.0,0.277711917005945,
989,soc.religion.christian,soc.religion.christian,True,0.98,0.3147314169909805,
990,comp.sys.mac.hardware,comp.sys.mac.hardware,True,0.96,0.2968198750168085,
991,misc.forsale,misc.forsale,True,1.0,0.23874141700798646,
992,comp.os.ms-windows.misc,comp.graphics,False,0.85,0.2512036669650115,
993,soc.religion.christian,talk.religion.misc,False,0.51,0.2968967500491999,
994,alt.atheism,alt.atheism,True,1.0,0.29058741696644574,
995,rec.motorcycles,rec.motorcycles,True,1.0,0.26970829197671264,
996,sci.med,sci.med,True,1.0,0.4145379589754157,
997,rec.sport.baseball,rec.sport.baseball,True,1.0,0.30405183299444616,
998,talk.politics.misc,talk.politics.misc,True,0.99,0.25256362499203533,
999,rec.autos,rec.autos,True,0.35,0.29098441696260124,
1000,rec.sport.baseball,rec.sport.baseball,True,1.0,0.34204279200639576,
1001,talk.politics.guns,talk.politics.guns,True,0.52,0.3185980840353295,
1002,talk.politics.misc,talk.politics.misc,True,0.62,0.27213724999455735,
1003,comp.graphics,comp.graphics,True,1.0,0.2980831669992767,
1004,comp.windows.x,comp.os.ms-windows.misc,False,0.17,0.27407745795790106,
1005,misc.forsale,misc.forsale,True,1.0,0.28590695798629895,
1006,sci.crypt,sci.crypt,True,1.0,0.40833637496689335,
1007,soc.religion.christian,soc.religion.christian,True,0.99,0.4027012909646146,
1008,comp.graphics,comp.sys.ibm.pc.hardware,False,0.86,0.2666434580460191,
1009,rec.sport.hockey,rec.sport.hockey,True,1.0,0.3735585830290802,
1010,talk.religion.misc,talk.religion.misc,True,1.0,0.36432441702345386,
1011,sci.space,sci.space,True,0.99,0.37099454103736207,
1012,soc.religion.christian,soc.religion.christian,True,0.75,0.2518182499916293,
1013,comp.os.ms-windows.misc,comp.sys.ibm.pc.hardware,False,0.91,0.3149940419825725,
1014,rec.sport.baseball,rec.sport.baseball,True,0.97,0.3287227090331726,
1015,rec.sport.hockey,talk.politics.guns,False,0.59,0.2608903329819441,
1016,soc.religion.christian,soc.religion.christian,True,0.99,0.25370245799422264,
1017,rec.motorcycles,rec.motorcycles,True,1.0,0.314381834003143,
1018,rec.sport.hockey,rec.sport.hockey,True,1.0,0.3553194590494968,
1019,comp.windows.x,comp.windows.x,True,0.97,0.2883844160242006,
1020,talk.religion.misc,soc.religion.christian,False,0.94,0.3241452499642037,
1021,sci.space,sci.space,True,0.99,0.28092041600029916,
1022,comp.sys.ibm.pc.hardware,comp.sys.ibm.pc.hardware,True,0.98,0.25073633302235976,
1023,comp.sys.mac.hardware,comp.sys.mac.hardware,True,1.0,0.34579279099125415,
1024,rec.sport.hockey,rec.sport.hockey,True,1.0,0.3280659160227515,
1025,rec.sport.baseball,rec.sport.baseball,True,1.0,0.3066662499913946,
1026,comp.sys.ibm.pc.hardware,sci.electronics,False,0.47,0.3260614169994369,
1027,comp.graphics,comp.graphics,True,1.0,0.28967662499053404,
1028,talk.politics.guns,talk.politics.guns,True,0.8,0.3609644169919193,
1029,rec.motorcycles,rec.motorcycles,True,1.0,0.24761391698848456,
1030,comp.graphics,comp.graphics,True,1.0,0.27260745799867436,
1031,comp.windows.x,comp.windows.x,True,0.91,0.2944755000062287,
1032,comp.graphics,comp.graphics,True,0.96,0.4015440000221133,
1033,rec.motorcycles,rec.motorcycles,True,1.0,0.25734495802316815,
1034,sci.space,sci.space,True,1.0,0.3680898330057971,
1035,rec.sport.hockey,rec.sport.hockey,True,1.0,0.2621279580052942,
1036,alt.atheism,alt.atheism,True,1.0,0.36322204099269584,
1037,sci.space,sci.space,True,0.99,0.32440833403961733,
1038,soc.religion.christian,soc.religion.christian,True,0.99,0.30102445802185684,
1039,soc.religion.christian,alt.atheism,False,0.69,0.33580733300186694,
1040,alt.atheism,talk.religion.misc,False,0.99,0.3181308750063181,
1041,rec.motorcycles,rec.motorcycles,True,0.97,0.2541665830067359,
1042,talk.religion.misc,talk.politics.guns,False,0.77,0.29614083300111815,
1043,sci.med,sci.med,True,1.0,0.3430068329907954,
1044,sci.crypt,sci.crypt,True,1.0,0.3027864589821547,
1045,comp.sys.mac.hardware,comp.sys.mac.hardware,True,1.0,0.2804181670071557,
1046,comp.windows.x,comp.windows.x,True,1.0,0.2856128340354189,
1047,sci.med,sci.med,True,1.0,0.35016395803540945,
1048,rec.sport.hockey,rec.sport.hockey,True,1.0,0.32096366595942527,
1049,sci.space,sci.space,True,0.93,0.271193458000198,
1050,talk.politics.guns,sci.crypt,False,0.77,0.2924927080166526,
1051,soc.religion.christian,soc.religion.christian,True,0.93,0.26997854199726135,
1052,sci.electronics,sci.electronics,True,0.85,0.38526758301304653,
1053,sci.space,sci.space,True,1.0,0.2443290000082925,
1054,alt.atheism,talk.religion.misc,False,0.71,0.26111341698560864,
1055,rec.autos,rec.autos,True,1.0,0.2914406660129316,
1056,talk.politics.misc,talk.politics.misc,True,0.74,0.28537295799469575,
1057,sci.crypt,talk.politics.misc,False,0.63,0.3262873329804279,
1058,comp.os.ms-windows.misc,comp.os.ms-windows.misc,True,1.0,0.28187020804034546,
1059,sci.crypt,sci.crypt,True,0.95,0.2679177499958314,
1060,rec.sport.baseball,rec.sport.baseball,True,1.0,0.29843074997188523,
1061,rec.autos,rec.autos,True,1.0,0.2549606249667704,
1062,talk.religion.misc,soc.religion.christian,False,0.53,0.365481833985541,
1063,talk.religion.misc,alt.atheism,False,0.81,0.35336758400080726,
1064,talk.religion.misc,talk.religion.misc,True,0.77,0.3272479589795694,
1065,soc.religion.christian,soc.religion.christian,True,0.97,0.3588563340017572,
1066,comp.graphics,comp.graphics,True,1.0,0.27872274996479973,
1067,comp.sys.ibm.pc.hardware,comp.sys.ibm.pc.hardware,True,0.94,0.3260763330035843,
1068,misc.forsale,misc.forsale,True,0.99,0.30268270801752806,
1069,rec.motorcycles,rec.motorcycles,True,1.0,0.29514850000850856,
1070,rec.motorcycles,rec.autos,False,0.66,0.26417350000701845,
1071,sci.med,comp.os.ms-windows.misc,False,0.38,0.24435383296804503,
1072,talk.religion.misc,talk.politics.misc,False,0.67,0.24892766698030755,
1073,comp.graphics,comp.graphics,True,0.67,0.2773897089646198,
1074,talk.politics.misc,sci.med,False,0.98,0.31856949999928474,
1075,comp.graphics,comp.graphics,True,0.73,0.2749757500132546,
1076,sci.med,sci.med,True,0.97,0.25000512500992045,
1077,talk.politics.misc,talk.politics.guns,False,0.76,0.28180229099234566,
1078,sci.space,comp.os.ms-windows.misc,False,0.3,0.296884624985978,
1079,talk.politics.misc,talk.politics.misc,True,1.0,0.29622541600838304,
1080,rec.motorcycles,rec.motorcycles,True,0.77,0.3503168330062181,
1081,rec.autos,rec.autos,True,1.0,0.25635254103690386,
1082,rec.autos,rec.autos,True,1.0,0.3247984999907203,
1083,alt.atheism,comp.os.ms-windows.misc,False,0.44,0.2654173329938203,
1084,talk.politics.mideast,talk.politics.mideast,True,0.96,0.28328391700051725,
1085,rec.motorcycles,rec.motorcycles,True,0.71,0.29628879204392433,
1086,comp.sys.mac.hardware,comp.sys.mac.hardware,True,1.0,0.32462758297333494,
1087,comp.sys.ibm.pc.hardware,comp.sys.ibm.pc.hardware,True,0.98,0.2902312080259435,
1088,comp.graphics,comp.windows.x,False,1.0,0.25541670800885186,
1089,alt.atheism,talk.politics.misc,False,0.93,0.26128462504129857,
1090,misc.forsale,misc.forsale,True,0.98,0.38077362498734146,
1091,talk.politics.mideast,talk.religion.misc,False,0.61,0.36573166598100215,
1092,comp.graphics,comp.sys.mac.hardware,False,0.48,0.34169966698391363,
1093,rec.sport.hockey,rec.sport.hockey,True,1.0,0.3358155000023544,
1094,talk.politics.guns,talk.politics.guns,True,0.83,0.2703372079995461,
1095,misc.forsale,misc.forsale,True,1.0,0.29978341702371836,
1096,rec.sport.baseball,rec.sport.baseball,True,1.0,0.3038842080277391,
1097,talk.politics.mideast,talk.politics.misc,False,0.34,0.2530186250223778,
1098,comp.os.ms-windows.misc,comp.os.ms-windows.misc,True,0.97,0.37671787495492026,
1099,comp.windows.x,comp.windows.x,True,1.0,0.3010579169495031,
1100,soc.religion.christian,soc.religion.christian,True,1.0,0.2969061659532599,
1101,sci.electronics,sci.electronics,True,1.0,0.5045190000091679,
1102,rec.autos,rec.autos,True,1.0,0.2538599169929512,
1103,comp.sys.ibm.pc.hardware,comp.sys.ibm.pc.hardware,True,1.0,0.2886525000212714,
1104,comp.windows.x,comp.windows.x,True,0.98,0.2974202079931274,
1105,comp.windows.x,comp.windows.x,True,1.0,0.2911161659867503,
1106,sci.med,sci.med,True,1.0,0.29919591697398573,
1107,comp.sys.ibm.pc.hardware,comp.sys.ibm.pc.hardware,True,1.0,0.27293295902200043,
1108,comp.graphics,comp.windows.x,False,0.92,0.2630092080216855,
1109,comp.os.ms-windows.misc,comp.os.ms-windows.misc,True,0.99,0.28063541697338223,
1110,sci.crypt,sci.crypt,True,1.0,0.2649196669808589,
1111,soc.religion.christian,soc.religion.christian,True,0.57,0.2373568750335835,
1112,sci.space,sci.space,True,1.0,0.2753160839783959,
1113,talk.politics.guns,talk.politics.misc,False,0.6,0.24548966699512675,
1114,sci.space,sci.space,True,1.0,0.42052204097853974,
1115,sci.med,talk.politics.misc,False,0.99,0.2812834590440616,
1116,soc.religion.christian,soc.religion.christian,True,0.94,0.386626333987806,
1117,talk.politics.guns,talk.politics.misc,False,0.92,0.2451909160008654,
1118,sci.electronics,sci.electronics,True,0.99,0.3513575420365669,
1119,sci.med,sci.med,True,0.91,0.3446835420327261,
1120,sci.med,sci.med,True,1.0,0.3336691669537686,
1121,talk.politics.guns,talk.politics.misc,False,0.58,0.27489825000520796,
1122,comp.sys.ibm.pc.hardware,comp.sys.ibm.pc.hardware,True,0.93,0.3506495420006104,
1123,soc.religion.christian,soc.religion.christian,True,0.8,0.3057786250137724,
1124,comp.graphics,comp.graphics,True,0.77,0.28599687496898696,
1125,sci.med,sci.med,True,1.0,0.2527473330264911,
1126,sci.med,sci.med,True,1.0,0.23862204101169482,
1127,sci.med,sci.med,True,1.0,0.32445570797426626,
1128,rec.autos,rec.autos,True,1.0,0.3358727910090238,
1129,comp.windows.x,comp.windows.x,True,0.94,0.25503562501398847,
1130,comp.graphics,comp.graphics,True,0.94,0.2527882920112461,
1131,comp.windows.x,comp.graphics,False,0.91,0.275300708017312,
1132,rec.sport.baseball,rec.sport.baseball,True,1.0,0.25139583298005164,
1133,talk.religion.misc,talk.religion.misc,True,0.64,0.30224537500180304,
1134,comp.windows.x,comp.os.ms-windows.misc,False,0.78,0.24350208399118856,
1135,comp.sys.mac.hardware,misc.forsale,False,0.66,0.2537231669994071,
1136,misc.forsale,misc.forsale,True,0.55,0.29469895805232227,
1137,rec.sport.baseball,rec.sport.baseball,True,0.78,0.3324491250095889,
1138,comp.graphics,comp.graphics,True,0.98,0.27446408302057534,
1139,sci.electronics,sci.electronics,True,1.0,0.24761970899999142,
1140,misc.forsale,misc.forsale,True,0.91,0.2915124580031261,
1141,rec.sport.hockey,rec.sport.hockey,True,1.0,0.2507219999679364,
1142,rec.autos,rec.autos,True,0.92,0.28373991703847423,
1143,sci.electronics,comp.os.ms-windows.misc,False,0.94,0.25385633297264576,
1144,sci.crypt,sci.crypt,True,0.94,0.29101620794972405,
1145,sci.electronics,sci.electronics,True,0.65,0.39339520799694583,
1146,comp.graphics,comp.graphics,True,1.0,0.3670949999941513,
1147,sci.med,sci.med,True,1.0,0.3645740000065416,
1148,sci.electronics,sci.electronics,True,0.94,0.2884582920232788,
1149,alt.atheism,alt.atheism,True,0.99,0.2775446659652516,
1150,sci.space,talk.politics.misc,False,0.84,0.2722303749760613,
1151,sci.space,sci.space,True,0.98,0.27919949998613447,
1152,comp.sys.ibm.pc.hardware,comp.sys.ibm.pc.hardware,True,0.99,0.3478839169838466,
1153,sci.crypt,talk.politics.misc,False,0.72,0.3917822919902392,
1154,sci.electronics,sci.electronics,True,0.99,0.28507383400574327,
1155,comp.sys.ibm.pc.hardware,comp.sys.ibm.pc.hardware,True,0.99,0.2546989999827929,
1156,sci.crypt,talk.politics.misc,False,0.37,0.2909614579984918,
1157,sci.space,talk.politics.misc,False,0.98,0.422012333991006,
1158,rec.sport.hockey,rec.sport.hockey,True,1.0,0.3222901659901254,
1159,rec.autos,rec.autos,True,1.0,0.25979104096768424,
1160,sci.med,sci.med,True,0.98,0.31820766697637737,
1161,sci.crypt,sci.crypt,True,1.0,0.2571308750193566,
1162,talk.politics.guns,misc.forsale,False,0.28,0.6806445000111125,
1163,rec.sport.baseball,rec.sport.baseball,True,1.0,0.25273391703376547,
1164,rec.sport.baseball,rec.sport.baseball,True,1.0,0.29567879100795835,
1165,sci.med,sci.med,True,1.0,0.3023209160310216,
1166,comp.graphics,comp.graphics,True,1.0,0.33757200004765764,
1167,sci.crypt,talk.politics.misc,False,0.49,0.26121941703604534,
1168,talk.religion.misc,talk.religion.misc,True,0.87,0.2580525830271654,
1169,comp.graphics,comp.graphics,True,1.0,0.33736116596264765,
1170,sci.med,talk.politics.misc,False,0.63,0.4261271249852143,
1171,misc.forsale,misc.forsale,True,0.9,0.2791369580081664,
1172,sci.crypt,sci.crypt,True,1.0,0.26775112497853115,
1173,comp.os.ms-windows.misc,comp.os.ms-windows.misc,True,1.0,0.3741900409804657,
1174,talk.politics.misc,talk.religion.misc,False,0.75,0.35799087496707216,
1175,talk.politics.mideast,talk.politics.mideast,True,0.85,0.3199821659945883,
1176,comp.sys.ibm.pc.hardware,comp.sys.ibm.pc.hardware,True,1.0,0.3692513330024667,
1177,rec.sport.hockey,rec.sport.hockey,True,1.0,0.32356058299774304,
1178,talk.politics.mideast,talk.religion.misc,False,0.84,0.26955758297117427,
1179,misc.forsale,comp.sys.ibm.pc.hardware,False,1.0,0.31203550001373515,
1180,misc.forsale,comp.os.ms-windows.misc,False,0.36,0.2858314579934813,
1181,talk.politics.guns,talk.religion.misc,False,0.46,0.3803190829930827,
1182,misc.forsale,comp.os.ms-windows.misc,False,0.92,0.28903912496753037,
1183,sci.electronics,misc.forsale,False,0.96,0.24692920898087323,
1184,comp.sys.ibm.pc.hardware,comp.sys.ibm.pc.hardware,True,0.98,0.22913016699021682,
1185,comp.graphics,comp.graphics,True,0.62,0.25989012501668185,
1186,comp.graphics,comp.sys.ibm.pc.hardware,False,0.88,0.4494886660249904,
1187,comp.graphics,comp.graphics,True,1.0,0.31027479097247124,
1188,talk.politics.guns,talk.religion.misc,False,0.57,0.27523754199501127,
1189,comp.graphics,comp.graphics,True,1.0,0.2707415000186302,
1190,comp.graphics,comp.sys.ibm.pc.hardware,False,0.89,0.30774816701887175,
1191,talk.politics.mideast,talk.politics.mideast,True,1.0,0.255265416984912,
1192,comp.graphics,comp.graphics,True,1.0,0.23095579101936892,
1193,sci.med,sci.med,True,1.0,0.27160550002008677,
1194,comp.windows.x,comp.windows.x,True,1.0,0.3078957090037875,
1195,misc.forsale,misc.forsale,True,1.0,0.47056887502549216,
1196,sci.crypt,sci.electronics,False,1.0,0.2733897920115851,
1197,comp.graphics,comp.graphics,True,1.0,0.2809982090257108,
1198,sci.space,sci.space,True,1.0,0.33381079201353714,
1199,talk.politics.misc,talk.politics.guns,False,0.55,0.40444095799466595,
1200,comp.sys.ibm.pc.hardware,comp.sys.ibm.pc.hardware,True,0.92,0.37010420800652355,
1201,rec.motorcycles,rec.motorcycles,True,0.28,0.3646179169882089,
1202,comp.os.ms-windows.misc,comp.os.ms-windows.misc,True,0.72,0.2680733749875799,
1203,alt.atheism,talk.religion.misc,False,0.62,0.27533433301141486,
1204,comp.graphics,comp.sys.ibm.pc.hardware,False,0.95,0.31072804203722626,
1205,talk.religion.misc,talk.politics.misc,False,0.65,0.29482987499795854,
1206,soc.religion.christian,comp.os.ms-windows.misc,False,0.37,0.2653609580011107,
1207,talk.religion.misc,talk.religion.misc,True,1.0,0.3638238339917734,
1208,soc.religion.christian,soc.religion.christian,True,0.98,0.27414049999788404,
1209,rec.autos,rec.autos,True,0.99,0.34292891598306596,
1210,rec.autos,rec.autos,True,1.0,0.2986232499824837,
1211,sci.crypt,sci.crypt,True,0.4,0.33442500000819564,
1212,sci.electronics,sci.crypt,False,0.9,0.27362945798086,
1213,comp.sys.ibm.pc.hardware,comp.sys.ibm.pc.hardware,True,0.99,0.2782037080032751,
1214,comp.sys.mac.hardware,comp.sys.mac.hardware,True,1.0,0.3144846670329571,
1215,sci.crypt,talk.politics.misc,False,0.84,0.29901874996721745,
1216,rec.sport.hockey,rec.sport.hockey,True,1.0,0.27391491702292114,
1217,sci.electronics,sci.electronics,True,0.54,0.2663065830129199,
1218,talk.religion.misc,soc.religion.christian,False,0.87,0.23864991596201435,
1219,comp.graphics,comp.graphics,True,1.0,0.28574512497289106,
1220,rec.sport.hockey,rec.sport.hockey,True,1.0,0.29190499999094754,
1221,comp.os.ms-windows.misc,comp.os.ms-windows.misc,True,0.55,0.2437339160242118,
1222,rec.sport.hockey,rec.sport.hockey,True,1.0,0.2771637919940986,
1223,soc.religion.christian,soc.religion.christian,True,0.9,0.25468879204709083,
1224,sci.space,sci.space,True,0.55,0.24806487502064556,
1225,talk.religion.misc,talk.religion.misc,True,0.89,0.2459577500121668,
1226,rec.sport.baseball,rec.sport.hockey,False,0.63,0.2677068340126425,
1227,comp.sys.ibm.pc.hardware,comp.sys.ibm.pc.hardware,True,1.0,0.37324708403320983,
1228,rec.sport.baseball,rec.sport.baseball,True,1.0,0.3496768329641782,
1229,talk.politics.mideast,talk.politics.misc,False,0.74,0.3468967080116272,
1230,sci.med,sci.med,True,0.98,0.27214487496530637,
1231,rec.sport.baseball,rec.sport.baseball,True,1.0,0.27801350003574044,
1232,rec.motorcycles,rec.motorcycles,True,1.0,0.2845654580160044,
1233,misc.forsale,misc.forsale,True,1.0,0.29031362500973046,
1234,talk.politics.mideast,talk.politics.mideast,True,0.96,0.265539042011369,
1235,talk.religion.misc,soc.religion.christian,False,0.5,0.31342208303976804,
1236,comp.sys.ibm.pc.hardware,comp.sys.ibm.pc.hardware,True,1.0,0.3233425840153359,
1237,rec.motorcycles,rec.motorcycles,True,0.58,0.2789581660181284,
1238,misc.forsale,sci.electronics,False,0.5,0.2891209999797866,
1239,comp.os.ms-windows.misc,comp.sys.ibm.pc.hardware,False,0.57,0.29884779202984646,
1240,comp.sys.mac.hardware,comp.sys.mac.hardware,True,0.99,0.24813512503169477,
1241,soc.religion.christian,soc.religion.christian,True,0.99,0.3771560409804806,
1242,comp.graphics,comp.graphics,True,0.99,0.2631026660092175,
1243,misc.forsale,misc.forsale,True,0.99,0.284934124967549,
1244,comp.windows.x,comp.windows.x,True,1.0,0.27098262502113357,
1245,rec.sport.baseball,rec.sport.hockey,False,0.77,0.26093925000168383,
1246,talk.politics.misc,talk.politics.misc,True,0.49,0.2506452920497395,
1247,talk.politics.mideast,talk.politics.misc,False,0.96,0.293531916977372,
1248,comp.sys.ibm.pc.hardware,comp.sys.ibm.pc.hardware,True,0.63,0.30342341697541997,
1249,comp.sys.ibm.pc.hardware,comp.sys.ibm.pc.hardware,True,0.94,0.23993762501049787,
1250,comp.sys.ibm.pc.hardware,comp.sys.ibm.pc.hardware,True,0.95,0.26841474999673665,
1251,soc.religion.christian,soc.religion.christian,True,0.95,0.2436685830471106,
1252,rec.autos,talk.religion.misc,False,0.39,0.2631886670133099,
1253,soc.religion.christian,soc.religion.christian,True,0.97,0.2919380419771187,
1254,comp.sys.ibm.pc.hardware,comp.sys.ibm.pc.hardware,True,0.97,0.4218037080136128,
1255,comp.windows.x,comp.windows.x,True,1.0,0.2528934589936398,
1256,soc.religion.christian,soc.religion.christian,True,0.95,0.3024978750036098,
1257,misc.forsale,misc.forsale,True,1.0,0.2737840830232017,
1258,comp.sys.ibm.pc.hardware,comp.sys.ibm.pc.hardware,True,0.99,0.2993535419809632,
1259,sci.crypt,talk.politics.misc,False,0.43,0.27211808401625603,
1260,misc.forsale,misc.forsale,True,0.62,0.26413108297856525,
1261,comp.windows.x,comp.windows.x,True,1.0,0.3511724580312148,
1262,talk.politics.mideast,talk.politics.mideast,True,0.86,0.34984654100844637,
1263,misc.forsale,misc.forsale,True,1.0,0.30718100001104176,
1264,sci.electronics,sci.electronics,True,0.62,0.23178191704209894,
1265,comp.windows.x,comp.windows.x,True,1.0,0.2745119580067694,
1266,comp.sys.mac.hardware,comp.os.ms-windows.misc,False,0.65,0.2601639170316048,
1267,sci.electronics,comp.os.ms-windows.misc,False,0.93,0.2599493750021793,
1268,talk.religion.misc,talk.religion.misc,True,0.91,0.31775295798433945,
1269,soc.religion.christian,soc.religion.christian,True,0.99,0.28010833397274837,
1270,rec.motorcycles,rec.motorcycles,True,1.0,0.26460308296373114,
1271,comp.windows.x,comp.windows.x,True,1.0,0.2703122920356691,
1272,comp.graphics,comp.graphics,True,1.0,0.2596488330163993,
1273,comp.graphics,comp.graphics,True,0.77,0.27920983295189217,
1274,comp.os.ms-windows.misc,comp.graphics,False,0.84,0.361057540983893,
1275,sci.crypt,sci.crypt,True,1.0,0.2937251250259578,
1276,comp.graphics,comp.graphics,True,1.0,0.25643733399920166,
1277,rec.sport.baseball,rec.sport.baseball,True,1.0,0.26938129198970273,
1278,talk.politics.mideast,talk.politics.mideast,True,1.0,0.345447083003819,
1279,comp.sys.mac.hardware,comp.sys.mac.hardware,True,1.0,0.24844383302843198,
1280,talk.religion.misc,talk.politics.guns,False,0.96,0.2946393750025891,
1281,sci.med,sci.med,True,1.0,0.29189333401154727,
1282,alt.atheism,alt.atheism,True,0.95,0.30154645803850144,
1283,soc.religion.christian,soc.religion.christian,True,0.89,0.2659085830091499,
1284,comp.sys.mac.hardware,misc.forsale,False,0.88,0.4023725829902105,
1285,comp.graphics,comp.graphics,True,0.76,0.2738556250114925,
1286,talk.politics.guns,talk.politics.misc,False,0.5,0.25155620800796896,
1287,sci.electronics,sci.electronics,True,1.0,0.35905412497231737,
1288,rec.sport.baseball,rec.sport.baseball,True,1.0,0.25475970801198855,
1289,soc.religion.christian,alt.atheism,False,0.63,0.33622024999931455,
1290,sci.med,comp.os.ms-windows.misc,False,0.35,0.30362070800038055,
1291,rec.motorcycles,sci.med,False,0.2,0.3335545409936458,
1292,sci.electronics,sci.electronics,True,0.85,0.3315516670118086,
1293,comp.sys.ibm.pc.hardware,comp.sys.ibm.pc.hardware,True,0.99,0.234107208030764,
1294,comp.sys.ibm.pc.hardware,comp.sys.ibm.pc.hardware,True,1.0,0.2830298750195652,
1295,comp.windows.x,comp.windows.x,True,1.0,0.2784481249982491,
1296,sci.space,sci.space,True,0.99,0.2541942090028897,
1297,comp.os.ms-windows.misc,comp.os.ms-windows.misc,True,0.78,0.3122312500490807,
1298,rec.autos,comp.os.ms-windows.misc,False,0.31,0.3506409589899704,
1299,sci.space,sci.space,True,0.99,0.33096350001869723,
1300,sci.electronics,rec.autos,False,0.51,0.27329004200873896,
1301,talk.religion.misc,talk.religion.misc,True,0.7,0.3203645840403624,
1302,talk.politics.misc,sci.med,False,0.73,0.2757874160306528,
1303,comp.os.ms-windows.misc,comp.os.ms-windows.misc,True,0.97,0.34712575003504753,
1304,rec.sport.hockey,rec.sport.hockey,True,0.96,0.2538116670330055,
1305,rec.sport.hockey,rec.sport.hockey,True,1.0,0.24454937496921048,
1306,sci.crypt,sci.crypt,True,1.0,0.2578536669607274,
1307,talk.politics.mideast,talk.religion.misc,False,0.81,0.29978758399374783,
1308,comp.sys.ibm.pc.hardware,comp.os.ms-windows.misc,False,0.51,0.2877235829946585,
1309,sci.electronics,sci.electronics,True,0.98,0.27341845800401643,
1310,sci.electronics,sci.electronics,True,0.96,0.26715441700071096,
1311,sci.space,sci.space,True,1.0,0.4062936249538325,
1312,comp.graphics,comp.graphics,True,0.98,0.29916454100748524,
1313,rec.autos,misc.forsale,False,0.87,0.3747978330357,
1314,talk.politics.misc,talk.politics.misc,True,0.89,0.24573420797241852,
1315,comp.sys.ibm.pc.hardware,comp.sys.ibm.pc.hardware,True,0.98,0.3662452499847859,
1316,sci.space,sci.space,True,0.99,0.3226251250016503,
1317,talk.politics.guns,talk.politics.misc,False,0.7,0.319641167006921,
1318,talk.politics.mideast,talk.politics.misc,False,0.95,0.297795332968235,
1319,misc.forsale,misc.forsale,True,0.56,0.32432433299254626,
1320,talk.politics.misc,talk.politics.guns,False,0.64,0.26456658402457833,
1321,rec.sport.hockey,rec.sport.hockey,True,1.0,0.2510825840290636,
1322,talk.politics.guns,talk.politics.guns,True,1.0,0.4414218749734573,
1323,sci.crypt,sci.crypt,True,1.0,0.4230567920021713,
1324,rec.motorcycles,rec.motorcycles,True,1.0,0.3411280000000261,
1325,rec.autos,sci.electronics,False,0.51,0.30852941604098305,
1326,rec.motorcycles,rec.motorcycles,True,0.94,0.3999506249674596,
1327,comp.sys.mac.hardware,sci.electronics,False,0.85,0.2772014999645762,
1328,rec.sport.baseball,rec.sport.baseball,True,0.93,0.24987866601441056,
1329,sci.space,sci.space,True,1.0,0.2535084580304101,
1330,rec.motorcycles,rec.motorcycles,True,0.98,0.2605439579929225,
1331,sci.space,sci.space,True,1.0,0.2454112499835901,
1332,comp.sys.mac.hardware,comp.sys.mac.hardware,True,0.96,0.5216861669905484,
1333,comp.graphics,comp.graphics,True,1.0,0.3386378749855794,
1334,misc.forsale,comp.sys.ibm.pc.hardware,False,1.0,0.24018216703552753,
1335,talk.politics.guns,talk.politics.mideast,False,0.82,0.2733817499829456,
1336,comp.windows.x,comp.windows.x,True,0.49,0.2608472910360433,
1337,comp.sys.mac.hardware,comp.sys.mac.hardware,True,1.0,0.2863224169705063,
1338,alt.atheism,alt.atheism,True,0.5,0.2774346249643713,
1339,comp.sys.mac.hardware,comp.sys.mac.hardware,True,1.0,0.3632871670415625,
1340,alt.atheism,soc.religion.christian,False,0.48,0.24546095804544166,
1341,soc.religion.christian,soc.religion.christian,True,0.99,0.38582212501205504,
1342,soc.religion.christian,soc.religion.christian,True,0.95,0.2778150839731097,
1343,comp.sys.ibm.pc.hardware,comp.sys.ibm.pc.hardware,True,0.92,0.27553666598396376,
1344,comp.sys.ibm.pc.hardware,misc.forsale,False,0.99,0.2871275420184247,
1345,rec.motorcycles,rec.motorcycles,True,0.17,0.299855999997817,
1346,soc.religion.christian,soc.religion.christian,True,0.73,0.2905592920142226,
1347,talk.politics.mideast,talk.politics.mideast,True,0.88,0.28097429196350276,
1348,alt.atheism,alt.atheism,True,0.74,0.28622358303982764,
1349,comp.sys.mac.hardware,comp.sys.ibm.pc.hardware,False,0.92,0.2513571670278907,
1350,rec.sport.baseball,rec.sport.baseball,True,1.0,0.2758533749729395,
1351,rec.autos,rec.autos,True,1.0,0.285591707972344,
1352,comp.sys.mac.hardware,comp.sys.mac.hardware,True,1.0,0.32977870805189013,
1353,sci.med,sci.med,True,1.0,0.3401077499729581,
1354,alt.atheism,talk.religion.misc,False,0.53,0.35116966703208163,
1355,sci.crypt,sci.electronics,False,0.53,0.2910722920205444,
1356,comp.sys.mac.hardware,comp.os.ms-windows.misc,False,0.16,0.3000213330378756,
1357,talk.politics.mideast,talk.politics.mideast,True,0.99,0.2787421249668114,
1358,sci.space,sci.electronics,False,0.61,0.270896916044876,
1359,alt.atheism,talk.religion.misc,False,0.61,0.26176391600165516,
1360,comp.os.ms-windows.misc,comp.os.ms-windows.misc,True,0.88,0.25311233301181346,
1361,comp.sys.mac.hardware,comp.sys.mac.hardware,True,1.0,0.310806458001025,
1362,sci.crypt,sci.crypt,True,0.67,0.26568620797479525,
1363,comp.sys.ibm.pc.hardware,comp.sys.ibm.pc.hardware,True,0.67,0.32671258301706985,
1364,alt.atheism,talk.religion.misc,False,0.83,0.2760937919956632,
1365,sci.crypt,sci.crypt,True,0.94,0.3112648749956861,
1366,sci.crypt,sci.crypt,True,1.0,0.25713383295806125,
1367,sci.crypt,sci.crypt,True,1.0,0.22560725000221282,
1368,soc.religion.christian,soc.religion.christian,True,0.99,0.37589587504044175,
1369,misc.forsale,comp.sys.mac.hardware,False,0.85,0.31389975000638515,
1370,talk.politics.guns,talk.politics.misc,False,0.7,0.29284491698490456,
1371,comp.os.ms-windows.misc,comp.os.ms-windows.misc,True,1.0,0.25603966700145975,
1372,rec.autos,rec.autos,True,0.93,0.28544845897704363,
1373,comp.windows.x,comp.windows.x,True,1.0,0.273478957999032,
1374,rec.sport.baseball,rec.sport.baseball,True,1.0,0.41772841598140076,
1375,comp.graphics,comp.graphics,True,0.77,0.25010762497549877,
1376,rec.sport.hockey,rec.sport.hockey,True,1.0,0.2779486670042388,
1377,comp.windows.x,comp.windows.x,True,1.0,0.25864170800196007,
1378,sci.crypt,talk.politics.misc,False,0.49,0.3178044999949634,
1379,rec.autos,comp.os.ms-windows.misc,False,0.35,0.26858720800373703,
1380,sci.med,misc.forsale,False,0.61,0.23298591701313853,
1381,talk.politics.mideast,talk.politics.misc,False,0.99,0.2766660409979522,
1382,comp.os.ms-windows.misc,comp.os.ms-windows.misc,True,1.0,0.2498056250042282,
1383,sci.space,sci.space,True,0.99,0.29403091699350625,
1384,sci.med,sci.med,True,0.87,0.28660733404103667,
1385,comp.windows.x,comp.windows.x,True,1.0,0.2712137090275064,
1386,sci.med,sci.med,True,0.95,0.27827787498245016,
1387,rec.motorcycles,comp.os.ms-windows.misc,False,0.54,0.23330787499435246,
1388,alt.atheism,comp.os.ms-windows.misc,False,0.33,0.2810344159952365,
1389,comp.os.ms-windows.misc,talk.politics.misc,False,0.27,0.2789920410141349,
1390,sci.med,sci.med,True,1.0,0.2305589999887161,
1391,comp.windows.x,comp.sys.ibm.pc.hardware,False,0.71,0.24232058401685208,
1392,rec.motorcycles,rec.motorcycles,True,1.0,0.4949683750164695,
1393,alt.atheism,talk.politics.misc,False,1.0,0.2959372499608435,
1394,sci.electronics,sci.electronics,True,0.97,0.27866458299104124,
1395,comp.sys.ibm.pc.hardware,comp.sys.ibm.pc.hardware,True,0.48,0.26885441702324897,
1396,comp.windows.x,comp.windows.x,True,1.0,0.4389650839730166,
1397,soc.religion.christian,soc.religion.christian,True,0.66,0.42237854201812297,
1398,comp.os.ms-windows.misc,comp.graphics,False,0.42,0.24775895901257172,
1399,sci.space,sci.electronics,False,0.84,0.4039837919990532,
1400,comp.sys.mac.hardware,comp.sys.mac.hardware,True,0.97,0.3163774170097895,
1401,rec.sport.baseball,rec.sport.baseball,True,1.0,0.2649653750122525,
1402,rec.autos,rec.autos,True,0.97,0.38759891694644466,
1403,rec.sport.hockey,rec.sport.hockey,True,1.0,0.2543681660317816,
1404,comp.sys.ibm.pc.hardware,comp.sys.ibm.pc.hardware,True,1.0,0.34050070896046236,
1405,comp.windows.x,comp.windows.x,True,0.97,0.2824825829593465,
1406,sci.crypt,sci.crypt,True,0.98,0.28340654098428786,
1407,soc.religion.christian,soc.religion.christian,True,0.98,0.2695316249737516,
1408,sci.space,sci.space,True,1.0,0.32209783303551376,
1409,sci.crypt,sci.crypt,True,1.0,0.3400137089774944,
1410,talk.politics.mideast,talk.politics.misc,False,0.92,0.29629533301340416,
1411,misc.forsale,misc.forsale,True,1.0,0.31140958302421495,
1412,comp.sys.mac.hardware,talk.politics.misc,False,0.31,0.2661028750007972,
1413,misc.forsale,misc.forsale,True,1.0,0.3034892919822596,
1414,rec.sport.baseball,rec.sport.baseball,True,1.0,0.26574320800136775,
1415,talk.politics.guns,talk.politics.guns,True,0.94,0.23550587496720254,
1416,sci.space,sci.space,True,1.0,0.2702290000161156,
1417,comp.graphics,comp.graphics,True,0.99,0.26692358299624175,
1418,comp.windows.x,comp.windows.x,True,1.0,0.26726020802743733,
1419,sci.med,sci.med,True,0.75,0.26538804097799584,
1420,sci.electronics,sci.electronics,True,0.99,0.2756787500111386,
1421,talk.politics.guns,talk.politics.misc,False,0.38,0.2641505000065081,
1422,talk.politics.mideast,talk.politics.mideast,True,1.0,0.2846902500023134,
1423,rec.sport.baseball,rec.sport.baseball,True,1.0,0.3992209999705665,
1424,rec.sport.hockey,rec.sport.hockey,True,1.0,0.29033879202324897,
1425,rec.autos,rec.autos,True,1.0,0.267752833024133,
1426,talk.religion.misc,talk.religion.misc,True,0.68,0.3642184999771416,
1427,alt.atheism,alt.atheism,True,0.5,0.35840795800322667,
1428,soc.religion.christian,soc.religion.christian,True,0.99,0.29540166701190174,
1429,rec.sport.baseball,rec.sport.baseball,True,1.0,0.31618045800132677,
1430,sci.crypt,sci.crypt,True,1.0,0.26689766597701237,
1431,rec.sport.baseball,rec.sport.baseball,True,1.0,0.247966083989013,
1432,sci.electronics,comp.graphics,False,0.32,0.24196441704407334,
1433,comp.graphics,comp.graphics,True,1.0,0.29110191599465907,
1434,rec.sport.hockey,rec.sport.hockey,True,0.98,0.24179699999513105,
1435,sci.electronics,sci.electronics,True,1.0,0.3103551250533201,
1436,soc.religion.christian,talk.religion.misc,False,0.75,0.32916625001234934,
1437,misc.forsale,misc.forsale,True,0.77,0.29564700002083555,
1438,talk.politics.mideast,talk.politics.mideast,True,0.99,0.3212563749984838,
1439,rec.autos,rec.autos,True,0.99,0.25451529200654477,
1440,rec.motorcycles,rec.motorcycles,True,0.85,0.3250462500145659,
1441,comp.sys.mac.hardware,comp.sys.mac.hardware,True,1.0,0.28018354199593887,
1442,comp.graphics,comp.graphics,True,1.0,0.290251458005514,
1443,comp.sys.mac.hardware,comp.sys.mac.hardware,True,1.0,0.34833404095843434,
1444,sci.crypt,talk.politics.guns,False,1.0,0.30422370799351484,
1445,rec.sport.hockey,rec.sport.hockey,True,0.44,0.30433645797893405,
1446,sci.space,sci.electronics,False,0.94,0.30291162501089275,
1447,sci.space,talk.politics.misc,False,0.78,0.2414684999966994,
1448,comp.windows.x,comp.graphics,False,0.57,0.2788664579857141,
1449,talk.politics.misc,talk.politics.guns,False,0.85,0.31385991704883054,
1450,sci.space,comp.os.ms-windows.misc,False,0.31,0.2748926250496879,
1451,talk.politics.misc,talk.politics.misc,True,1.0,0.3159260000102222,
1452,misc.forsale,misc.forsale,True,1.0,0.4224070409545675,
1453,sci.crypt,talk.politics.misc,False,0.69,0.2791490419767797,
1454,comp.sys.mac.hardware,comp.sys.mac.hardware,True,1.0,0.2716575000085868,
1455,sci.space,sci.space,True,1.0,0.337058084027376,
1456,rec.motorcycles,rec.motorcycles,True,1.0,0.4635888329939917,
1457,comp.sys.mac.hardware,comp.sys.mac.hardware,True,1.0,0.2664047079742886,
1458,sci.space,sci.space,True,0.98,0.3381125839659944,
1459,misc.forsale,misc.forsale,True,1.0,0.297439249989111,
1460,talk.politics.misc,talk.politics.misc,True,0.27,0.2724862080067396,
1461,talk.politics.mideast,talk.religion.misc,False,0.38,0.30243466701358557,
1462,comp.graphics,comp.windows.x,False,0.6,0.27411687502171844,
1463,rec.sport.baseball,rec.sport.baseball,True,1.0,0.25368349999189377,
1464,misc.forsale,misc.forsale,True,1.0,0.35768604098120704,
1465,comp.sys.ibm.pc.hardware,comp.sys.ibm.pc.hardware,True,0.53,0.3388671249849722,
1466,sci.crypt,talk.politics.guns,False,0.31,0.33048654202139005,
1467,talk.politics.misc,talk.politics.misc,True,0.97,0.2669238339876756,
1468,comp.os.ms-windows.misc,misc.forsale,False,0.19,0.2898180420161225,
1469,rec.autos,rec.autos,True,1.0,0.2984637079644017,
1470,sci.crypt,alt.atheism,False,0.18,0.3164682079805061,
1471,comp.graphics,comp.graphics,True,1.0,0.29169066704344004,
1472,sci.crypt,sci.electronics,False,0.84,0.2586853330140002,
1473,rec.sport.baseball,rec.sport.baseball,True,1.0,0.30995674995938316,
1474,misc.forsale,misc.forsale,True,0.6,0.2908484590006992,
1475,comp.os.ms-windows.misc,comp.sys.ibm.pc.hardware,False,0.58,0.24687095801346004,
1476,comp.sys.ibm.pc.hardware,comp.sys.ibm.pc.hardware,True,0.91,0.3295500829699449,
1477,comp.sys.mac.hardware,comp.sys.mac.hardware,True,0.99,0.27476941602071747,
1478,talk.politics.mideast,talk.politics.misc,False,0.91,0.27208566601620987,
1479,talk.politics.guns,talk.politics.guns,True,0.98,0.23505270900204778,
1480,talk.politics.misc,talk.politics.misc,True,0.8,0.3652150830021128,
1481,sci.med,sci.med,True,1.0,0.3653684169985354,
1482,alt.atheism,talk.politics.misc,False,0.22,0.35173041600501165,
1483,talk.politics.guns,talk.politics.guns,True,0.97,0.34428504097741097,
1484,rec.sport.baseball,rec.sport.baseball,True,1.0,0.34705645800568163,
1485,rec.sport.baseball,rec.sport.baseball,True,1.0,0.3408960000379011,
1486,sci.med,sci.med,True,1.0,0.2915299999876879,
1487,comp.sys.ibm.pc.hardware,misc.forsale,False,0.91,0.3250435829977505,
1488,talk.politics.guns,talk.religion.misc,False,0.52,0.29890187503769994,
1489,talk.politics.misc,talk.politics.misc,True,0.9,0.30586391600081697,
1490,sci.med,sci.med,True,1.0,0.2941206250106916,
1491,alt.atheism,talk.politics.mideast,False,0.94,0.3271800830261782,
1492,comp.sys.mac.hardware,comp.sys.mac.hardware,True,1.0,0.3449557910207659,
1493,comp.sys.ibm.pc.hardware,comp.sys.ibm.pc.hardware,True,1.0,0.27223404200049117,
1494,talk.religion.misc,alt.atheism,False,0.92,0.2843610839918256,
1495,rec.sport.baseball,rec.sport.baseball,True,1.0,0.24353308300487697,
1496,sci.med,comp.os.ms-windows.misc,False,0.16,0.2875688749481924,
1497,talk.politics.mideast,talk.politics.mideast,True,0.89,0.2961247499915771,
1498,comp.graphics,comp.graphics,True,0.95,0.27227199997287244,
1499,comp.sys.ibm.pc.hardware,talk.politics.misc,False,0.31,0.32240283297142014,
1500,talk.politics.misc,sci.med,False,0.33,0.3264553750050254,
1501,misc.forsale,misc.forsale,True,0.97,0.29538700002012774,
1502,sci.space,sci.space,True,1.0,0.26109275000635535,
1503,talk.politics.guns,comp.windows.x,False,0.36,0.2805330000119284,
1504,comp.graphics,comp.sys.ibm.pc.hardware,False,0.61,0.29324587498558685,
1505,comp.windows.x,comp.windows.x,True,1.0,0.2668225840316154,
1506,comp.sys.ibm.pc.hardware,comp.sys.ibm.pc.hardware,True,0.98,0.2819273339700885,
1507,comp.sys.ibm.pc.hardware,sci.electronics,False,0.75,0.2729577909922227,
1508,comp.windows.x,comp.os.ms-windows.misc,False,0.65,0.2974410410388373,
1509,comp.graphics,comp.graphics,True,0.99,0.2891734160366468,
1510,sci.space,sci.space,True,0.72,0.2474604159942828,
1511,comp.sys.ibm.pc.hardware,comp.sys.ibm.pc.hardware,True,1.0,0.338827959029004,
1512,sci.space,comp.sys.ibm.pc.hardware,False,0.21,0.40118645899929106,
1513,comp.windows.x,comp.windows.x,True,0.68,0.29089445900171995,
1514,rec.autos,talk.politics.misc,False,0.34,0.2519720409763977,
1515,soc.religion.christian,soc.religion.christian,True,0.99,0.2866913750185631,
1516,comp.sys.mac.hardware,comp.os.ms-windows.misc,False,0.35,0.2938533749547787,
1517,sci.crypt,sci.crypt,True,1.0,0.2951234580250457,
1518,talk.religion.misc,rec.autos,False,0.52,0.2820392500143498,
1519,soc.religion.christian,soc.religion.christian,True,0.99,0.28080995904747397,
1520,rec.motorcycles,comp.sys.ibm.pc.hardware,False,0.45,0.29793020797660574,
1521,talk.religion.misc,soc.religion.christian,False,0.98,0.293969584046863,
1522,comp.graphics,comp.windows.x,False,0.77,0.2902238750248216,
1523,rec.sport.baseball,rec.sport.baseball,True,1.0,0.32555183296790347,
1524,sci.med,sci.med,True,1.0,0.2449299159925431,
1525,comp.sys.mac.hardware,comp.sys.ibm.pc.hardware,False,0.91,0.2684229169972241,
1526,talk.politics.mideast,talk.politics.misc,False,0.8,0.3331306669861078,
1527,rec.autos,rec.autos,True,1.0,0.30650837504072115,
1528,misc.forsale,misc.forsale,True,0.48,0.3056449999567121,
1529,rec.autos,rec.autos,True,1.0,0.27832887502154335,
1530,misc.forsale,misc.forsale,True,1.0,0.31583333300659433,
1531,sci.space,sci.space,True,1.0,0.2736119580222294,
1532,alt.atheism,alt.atheism,True,0.64,0.28247766697313637,
1533,sci.space,rec.autos,False,0.8,0.2560908750165254,
1534,talk.religion.misc,talk.politics.guns,False,0.85,0.24927804101025686,
1535,talk.politics.guns,talk.politics.misc,False,0.4,0.2608364580082707,
1536,misc.forsale,misc.forsale,True,0.57,0.27495370799442753,
1537,rec.motorcycles,rec.motorcycles,True,0.94,0.37135137495351955,
1538,alt.atheism,talk.religion.misc,False,0.9,0.2519864169880748,
1539,talk.religion.misc,talk.religion.misc,True,0.99,0.37081962497904897,
1540,comp.graphics,comp.sys.ibm.pc.hardware,False,0.76,0.27227954199770465,
1541,talk.politics.misc,talk.politics.misc,True,0.8,0.3280553750228137,
1542,rec.sport.hockey,rec.sport.hockey,True,1.0,0.29719445802038535,
1543,comp.os.ms-windows.misc,comp.os.ms-windows.misc,True,0.96,0.31867408397374675,
1544,rec.sport.hockey,rec.sport.hockey,True,0.99,0.2693174159503542,
1545,talk.politics.guns,talk.politics.misc,False,0.34,0.24687537498539314,
1546,sci.electronics,sci.crypt,False,0.46,0.2830160830053501,
1547,rec.sport.baseball,rec.sport.baseball,True,0.99,0.2776164999813773,
1548,comp.os.ms-windows.misc,comp.os.ms-windows.misc,True,0.79,0.26134508301038295,
1549,alt.atheism,talk.politics.mideast,False,0.97,0.3105832500150427,
1550,rec.motorcycles,rec.motorcycles,True,1.0,0.325873333029449,
1551,comp.os.ms-windows.misc,comp.os.ms-windows.misc,True,0.96,0.2661239169538021,
1552,comp.windows.x,comp.windows.x,True,0.98,0.25474404101260006,
1553,rec.sport.baseball,rec.sport.baseball,True,0.99,0.2742676250054501,
1554,talk.politics.mideast,talk.politics.mideast,True,1.0,0.2689305829699151,
1555,sci.electronics,sci.electronics,True,1.0,0.2680232919519767,
1556,talk.politics.guns,talk.politics.misc,False,0.94,0.3336401669657789,
1557,misc.forsale,misc.forsale,True,1.0,0.2806617089663632,
1558,comp.os.ms-windows.misc,comp.sys.ibm.pc.hardware,False,0.99,0.2719325840007514,
1559,comp.os.ms-windows.misc,comp.os.ms-windows.misc,True,0.99,0.3115113329840824,
1560,sci.space,talk.politics.misc,False,0.38,0.28330208302941173,
1561,comp.graphics,comp.graphics,True,0.95,0.25849562499206513,
1562,comp.sys.mac.hardware,comp.sys.mac.hardware,True,1.0,0.31240404199343175,
1563,comp.os.ms-windows.misc,comp.os.ms-windows.misc,True,0.84,0.29233700002077967,
1564,sci.space,talk.politics.misc,False,0.69,0.282780458976049,
1565,rec.autos,rec.autos,True,0.66,0.2718767499900423,
1566,comp.sys.ibm.pc.hardware,comp.sys.ibm.pc.hardware,True,0.99,0.2787902910495177,
1567,rec.motorcycles,rec.autos,False,1.0,0.36213912500534207,
1568,sci.med,comp.os.ms-windows.misc,False,0.34,0.26036820898298174,
1569,rec.autos,talk.politics.misc,False,0.32,0.3516347910044715,
1570,sci.med,sci.med,True,1.0,0.34736954199615866,
1571,comp.os.ms-windows.misc,comp.sys.ibm.pc.hardware,False,0.98,0.26575637498172,
1572,sci.crypt,sci.crypt,True,1.0,0.2678335839882493,
1573,talk.politics.misc,talk.politics.misc,True,0.99,0.24088208301691338,
1574,sci.space,sci.space,True,1.0,0.359624958015047,
1575,comp.sys.mac.hardware,comp.sys.mac.hardware,True,1.0,0.27124395803548396,
1576,rec.autos,rec.autos,True,1.0,0.27242379100061953,
1577,misc.forsale,misc.forsale,True,1.0,0.27021762501681224,
1578,comp.windows.x,comp.windows.x,True,1.0,0.3121365000260994,
1579,comp.os.ms-windows.misc,comp.os.ms-windows.misc,True,0.96,0.31637416599551216,
1580,comp.sys.ibm.pc.hardware,comp.sys.ibm.pc.hardware,True,0.88,0.25520250003319234,
1581,comp.windows.x,comp.windows.x,True,1.0,0.3588724579894915,
1582,sci.electronics,misc.forsale,False,0.86,0.2910865409648977,
1583,rec.sport.hockey,rec.sport.hockey,True,1.0,0.29564429202582687,
1584,alt.atheism,alt.atheism,True,0.77,0.261105666984804,
1585,talk.politics.mideast,talk.politics.mideast,True,0.99,0.26729541702661663,
1586,rec.motorcycles,rec.motorcycles,True,1.0,0.4290073749725707,
1587,talk.politics.guns,talk.politics.misc,False,0.57,0.24827966699376702,
1588,rec.autos,rec.autos,True,0.99,0.29414662497583777,
1589,rec.sport.baseball,rec.sport.baseball,True,0.98,0.2560040829703212,
1590,comp.os.ms-windows.misc,comp.os.ms-windows.misc,True,0.9,0.2861942080198787,
1591,comp.graphics,talk.politics.misc,False,0.33,0.3033867499907501,
1592,comp.windows.x,comp.os.ms-windows.misc,False,0.53,0.41200591600500047,
1593,comp.graphics,comp.graphics,True,0.93,0.2854987920145504,
1594,rec.sport.baseball,comp.os.ms-windows.misc,False,0.35,0.3636156660504639,
1595,talk.politics.mideast,talk.politics.misc,False,1.0,0.34550704195862636,
1596,comp.sys.mac.hardware,comp.sys.mac.hardware,True,0.99,0.3453062499756925,
1597,rec.sport.baseball,comp.os.ms-windows.misc,False,0.37,0.3413252499885857,
1598,rec.sport.baseball,rec.sport.baseball,True,1.0,0.32783104199916124,
1599,rec.sport.baseball,rec.sport.baseball,True,1.0,0.3136607499909587,
1600,misc.forsale,misc.forsale,True,0.99,0.2815022920258343,
1601,alt.atheism,alt.atheism,True,0.73,0.36832462495658547,
1602,sci.crypt,sci.med,False,0.92,0.29745787498541176,
1603,rec.motorcycles,rec.autos,False,0.97,0.29853512498084456,
1604,talk.politics.mideast,talk.politics.misc,False,0.92,0.27827358403010294,
1605,sci.crypt,talk.politics.misc,False,0.99,0.25927070900797844,
1606,talk.religion.misc,alt.atheism,False,0.67,0.3132315829861909,
1607,comp.windows.x,comp.windows.x,True,1.0,0.3313433330040425,
1608,sci.crypt,sci.crypt,True,0.97,0.37250379094621167,
1609,rec.sport.baseball,rec.sport.baseball,True,0.5,0.2687671669991687,
1610,sci.crypt,sci.electronics,False,0.3,0.272540082980413,
1611,rec.sport.baseball,rec.sport.baseball,True,1.0,0.26602783298585564,
1612,rec.sport.baseball,rec.sport.baseball,True,1.0,0.3415785830002278,
1613,talk.politics.guns,comp.os.ms-windows.misc,False,0.35,0.285967416013591,
1614,alt.atheism,talk.religion.misc,False,0.48,0.2965992080280557,
1615,comp.sys.ibm.pc.hardware,comp.sys.ibm.pc.hardware,True,0.99,0.2593539580120705,
1616,sci.med,sci.med,True,1.0,0.2986135000246577,
1617,comp.os.ms-windows.misc,comp.os.ms-windows.misc,True,0.93,0.24127154098823667,
1618,sci.crypt,sci.electronics,False,0.63,0.2643511249916628,
1619,talk.politics.mideast,talk.politics.mideast,True,0.52,0.2708318329532631,
1620,comp.graphics,comp.graphics,True,1.0,0.32786141702672467,
1621,sci.space,talk.politics.misc,False,0.53,0.3974440419697203,
1622,misc.forsale,misc.forsale,True,1.0,0.32522404100745916,
1623,comp.graphics,comp.graphics,True,0.98,0.3000003339839168,
1624,misc.forsale,misc.forsale,True,1.0,0.26437579095363617,
1625,talk.politics.misc,talk.politics.misc,True,0.85,0.3329750000266358,
1626,sci.electronics,comp.os.ms-windows.misc,False,0.8,0.25631875003455207,
1627,soc.religion.christian,soc.religion.christian,True,0.86,0.3021920840255916,
1628,comp.sys.ibm.pc.hardware,comp.sys.ibm.pc.hardware,True,0.54,0.2703930419520475,
1629,talk.religion.misc,talk.politics.guns,False,0.74,0.24613908299943432,
1630,comp.os.ms-windows.misc,talk.politics.misc,False,0.31,0.29407891700975597,
1631,rec.motorcycles,rec.motorcycles,True,1.0,0.2842382920207456,
1632,sci.space,sci.space,True,1.0,0.27300491696223617,
1633,sci.med,sci.med,True,1.0,0.28303516702726483,
1634,talk.politics.mideast,talk.politics.misc,False,1.0,0.294431458984036,
1635,sci.crypt,sci.crypt,True,1.0,0.3410739579703659,
1636,comp.windows.x,comp.windows.x,True,1.0,0.24939416704000905,
1637,comp.sys.mac.hardware,comp.sys.mac.hardware,True,1.0,0.2613437919644639,
1638,misc.forsale,misc.forsale,True,1.0,0.29138695896836,
1639,sci.crypt,sci.crypt,True,0.99,0.3118812079774216,
1640,sci.electronics,comp.graphics,False,0.47,0.257089291990269,
1641,sci.electronics,comp.graphics,False,0.77,0.27128304197685793,
1642,misc.forsale,misc.forsale,True,0.56,0.2827366669662297,
1643,rec.motorcycles,talk.politics.misc,False,0.39,0.2835519590298645,
1644,talk.politics.misc,talk.politics.guns,False,0.96,0.2885438749799505,
1645,sci.electronics,sci.electronics,True,1.0,0.303501459013205,
1646,comp.graphics,comp.graphics,True,1.0,0.2769463330041617,
1647,comp.graphics,comp.graphics,True,1.0,0.2685757500003092,
1648,talk.religion.misc,talk.politics.guns,False,0.43,0.261073708999902,
1649,sci.space,sci.med,False,0.92,0.3010043750400655,
1650,sci.med,sci.med,True,0.99,0.2449471250292845,
1651,sci.electronics,comp.windows.x,False,0.23,0.36819187499349937,
1652,talk.politics.guns,talk.politics.guns,True,0.99,0.3591219590161927,
1653,comp.graphics,comp.graphics,True,1.0,0.27859825000632554,
1654,comp.windows.x,comp.windows.x,True,1.0,0.26471879199380055,
1655,talk.politics.misc,talk.politics.misc,True,1.0,0.3643853749963455,
1656,comp.graphics,comp.graphics,True,1.0,0.3079389580525458,
1657,talk.politics.mideast,talk.politics.misc,False,0.49,0.24736333300825208,
1658,rec.sport.hockey,rec.sport.hockey,True,1.0,0.2959219589829445,
1659,comp.sys.ibm.pc.hardware,comp.sys.ibm.pc.hardware,True,1.0,0.25142137496732175,
1660,rec.motorcycles,rec.motorcycles,True,1.0,0.24194620898924768,
1661,sci.med,sci.med,True,0.83,0.312647582963109,
1662,sci.crypt,sci.crypt,True,1.0,0.3145409579738043,
1663,alt.atheism,talk.politics.mideast,False,0.51,0.3034756249981001,
1664,sci.med,sci.med,True,1.0,0.2721507090027444,
1665,talk.politics.guns,talk.politics.guns,True,1.0,0.30213787499815226,
1666,rec.sport.hockey,rec.sport.hockey,True,1.0,0.2422994160442613,
1667,comp.sys.ibm.pc.hardware,comp.sys.ibm.pc.hardware,True,1.0,0.32115999999223277,
1668,comp.sys.mac.hardware,comp.sys.mac.hardware,True,1.0,0.29053575004218146,
1669,sci.crypt,talk.politics.misc,False,0.42,0.25384870800189674,
1670,comp.os.ms-windows.misc,comp.sys.ibm.pc.hardware,False,0.81,0.29568087501684204,
1671,talk.politics.misc,talk.politics.misc,True,0.7,0.25765949999913573,
1672,talk.religion.misc,talk.religion.misc,True,0.98,0.2354748749639839,
1673,comp.os.ms-windows.misc,comp.os.ms-windows.misc,True,1.0,0.2573899579583667,
1674,talk.politics.guns,talk.politics.guns,True,0.45,0.26829879195429385,
1675,talk.politics.misc,sci.space,False,0.72,0.27209212502930313,
1676,alt.atheism,talk.religion.misc,False,0.53,0.3027961669722572,
1677,sci.electronics,sci.electronics,True,1.0,0.28889008302940056,
1678,rec.sport.hockey,rec.sport.hockey,True,1.0,0.23952383396681398,
1679,rec.sport.hockey,rec.sport.hockey,True,0.77,0.26964008301729336,
1680,sci.crypt,comp.os.ms-windows.misc,False,0.35,0.2610647499677725,
1681,talk.politics.misc,talk.politics.guns,False,0.98,0.29239687504014,
1682,rec.sport.baseball,rec.sport.baseball,True,1.0,0.268202833016403,
1683,misc.forsale,misc.forsale,True,1.0,0.29973437503213063,
1684,sci.med,comp.os.ms-windows.misc,False,0.35,0.2892246659612283,
1685,sci.space,comp.os.ms-windows.misc,False,0.33,0.2977340000215918,
1686,alt.atheism,alt.atheism,True,0.51,0.3115430840407498,
1687,misc.forsale,misc.forsale,True,1.0,0.26302066701464355,
1688,rec.autos,rec.autos,True,1.0,0.2885530000203289,
1689,soc.religion.christian,soc.religion.christian,True,0.99,0.24286575004225597,
1690,soc.religion.christian,soc.religion.christian,True,0.99,0.3719477499835193,
1691,sci.space,sci.space,True,1.0,0.26791866699932143,
1692,rec.motorcycles,rec.motorcycles,True,0.98,0.26162141701206565,
1693,comp.os.ms-windows.misc,comp.os.ms-windows.misc,True,0.73,0.27158345899078995,
1694,sci.med,sci.med,True,1.0,0.2997165840351954,
1695,sci.electronics,sci.crypt,False,0.89,0.2398466250160709,
1696,talk.politics.misc,talk.politics.misc,True,0.99,0.24933254101779312,
1697,rec.autos,rec.autos,True,0.59,0.2624599160044454,
1698,comp.graphics,comp.sys.mac.hardware,False,0.5,0.3100517499842681,
1699,talk.politics.mideast,talk.politics.misc,False,0.5,0.2890790409874171,
1700,rec.sport.baseball,rec.sport.baseball,True,1.0,0.2677996249985881,
1701,sci.electronics,sci.electronics,True,0.59,0.2983697499730624,
1702,soc.religion.christian,soc.religion.christian,True,0.78,0.35030470800120384,
1703,talk.politics.guns,talk.religion.misc,False,0.46,0.31162595900241286,
1704,talk.politics.misc,comp.sys.mac.hardware,False,0.84,0.25278329104185104,
1705,talk.politics.mideast,talk.politics.mideast,True,0.71,0.2888723750365898,
1706,sci.space,sci.space,True,1.0,0.2791316670482047,
1707,sci.electronics,comp.os.ms-windows.misc,False,0.35,0.2657710000057705,
1708,comp.os.ms-windows.misc,comp.os.ms-windows.misc,True,0.48,0.2567587500088848,
1709,comp.windows.x,comp.windows.x,True,1.0,0.27122262498596683,
1710,comp.sys.ibm.pc.hardware,comp.sys.ibm.pc.hardware,True,0.6,0.47479733399813995,
1711,alt.atheism,alt.atheism,True,0.95,0.2556642920244485,
1712,sci.med,sci.med,True,1.0,0.24685100000351667,
1713,comp.graphics,comp.graphics,True,0.67,0.33301649999339134,
1714,sci.crypt,sci.crypt,True,1.0,0.31588091602316126,
1715,misc.forsale,misc.forsale,True,0.79,0.2756061659893021,
1716,soc.religion.christian,soc.religion.christian,True,0.99,0.270095040963497,
1717,alt.atheism,comp.os.ms-windows.misc,False,0.2,0.2961011250154115,
1718,misc.forsale,misc.forsale,True,1.0,0.31293683301191777,
1719,rec.sport.hockey,rec.sport.hockey,True,1.0,0.2997295419918373,
1720,alt.atheism,talk.religion.misc,False,0.3,0.2823287920327857,
1721,rec.motorcycles,rec.motorcycles,True,1.0,0.34477237495593727,
1722,comp.windows.x,comp.os.ms-windows.misc,False,0.96,0.3124072079663165,
1723,comp.windows.x,comp.windows.x,True,1.0,0.2568041250342503,
1724,talk.politics.mideast,talk.politics.mideast,True,1.0,0.23687804100336507,
1725,comp.sys.ibm.pc.hardware,comp.sys.ibm.pc.hardware,True,1.0,0.30444229196291417,
1726,comp.os.ms-windows.misc,comp.windows.x,False,0.93,0.2871854169643484,
1727,comp.sys.ibm.pc.hardware,comp.sys.ibm.pc.hardware,True,0.93,0.2898730000015348,
1728,rec.motorcycles,misc.forsale,False,0.4,0.4352963330456987,
1729,talk.politics.guns,talk.politics.guns,True,1.0,0.2472317079664208,
1730,talk.politics.guns,talk.politics.guns,True,1.0,0.26623004098655656,
1731,comp.sys.mac.hardware,comp.sys.ibm.pc.hardware,False,0.64,0.27294745802646503,
1732,talk.politics.misc,talk.politics.misc,True,0.98,0.2786702500307001,
1733,comp.sys.mac.hardware,comp.sys.mac.hardware,True,1.0,0.24873808398842812,
1734,rec.sport.baseball,rec.sport.baseball,True,0.72,0.24605958303436637,
1735,talk.politics.guns,talk.politics.misc,False,0.64,0.2768807499669492,
1736,comp.os.ms-windows.misc,comp.os.ms-windows.misc,True,0.34,0.41200149996438995,
1737,sci.med,sci.med,True,0.83,0.2952170000062324,
1738,talk.politics.mideast,comp.os.ms-windows.misc,False,0.32,0.25620558304945007,
1739,rec.sport.baseball,rec.sport.baseball,True,1.0,0.3665506250108592,
1740,talk.politics.mideast,talk.politics.mideast,True,0.74,0.36124770902097225,
1741,talk.politics.misc,talk.politics.misc,True,1.0,0.3551748329773545,
1742,sci.med,sci.med,True,1.0,0.3456228750292212,
1743,misc.forsale,misc.forsale,True,0.93,0.336436000012327,
1744,comp.graphics,sci.electronics,False,0.4,0.2912059159716591,
1745,comp.sys.ibm.pc.hardware,comp.sys.ibm.pc.hardware,True,1.0,0.23700066696619615,
1746,talk.politics.misc,alt.atheism,False,0.37,0.2524998339940794,
1747,misc.forsale,misc.forsale,True,1.0,0.25250795896863565,
1748,comp.sys.mac.hardware,comp.sys.mac.hardware,True,0.94,0.2966539589688182,
1749,alt.atheism,talk.politics.mideast,False,0.3,0.24399520899169147,
1750,sci.space,sci.space,True,1.0,0.3708879159530625,
1751,sci.electronics,sci.electronics,True,1.0,0.29572404199279845,
1752,rec.autos,rec.autos,True,0.83,0.28551162499934435,
1753,soc.religion.christian,soc.religion.christian,True,0.95,0.35148591600591317,
1754,comp.sys.ibm.pc.hardware,comp.sys.ibm.pc.hardware,True,0.95,0.26378870802000165,
1755,talk.politics.guns,talk.politics.misc,False,0.57,0.2840590410050936,
1756,rec.autos,comp.os.ms-windows.misc,False,0.36,0.24073212500661612,
1757,comp.os.ms-windows.misc,comp.sys.ibm.pc.hardware,False,0.92,0.2547691250219941,
1758,comp.sys.mac.hardware,comp.sys.mac.hardware,True,1.0,0.2871026659850031,
1759,sci.crypt,talk.politics.guns,False,0.87,0.2859353329986334,
1760,rec.sport.hockey,rec.sport.hockey,True,1.0,0.2762327920063399,
1761,comp.os.ms-windows.misc,comp.os.ms-windows.misc,True,1.0,0.2682580839609727,
1762,sci.med,alt.atheism,False,0.79,0.2844403329654597,
1763,talk.politics.mideast,talk.politics.mideast,True,0.7,0.3267801250331104,
1764,rec.sport.baseball,rec.sport.baseball,True,0.96,0.3175415829755366,
1765,sci.electronics,sci.electronics,True,1.0,0.24569850001716986,
1766,comp.graphics,comp.graphics,True,1.0,0.26069712499156594,
1767,comp.windows.x,comp.windows.x,True,1.0,0.341675249976106,
1768,talk.politics.mideast,talk.politics.mideast,True,0.96,0.3494654590031132,
1769,misc.forsale,misc.forsale,True,1.0,0.48450750001939014,
1770,comp.sys.mac.hardware,comp.os.ms-windows.misc,False,0.49,0.27725279197329655,
1771,talk.politics.mideast,talk.religion.misc,False,0.93,0.3518842500052415,
1772,rec.sport.hockey,rec.sport.hockey,True,1.0,0.26039262500125915,
1773,talk.politics.mideast,talk.politics.mideast,True,0.99,0.2525634170160629,
1774,comp.sys.ibm.pc.hardware,comp.sys.ibm.pc.hardware,True,0.98,0.30141541600460187,
1775,sci.space,sci.space,True,0.98,0.2896127499989234,
1776,comp.sys.ibm.pc.hardware,comp.sys.ibm.pc.hardware,True,0.97,0.3100897909607738,
1777,talk.politics.mideast,talk.politics.mideast,True,0.96,0.2578572499915026,
1778,talk.politics.guns,talk.politics.guns,True,0.79,0.2630574170034379,
1779,comp.sys.ibm.pc.hardware,comp.sys.ibm.pc.hardware,True,1.0,0.23788929200964049,
1780,rec.sport.baseball,rec.sport.baseball,True,0.99,0.3281445419997908,
1781,misc.forsale,misc.forsale,True,1.0,0.3103063330054283,
1782,talk.politics.mideast,talk.politics.misc,False,0.61,0.28173662500921637,
1783,sci.electronics,misc.forsale,False,0.26,0.31798875000094995,
1784,sci.space,sci.space,True,1.0,0.3667003749869764,
1785,rec.autos,rec.autos,True,1.0,0.30045183398760855,
1786,rec.motorcycles,rec.motorcycles,True,1.0,0.29305791604565457,
1787,sci.crypt,sci.crypt,True,0.94,0.3005617919843644,
1788,rec.sport.hockey,rec.sport.hockey,True,1.0,0.25294366700109094,
1789,sci.med,sci.med,True,1.0,0.2661847920389846,
1790,rec.motorcycles,talk.politics.guns,False,0.81,0.23018204199615866,
1791,comp.sys.ibm.pc.hardware,comp.sys.ibm.pc.hardware,True,0.97,0.2728898750501685,
1792,rec.autos,rec.autos,True,0.97,0.2195897920173593,
1793,rec.sport.hockey,rec.sport.hockey,True,1.0,0.2946243329788558,
1794,comp.windows.x,comp.windows.x,True,1.0,0.4323356250533834,
1795,rec.motorcycles,rec.motorcycles,True,1.0,0.2379333749995567,
1796,sci.med,comp.os.ms-windows.misc,False,0.34,0.33175695803947747,
1797,sci.med,comp.os.ms-windows.misc,False,0.33,0.32133087498368695,
1798,comp.os.ms-windows.misc,comp.os.ms-windows.misc,True,0.51,0.34504158300114796,
1799,comp.sys.ibm.pc.hardware,sci.electronics,False,0.72,0.27844799996819347,
1800,misc.forsale,misc.forsale,True,1.0,0.2721097089815885,
1801,comp.graphics,comp.graphics,True,0.99,0.30097041703993455,
1802,comp.windows.x,comp.os.ms-windows.misc,False,0.35,0.25020508299348876,
1803,sci.electronics,rec.motorcycles,False,0.75,0.289632708998397,
1804,talk.politics.guns,talk.politics.guns,True,1.0,0.36728083301568404,
1805,talk.politics.guns,talk.politics.misc,False,1.0,0.3116204579710029,
1806,comp.sys.ibm.pc.hardware,comp.sys.ibm.pc.hardware,True,0.84,0.2510454999865033,
1807,comp.sys.ibm.pc.hardware,comp.sys.ibm.pc.hardware,True,0.99,0.2674789580050856,
1808,sci.crypt,sci.crypt,True,1.0,0.2675336659885943,
1809,comp.sys.mac.hardware,comp.sys.mac.hardware,True,1.0,0.28105533303460106,
1810,talk.politics.guns,talk.politics.guns,True,1.0,0.2664378749905154,
1811,talk.politics.misc,talk.politics.misc,True,0.8,0.28199345798930153,
1812,talk.politics.guns,talk.politics.misc,False,0.77,0.3232983750058338,
1813,talk.politics.misc,talk.politics.misc,True,0.99,0.34490237501449883,
1814,talk.politics.mideast,talk.politics.mideast,True,0.71,0.2855989999952726,
1815,rec.autos,rec.autos,True,1.0,0.2751842919969931,
1816,misc.forsale,comp.os.ms-windows.misc,False,0.35,0.23778349999338388,
1817,comp.graphics,comp.graphics,True,1.0,0.2411043329630047,
1818,sci.crypt,talk.politics.misc,False,0.92,0.2709192500333302,
1819,sci.space,alt.atheism,False,0.12,0.25635016697924584,
1820,misc.forsale,misc.forsale,True,1.0,0.3128788749454543,
1821,soc.religion.christian,soc.religion.christian,True,0.91,0.23609641601797193,
1822,sci.med,sci.med,True,1.0,0.31467049999628216,
1823,rec.sport.hockey,rec.sport.hockey,True,1.0,0.2509353749919683,
1824,misc.forsale,misc.forsale,True,0.69,0.3838486250024289,
1825,rec.sport.hockey,rec.sport.hockey,True,1.0,0.25116129202069715,
1826,sci.crypt,sci.crypt,True,1.0,0.36269604199333116,
1827,alt.atheism,comp.os.ms-windows.misc,False,0.34,0.6633158749900758,
1828,talk.politics.guns,talk.politics.guns,True,1.0,0.24201966600958258,
1829,talk.politics.mideast,talk.politics.misc,False,0.98,0.6157346250256523,
1830,rec.sport.baseball,rec.sport.baseball,True,1.0,0.2618872500024736,
1831,soc.religion.christian,talk.religion.misc,False,1.0,0.2474263749900274,
1832,rec.motorcycles,rec.autos,False,0.44,0.29871266696136445,
1833,rec.sport.baseball,rec.sport.baseball,True,1.0,0.24153904197737575,
1834,comp.os.ms-windows.misc,comp.os.ms-windows.misc,True,0.98,0.26498962502228096,
1835,rec.sport.baseball,rec.sport.baseball,True,1.0,0.2338612909661606,
1836,rec.motorcycles,rec.autos,False,0.97,0.2482832500245422,
1837,talk.religion.misc,soc.religion.christian,False,0.48,0.3588156249606982,
1838,rec.sport.hockey,rec.sport.hockey,True,1.0,0.29141895804787055,
1839,alt.atheism,alt.atheism,True,0.97,0.3323149159550667,
1840,talk.politics.misc,comp.os.ms-windows.misc,False,0.32,0.2894114999799058,
1841,sci.electronics,sci.electronics,True,1.0,0.3102878340287134,
1842,alt.atheism,soc.religion.christian,False,0.85,0.2453200420131907,
1843,talk.politics.guns,talk.politics.guns,True,0.77,0.3171306250151247,
1844,talk.politics.guns,talk.politics.guns,True,1.0,0.2571522499783896,
1845,talk.politics.guns,misc.forsale,False,0.79,0.2767882919870317,
1846,misc.forsale,misc.forsale,True,0.99,0.375855042017065,
1847,comp.graphics,comp.graphics,True,0.96,0.2756487079896033,
1848,soc.religion.christian,soc.religion.christian,True,0.98,0.2801950839930214,
1849,soc.religion.christian,soc.religion.christian,True,0.99,0.29051654104841873,
1850,sci.crypt,sci.electronics,False,0.57,0.2736012080567889,
1851,talk.politics.misc,talk.politics.misc,True,0.85,0.26105445896973833,
1852,sci.electronics,sci.electronics,True,1.0,0.33107920800102875,
1853,comp.os.ms-windows.misc,comp.os.ms-windows.misc,True,1.0,0.3560275839990936,
1854,sci.med,sci.med,True,1.0,0.3046068749972619,
1855,soc.religion.christian,soc.religion.christian,True,0.97,0.2779385410249233,
1856,talk.politics.misc,talk.politics.misc,True,0.95,0.3079245000262745,
1857,comp.sys.ibm.pc.hardware,comp.sys.ibm.pc.hardware,True,1.0,0.2806457499973476,
1858,sci.electronics,sci.electronics,True,1.0,0.2565442909835838,
1859,rec.sport.baseball,rec.sport.baseball,True,1.0,0.24727466696640477,
1860,rec.autos,rec.autos,True,1.0,0.2613487499766052,
1861,alt.atheism,alt.atheism,True,0.84,0.3060446250019595,
1862,rec.autos,rec.autos,True,1.0,0.29010845901211724,
1863,comp.sys.ibm.pc.hardware,comp.sys.ibm.pc.hardware,True,0.97,0.2491780410055071,
1864,alt.atheism,sci.crypt,False,0.4,0.3372109160409309,
1865,sci.crypt,sci.crypt,True,1.0,0.2463952919933945,
1866,soc.religion.christian,soc.religion.christian,True,1.0,0.27328316698549315,
1867,comp.sys.mac.hardware,comp.sys.mac.hardware,True,0.92,0.32596520899096504,
1868,comp.os.ms-windows.misc,comp.windows.x,False,0.72,0.3016793329734355,
1869,misc.forsale,misc.forsale,True,0.78,0.3254486659425311,
1870,comp.windows.x,comp.graphics,False,0.54,0.2782272500335239,
1871,comp.os.ms-windows.misc,comp.sys.ibm.pc.hardware,False,0.83,0.2801067919936031,
1872,sci.crypt,sci.crypt,True,1.0,0.26022145902970806,
1873,sci.crypt,sci.crypt,True,1.0,0.2487865419825539,
1874,alt.atheism,talk.politics.misc,False,0.29,0.23733058397192508,
1875,soc.religion.christian,soc.religion.christian,True,0.99,0.2676875840406865,
1876,comp.sys.mac.hardware,comp.sys.mac.hardware,True,1.0,0.2783175419899635,
1877,comp.sys.ibm.pc.hardware,comp.sys.ibm.pc.hardware,True,0.72,0.2718010420212522,
1878,rec.motorcycles,rec.motorcycles,True,0.68,0.29406995803583413,
1879,rec.sport.baseball,comp.os.ms-windows.misc,False,0.14,0.2615280000027269,
1880,talk.politics.guns,talk.politics.misc,False,0.39,0.28035579196875915,
1881,comp.graphics,comp.graphics,True,1.0,0.3486602499615401,
1882,talk.politics.misc,misc.forsale,False,0.66,0.3269424159661867,
1883,talk.politics.guns,talk.politics.guns,True,0.99,0.2996619999757968,
1884,sci.space,sci.space,True,1.0,0.2499144999892451,
1885,comp.sys.ibm.pc.hardware,comp.sys.ibm.pc.hardware,True,0.98,0.27327075001085177,
1886,comp.graphics,comp.sys.ibm.pc.hardware,False,0.49,0.2809240419883281,
1887,sci.med,sci.med,True,0.89,0.34197112498804927,
1888,talk.politics.guns,sci.electronics,False,0.44,0.25851116701960564,
1889,sci.electronics,sci.electronics,True,1.0,0.2576291669975035,
1890,misc.forsale,misc.forsale,True,1.0,0.27378404198680073,
1891,alt.atheism,talk.religion.misc,False,0.45,0.26064887503162026,
1892,talk.politics.guns,talk.politics.guns,True,1.0,0.3041054159984924,
1893,comp.sys.mac.hardware,comp.sys.mac.hardware,True,1.0,0.2825160420034081,
1894,comp.sys.mac.hardware,comp.sys.mac.hardware,True,1.0,0.3338694169651717,
1895,comp.graphics,comp.graphics,True,0.94,0.31299000000581145,
1896,sci.space,sci.space,True,0.93,0.31610920798266307,
1897,rec.sport.hockey,rec.sport.hockey,True,1.0,0.2890011249692179,
1898,comp.os.ms-windows.misc,comp.os.ms-windows.misc,True,0.54,0.2655597919947468,
1899,misc.forsale,misc.forsale,True,1.0,0.3032142920419574,
1900,comp.windows.x,comp.windows.x,True,0.89,0.2516579999937676,
1901,sci.med,sci.med,True,1.0,0.4860853329882957,
1902,talk.politics.guns,talk.politics.guns,True,1.0,0.2502216249704361,
1903,comp.sys.ibm.pc.hardware,comp.sys.ibm.pc.hardware,True,0.86,0.3098901250050403,
1904,rec.sport.baseball,rec.sport.baseball,True,1.0,0.24250049999682233,
1905,sci.space,sci.space,True,1.0,0.24920670897699893,
1906,comp.sys.mac.hardware,comp.sys.mac.hardware,True,1.0,0.24721237499034032,
1907,sci.electronics,sci.electronics,True,0.46,0.24826016696169972,
1908,sci.space,sci.space,True,1.0,0.4000254159909673,
1909,talk.religion.misc,talk.politics.guns,False,0.99,0.26976850000210106,
1910,talk.religion.misc,alt.atheism,False,0.45,0.3202517080353573,
1911,rec.motorcycles,rec.motorcycles,True,1.0,0.35585804196307436,
1912,sci.space,sci.space,True,1.0,0.30862237501423806,
1913,talk.politics.mideast,talk.politics.misc,False,0.98,0.2729744579992257,
1914,rec.motorcycles,rec.motorcycles,True,0.32,0.2723300000070594,
1915,comp.graphics,comp.graphics,True,1.0,0.2796199590084143,
1916,alt.atheism,alt.atheism,True,0.98,0.33625291602220386,
1917,alt.atheism,talk.religion.misc,False,0.86,0.25764020800124854,
1918,sci.med,sci.med,True,1.0,0.3369870830210857,
1919,comp.windows.x,comp.windows.x,True,1.0,0.2544598749955185,
1920,talk.politics.mideast,talk.politics.misc,False,0.65,0.2463582910131663,
1921,rec.autos,rec.autos,True,1.0,0.3153157079941593,
1922,comp.os.ms-windows.misc,comp.sys.mac.hardware,False,0.97,0.2889865000033751,
1923,rec.autos,rec.autos,True,0.96,0.27122724999208003,
1924,rec.sport.hockey,rec.sport.hockey,True,0.99,0.24060825002379715,
1925,talk.politics.mideast,talk.religion.misc,False,0.68,0.30300758400699124,
1926,soc.religion.christian,alt.atheism,False,0.94,0.23744270898168907,
1927,sci.electronics,sci.crypt,False,0.92,0.2891064580180682,
1928,comp.windows.x,comp.windows.x,True,1.0,0.266118458006531,
1929,misc.forsale,misc.forsale,True,1.0,0.2456970409839414,
1930,comp.sys.mac.hardware,comp.sys.ibm.pc.hardware,False,0.58,0.3485922919935547,
1931,talk.religion.misc,talk.religion.misc,True,0.54,0.31874691700795665,
1932,sci.crypt,sci.crypt,True,0.92,0.2891907500452362,
1933,comp.windows.x,comp.windows.x,True,0.79,0.2651616670191288,
1934,comp.sys.ibm.pc.hardware,comp.sys.ibm.pc.hardware,True,1.0,0.3228813750320114,
1935,rec.motorcycles,rec.motorcycles,True,0.82,0.4190831250161864,
1936,sci.crypt,sci.crypt,True,1.0,0.309749334002845,
1937,sci.electronics,sci.electronics,True,0.77,0.24945391598157585,
1938,talk.politics.guns,talk.politics.guns,True,0.99,0.3746440000250004,
1939,comp.sys.ibm.pc.hardware,comp.sys.ibm.pc.hardware,True,1.0,0.3718380840145983,
1940,sci.med,sci.med,True,0.97,0.2917925419751555,
1941,comp.os.ms-windows.misc,comp.os.ms-windows.misc,True,0.99,0.28588600002694875,
1942,sci.space,sci.space,True,1.0,0.2850994580076076,
1943,talk.politics.guns,talk.politics.misc,False,1.0,0.26154000003589317,
1944,rec.sport.hockey,talk.politics.misc,False,0.84,0.2414345420547761,
1945,comp.sys.mac.hardware,comp.sys.mac.hardware,True,0.56,0.27295937499729916,
1946,rec.sport.baseball,rec.sport.baseball,True,1.0,0.27701729198452085,
1947,rec.autos,rec.autos,True,1.0,0.319298125046771,
1948,comp.sys.mac.hardware,talk.politics.misc,False,0.3,0.24705562501912937,
1949,talk.politics.misc,talk.politics.misc,True,0.57,0.2401653749984689,
1950,sci.space,sci.space,True,0.83,0.29923058301210403,
1951,comp.graphics,comp.graphics,True,1.0,0.24851691600633785,
1952,comp.sys.mac.hardware,comp.sys.ibm.pc.hardware,False,0.94,0.2567500830045901,
1953,rec.motorcycles,sci.electronics,False,0.21,0.321402458997909,
1954,sci.space,sci.space,True,0.99,0.2716470410232432,
1955,sci.crypt,sci.crypt,True,1.0,0.30276508402312174,
1956,sci.crypt,sci.crypt,True,1.0,0.5224034590064548,
1957,rec.sport.baseball,rec.sport.baseball,True,1.0,0.2586229160078801,
1958,misc.forsale,misc.forsale,True,0.65,0.2636360420146957,
1959,talk.religion.misc,comp.os.ms-windows.misc,False,0.31,0.2604916669661179,
1960,talk.politics.mideast,talk.politics.misc,False,0.87,0.25675666600000113,
1961,comp.os.ms-windows.misc,comp.os.ms-windows.misc,True,0.93,0.23829470796044916,
1962,sci.electronics,sci.electronics,True,0.95,0.23925162496743724,
1963,rec.sport.hockey,rec.sport.hockey,True,1.0,0.4391105829854496,
1964,sci.electronics,sci.electronics,True,0.69,0.26126850000582635,
1965,comp.windows.x,comp.windows.x,True,0.98,0.294284583942499,
1966,sci.space,sci.space,True,0.47,0.26888241700362414,
1967,rec.autos,rec.autos,True,1.0,0.2620291250059381,
1968,rec.sport.baseball,rec.sport.baseball,True,1.0,0.25526520801940933,
1969,sci.crypt,sci.crypt,True,0.97,0.33158833399647847,
1970,comp.os.ms-windows.misc,comp.graphics,False,1.0,0.2560523330466822,
1971,comp.sys.ibm.pc.hardware,comp.sys.ibm.pc.hardware,True,0.69,0.2562647089944221,
1972,talk.religion.misc,talk.politics.guns,False,0.33,0.2603465830325149,
1973,comp.graphics,comp.windows.x,False,0.34,0.27459745900705457,
1974,comp.sys.ibm.pc.hardware,comp.sys.ibm.pc.hardware,True,0.98,0.25861324998550117,
1975,comp.sys.mac.hardware,talk.politics.misc,False,0.48,0.3170958749833517,
1976,rec.sport.baseball,rec.sport.baseball,True,0.7,0.273605625028722,
1977,talk.politics.misc,talk.politics.guns,False,0.89,0.2639339169836603,
1978,comp.sys.ibm.pc.hardware,comp.sys.ibm.pc.hardware,True,1.0,0.2956605000072159,
1979,sci.crypt,talk.politics.misc,False,0.95,0.3195595000288449,
1980,comp.os.ms-windows.misc,comp.os.ms-windows.misc,True,0.41,0.2567615419975482,
1981,talk.politics.guns,talk.politics.guns,True,0.98,0.2952352080028504,
1982,rec.motorcycles,rec.motorcycles,True,1.0,0.26514224999118596,
1983,rec.sport.hockey,rec.sport.hockey,True,0.99,0.2491844579926692,
1984,rec.sport.hockey,rec.sport.hockey,True,0.99,0.23814824997680262,
1985,rec.sport.baseball,rec.sport.baseball,True,1.0,0.3499097910244018,
1986,misc.forsale,misc.forsale,True,0.95,0.2923244169796817,
1987,rec.autos,rec.autos,True,1.0,0.2424385420163162,
1988,alt.atheism,talk.politics.guns,False,0.42,0.33899641601601616,
1989,rec.autos,rec.autos,True,1.0,0.24998349999077618,
1990,rec.sport.hockey,rec.sport.baseball,False,0.84,0.26642875000834465,
1991,soc.religion.christian,soc.religion.christian,True,0.95,0.2794557500164956,
1992,comp.sys.ibm.pc.hardware,comp.sys.ibm.pc.hardware,True,1.0,0.2851926250150427,
1993,sci.space,sci.space,True,0.69,0.4285606669727713,
1994,talk.politics.guns,talk.politics.guns,True,0.8,0.2927638329565525,
1995,sci.electronics,sci.crypt,False,0.65,0.2942406670190394,
1996,talk.politics.guns,talk.religion.misc,False,0.53,0.23494287498760968,
1997,sci.crypt,sci.crypt,True,0.66,0.3388066249899566,
1998,comp.os.ms-windows.misc,comp.os.ms-windows.misc,True,0.87,0.33256175002316013,
1999,comp.sys.ibm.pc.hardware,comp.sys.ibm.pc.hardware,True,1.0,0.3058520419872366,
2000,sci.space,comp.os.ms-windows.misc,False,0.32,0.2908259590039961,
2001,sci.med,sci.med,True,1.0,0.27607237501069903,
2002,talk.politics.misc,talk.politics.misc,True,0.62,0.2990907920175232,
2003,alt.atheism,talk.politics.misc,False,0.98,0.3145680830348283,
2004,comp.graphics,comp.os.ms-windows.misc,False,0.76,0.25103316601598635,
2005,sci.electronics,sci.electronics,True,1.0,0.27241733303526416,
2006,sci.crypt,sci.crypt,True,1.0,0.24957270798040554,
2007,sci.space,sci.space,True,0.76,0.35927037498913705,
2008,alt.atheism,alt.atheism,True,0.9,0.24016066698823124,
2009,soc.religion.christian,soc.religion.christian,True,0.72,0.4417152910027653,
2010,rec.sport.baseball,rec.sport.baseball,True,1.0,0.3540973749477416,
2011,comp.windows.x,comp.windows.x,True,1.0,0.30913354200311005,
2012,comp.sys.mac.hardware,comp.sys.ibm.pc.hardware,False,0.67,0.27227829198818654,
2013,sci.electronics,talk.politics.misc,False,0.89,0.2720981670427136,
2014,talk.politics.misc,talk.religion.misc,False,0.85,0.27079729101387784,
2015,comp.os.ms-windows.misc,sci.crypt,False,0.44,0.29423291696002707,
2016,rec.sport.baseball,rec.sport.baseball,True,1.0,0.243665374990087,
2017,rec.sport.baseball,rec.sport.baseball,True,0.99,0.31895204196916893,
2018,sci.crypt,sci.crypt,True,0.99,0.2310264580301009,
2019,comp.graphics,comp.graphics,True,0.94,0.25047366705257446,
2020,alt.atheism,talk.politics.misc,False,0.94,0.26068433397449553,
2021,talk.politics.mideast,talk.politics.mideast,True,0.61,0.25310429197270423,
2022,rec.sport.baseball,rec.sport.baseball,True,1.0,0.2568792920210399,
2023,sci.crypt,sci.crypt,True,0.96,0.3431154999998398,
2024,sci.electronics,sci.crypt,False,0.99,0.3304852500441484,
2025,sci.med,sci.med,True,1.0,0.3112210829858668,
2026,talk.religion.misc,alt.atheism,False,0.87,0.3050120830303058,
2027,misc.forsale,sci.electronics,False,0.58,0.31970737501978874,
2028,sci.electronics,sci.electronics,True,1.0,0.31752879201667383,
2029,comp.sys.mac.hardware,sci.med,False,0.24,0.2540675000054762,
2030,rec.motorcycles,rec.motorcycles,True,1.0,0.3090404999675229,
2031,talk.religion.misc,soc.religion.christian,False,0.59,0.26358575001358986,
2032,sci.electronics,sci.crypt,False,0.76,0.2847359160077758,
2033,talk.politics.misc,talk.politics.guns,False,0.66,0.27500066603533924,
2034,talk.politics.misc,comp.os.ms-windows.misc,False,0.33,0.27427829103544354,
2035,comp.windows.x,comp.windows.x,True,0.99,0.26071304094512016,
2036,comp.windows.x,comp.os.ms-windows.misc,False,0.85,0.2731646249885671,
2037,comp.sys.ibm.pc.hardware,comp.sys.ibm.pc.hardware,True,0.99,0.30572645796928555,
2038,talk.religion.misc,talk.religion.misc,True,0.4,0.25690133299212903,
2039,talk.politics.mideast,talk.politics.misc,False,0.45,0.322580958949402,
2040,talk.politics.guns,comp.os.ms-windows.misc,False,0.33,0.23948475002544,
2041,comp.os.ms-windows.misc,comp.graphics,False,0.52,0.2635055410210043,
2042,rec.autos,rec.autos,True,1.0,0.28402683400781825,
2043,comp.os.ms-windows.misc,comp.windows.x,False,0.58,0.2965387079748325,
2044,rec.sport.hockey,rec.sport.hockey,True,1.0,0.3086442499770783,
2045,sci.crypt,sci.crypt,True,1.0,0.2709696250385605,
2046,alt.atheism,talk.religion.misc,False,0.74,0.31105283298529685,
2047,comp.windows.x,comp.sys.mac.hardware,False,0.85,0.23232379200635478,
2048,comp.windows.x,comp.os.ms-windows.misc,False,0.46,0.3223784589790739,
2049,comp.sys.mac.hardware,comp.sys.mac.hardware,True,1.0,0.2946995420497842,
2050,rec.sport.baseball,rec.sport.baseball,True,1.0,0.28216987499035895,
2051,sci.electronics,rec.autos,False,0.95,0.3133984170272015,
2052,soc.religion.christian,soc.religion.christian,True,0.58,0.2649919170071371,
2053,sci.med,talk.politics.misc,False,0.37,0.26355337497079745,
2054,misc.forsale,misc.forsale,True,1.0,0.23189362499397248,
2055,soc.religion.christian,comp.os.ms-windows.misc,False,0.33,0.2946785420062952,
2056,rec.autos,rec.autos,True,0.93,0.2837499579763971,
2057,alt.atheism,talk.politics.misc,False,0.35,0.2641268330044113,
2058,soc.religion.christian,soc.religion.christian,True,0.7,0.3068240000284277,
2059,comp.sys.mac.hardware,comp.sys.mac.hardware,True,1.0,0.26723766699433327,
2060,rec.sport.baseball,rec.sport.baseball,True,1.0,0.2580453749978915,
2061,rec.autos,rec.autos,True,1.0,0.3046787909697741,
2062,sci.space,sci.space,True,1.0,0.2804797499557026,
2063,sci.electronics,sci.electronics,True,0.99,0.26287504204083234,
2064,talk.politics.mideast,talk.politics.mideast,True,1.0,0.3005387500161305,
2065,sci.space,comp.windows.x,False,0.61,0.3015921670012176,
2066,rec.sport.hockey,rec.sport.hockey,True,1.0,0.31135295901913196,
2067,sci.med,sci.med,True,0.94,0.26559991703834385,
2068,talk.politics.mideast,talk.politics.mideast,True,1.0,0.28090099996188655,
2069,comp.sys.mac.hardware,comp.sys.mac.hardware,True,1.0,0.34374991699587554,
2070,alt.atheism,alt.atheism,True,0.8,0.2742269169539213,
2071,misc.forsale,misc.forsale,True,0.99,0.29406666703289375,
2072,comp.graphics,comp.graphics,True,1.0,0.29387437499826774,
2073,sci.med,sci.med,True,0.99,0.30476708395872265,
2074,talk.politics.mideast,talk.politics.misc,False,0.32,0.2812881250283681,
2075,talk.politics.guns,talk.politics.misc,False,0.74,0.24354341597063467,
2076,misc.forsale,misc.forsale,True,0.99,0.273107000044547,
2077,sci.med,sci.med,True,1.0,0.26552020898088813,
2078,sci.med,sci.med,True,1.0,0.2862945409724489,
2079,comp.sys.mac.hardware,comp.sys.mac.hardware,True,1.0,0.2880457089631818,
2080,comp.os.ms-windows.misc,comp.os.ms-windows.misc,True,0.99,0.2652307499665767,
2081,soc.religion.christian,soc.religion.christian,True,0.88,0.23752966697793454,
2082,comp.graphics,comp.graphics,True,1.0,0.3007066249847412,
2083,soc.religion.christian,soc.religion.christian,True,0.91,0.3994441669783555,
2084,comp.sys.mac.hardware,misc.forsale,False,0.41,0.2837643339880742,
2085,rec.motorcycles,rec.motorcycles,True,1.0,0.3891743749845773,
2086,sci.space,sci.space,True,1.0,0.3281550840474665,
2087,comp.sys.ibm.pc.hardware,sci.electronics,False,0.53,0.23681220901198685,
2088,sci.crypt,sci.crypt,True,1.0,0.2777841659844853,
2089,comp.windows.x,comp.windows.x,True,1.0,0.29676854104036465,
2090,misc.forsale,misc.forsale,True,1.0,0.24934341595508158,
2091,sci.med,sci.med,True,1.0,0.2661052080220543,
2092,rec.sport.baseball,rec.sport.baseball,True,1.0,0.25210745801450685,
2093,misc.forsale,misc.forsale,True,0.99,0.24415833299281076,
2094,comp.sys.mac.hardware,comp.sys.mac.hardware,True,1.0,0.28365100000519305,
2095,rec.sport.baseball,talk.politics.misc,False,0.92,0.25169637496583164,
2096,comp.windows.x,comp.windows.x,True,1.0,0.3240637920098379,
2097,rec.sport.hockey,rec.sport.hockey,True,1.0,0.30612879199907184,
2098,sci.med,sci.med,True,1.0,0.31145920796552673,
2099,rec.sport.hockey,rec.sport.hockey,True,1.0,0.24532112496672198,
2100,sci.med,sci.med,True,1.0,0.2477824580273591,
2101,sci.electronics,comp.os.ms-windows.misc,False,0.97,0.2420922500314191,
2102,misc.forsale,misc.forsale,True,1.0,0.2584144590073265,
2103,sci.med,sci.med,True,1.0,0.3008087499765679,
2104,talk.politics.guns,talk.politics.misc,False,0.99,0.27473912498680875,
2105,comp.graphics,comp.graphics,True,0.95,0.32815945899346843,
2106,talk.politics.mideast,talk.politics.mideast,True,0.48,0.292526374978479,
2107,rec.sport.baseball,rec.sport.baseball,True,1.0,0.277821707946714,
2108,rec.sport.hockey,rec.sport.hockey,True,1.0,0.3477474999963306,
2109,alt.atheism,alt.atheism,True,0.78,0.2795057080220431,
2110,alt.atheism,alt.atheism,True,0.46,0.29165187501348555,
2111,comp.sys.mac.hardware,talk.politics.misc,False,0.55,0.2386105420300737,
2112,sci.med,sci.med,True,1.0,0.274922417011112,
2113,talk.politics.mideast,talk.politics.misc,False,0.97,0.35403679200680926,
2114,rec.motorcycles,rec.motorcycles,True,0.93,0.3482310000108555,
2115,comp.sys.ibm.pc.hardware,comp.sys.ibm.pc.hardware,True,0.84,0.3183256249758415,
2116,talk.politics.mideast,talk.politics.mideast,True,0.57,0.28354525001486763,
2117,alt.atheism,alt.atheism,True,0.41,0.2802400409709662,
2118,talk.politics.misc,talk.politics.misc,True,0.81,0.2710585840395652,
2119,comp.os.ms-windows.misc,sci.space,False,0.37,0.29030741698807105,
2120,alt.atheism,talk.religion.misc,False,0.42,0.2395875000511296,
2121,alt.atheism,soc.religion.christian,False,0.43,0.3862122910213657,
2122,comp.sys.mac.hardware,comp.sys.mac.hardware,True,0.99,0.2586264170240611,
2123,comp.windows.x,comp.windows.x,True,1.0,0.29982791701331735,
2124,rec.autos,rec.autos,True,0.69,0.23994629201479256,
2125,sci.space,sci.space,True,0.93,0.25677862495649606,
2126,rec.sport.hockey,rec.sport.hockey,True,1.0,0.25331862503662705,
2127,comp.sys.mac.hardware,comp.sys.mac.hardware,True,1.0,0.30887449998408556,
2128,sci.electronics,rec.motorcycles,False,0.52,0.23412108304910362,
2129,sci.electronics,comp.sys.mac.hardware,False,0.81,0.30531437502941117,
2130,rec.sport.baseball,rec.sport.baseball,True,1.0,0.2741727919783443,
2131,sci.med,talk.politics.misc,False,0.77,0.28927304095122963,
2132,sci.space,sci.space,True,1.0,0.2682525410200469,
2133,sci.crypt,sci.crypt,True,1.0,0.23705270799109712,
2134,misc.forsale,misc.forsale,True,1.0,0.25750624999636784,
2135,talk.politics.guns,talk.politics.guns,True,1.0,0.2831410000217147,
2136,rec.sport.hockey,rec.sport.hockey,True,1.0,0.27292658295482397,
2137,sci.med,sci.med,True,1.0,0.2926235420163721,
2138,comp.sys.ibm.pc.hardware,comp.sys.ibm.pc.hardware,True,0.99,0.24623845895985141,
2139,soc.religion.christian,soc.religion.christian,True,0.97,0.23412716697202995,
2140,talk.politics.mideast,talk.politics.mideast,True,0.8,0.2820918340003118,
2141,comp.sys.ibm.pc.hardware,comp.sys.ibm.pc.hardware,True,0.55,0.27819308399921283,
2142,rec.autos,rec.autos,True,1.0,0.2674448339967057,
2143,comp.os.ms-windows.misc,comp.sys.ibm.pc.hardware,False,0.77,0.33542862499598414,
2144,soc.religion.christian,talk.politics.misc,False,0.92,0.31866658403305337,
2145,comp.windows.x,comp.windows.x,True,1.0,0.2808575000381097,
2146,sci.med,sci.med,True,1.0,0.28604362497571856,
2147,comp.os.ms-windows.misc,comp.os.ms-windows.misc,True,0.91,0.30207675002748147,
2148,comp.os.ms-windows.misc,comp.os.ms-windows.misc,True,1.0,0.30910637497436255,
2149,rec.autos,rec.autos,True,1.0,0.23896062502171844,
2150,talk.politics.guns,talk.politics.misc,False,0.73,0.2533095420221798,
2151,rec.autos,rec.autos,True,0.89,0.26847683399682865,
2152,sci.space,sci.med,False,0.23,0.25148070900468156,
2153,rec.autos,rec.autos,True,1.0,0.247465165972244,
2154,soc.religion.christian,soc.religion.christian,True,0.5,0.27830012497724965,
2155,soc.religion.christian,soc.religion.christian,True,0.5,0.23137920902809128,
2156,rec.autos,rec.autos,True,0.92,0.2557400420191698,
2157,sci.crypt,sci.electronics,False,0.95,0.3699084160034545,
2158,alt.atheism,talk.religion.misc,False,0.4,0.23476170800859109,
2159,comp.windows.x,comp.windows.x,True,1.0,0.25382279203040525,
2160,comp.sys.ibm.pc.hardware,comp.sys.ibm.pc.hardware,True,1.0,0.25347329198848456,
2161,sci.space,comp.windows.x,False,0.2,0.3850946250022389,
2162,sci.med,sci.electronics,False,0.66,0.3749945830204524,
2163,alt.atheism,talk.politics.mideast,False,0.41,0.3127526669995859,
2164,comp.sys.mac.hardware,comp.sys.mac.hardware,True,1.0,0.30790866701863706,
2165,rec.motorcycles,rec.motorcycles,True,0.97,0.32023358397418633,
2166,rec.sport.hockey,rec.sport.hockey,True,1.0,0.3373461249866523,
2167,talk.politics.guns,talk.politics.guns,True,1.0,0.3006698329700157,
2168,talk.politics.guns,talk.politics.guns,True,0.71,0.3310965419514105,
2169,sci.med,sci.med,True,1.0,0.29828995798015967,
2170,comp.graphics,comp.graphics,True,0.98,0.2447830829769373,
2171,talk.politics.guns,talk.religion.misc,False,0.69,0.2645137090003118,
2172,alt.atheism,talk.politics.misc,False,0.73,0.2848344999947585,
2173,sci.med,sci.med,True,1.0,0.39435729203978553,
2174,misc.forsale,misc.forsale,True,1.0,0.33020833402406424,
2175,talk.politics.guns,talk.politics.guns,True,1.0,0.3869403339922428,
2176,sci.med,sci.med,True,1.0,0.27150037500541657,
2177,sci.med,sci.med,True,1.0,0.2953262919909321,
2178,rec.sport.baseball,rec.sport.baseball,True,0.98,0.28596800001105294,
2179,comp.os.ms-windows.misc,talk.religion.misc,False,0.16,0.2955715419957414,
2180,sci.space,sci.space,True,0.95,0.27655945799779147,
2181,comp.os.ms-windows.misc,comp.os.ms-windows.misc,True,0.91,0.2875465409597382,
2182,rec.motorcycles,rec.motorcycles,True,1.0,0.3617912919726223,
2183,comp.sys.mac.hardware,sci.electronics,False,0.53,0.3672915829811245,
2184,comp.sys.mac.hardware,comp.sys.mac.hardware,True,1.0,0.285818540956825,
2185,sci.space,misc.forsale,False,0.79,0.2695469169993885,
2186,comp.os.ms-windows.misc,comp.os.ms-windows.misc,True,1.0,0.2764030410326086,
2187,comp.sys.mac.hardware,comp.sys.ibm.pc.hardware,False,0.94,0.2582675000303425,
2188,rec.sport.baseball,rec.sport.baseball,True,1.0,0.28326374996686354,
2189,sci.med,sci.med,True,1.0,0.30030866601737216,
2190,rec.sport.baseball,rec.sport.baseball,True,1.0,0.31199183396529406,
2191,comp.graphics,comp.graphics,True,0.99,0.3390846660477109,
2192,soc.religion.christian,soc.religion.christian,True,0.98,0.24650437501259148,
2193,rec.sport.hockey,rec.sport.hockey,True,1.0,0.4332966670044698,
2194,talk.politics.misc,talk.politics.guns,False,1.0,0.4147212079842575,
2195,sci.crypt,sci.crypt,True,0.99,0.2575226670014672,
2196,talk.politics.misc,talk.politics.misc,True,0.75,0.3120058749918826,
2197,rec.motorcycles,rec.motorcycles,True,0.76,0.2603967500035651,
2198,sci.crypt,sci.crypt,True,0.99,0.2865015839925036,
2199,rec.sport.baseball,rec.sport.baseball,True,1.0,0.26626087503973395,
2200,comp.windows.x,comp.windows.x,True,0.99,0.25960820901673287,
2201,talk.politics.misc,talk.politics.misc,True,0.69,0.3786034999648109,
2202,talk.politics.misc,talk.politics.misc,True,0.9,0.2655190830118954,
2203,talk.politics.misc,talk.politics.misc,True,1.0,0.32678699999814853,
2204,rec.sport.hockey,rec.sport.hockey,True,1.0,0.3190817499998957,
2205,rec.motorcycles,rec.motorcycles,True,1.0,0.32730800000717863,
2206,comp.os.ms-windows.misc,comp.os.ms-windows.misc,True,0.99,0.3207059159758501,
2207,rec.autos,rec.autos,True,1.0,0.2688967499998398,
2208,rec.sport.baseball,comp.os.ms-windows.misc,False,0.32,0.2736084589851089,
2209,rec.sport.baseball,rec.sport.baseball,True,1.0,0.24759679095586762,
2210,comp.windows.x,comp.graphics,False,0.99,0.2962025419692509,
2211,rec.autos,rec.autos,True,1.0,0.27265891595743597,
2212,comp.windows.x,comp.windows.x,True,1.0,0.2661139590200037,
2213,alt.atheism,talk.religion.misc,False,0.41,0.32903924997663125,
2214,talk.politics.mideast,talk.politics.mideast,True,0.72,0.351727084023878,
2215,sci.med,sci.med,True,1.0,0.3090765830129385,
2216,talk.politics.guns,talk.politics.guns,True,1.0,0.2664436249760911,
2217,rec.motorcycles,rec.motorcycles,True,0.94,0.26763216697145253,
2218,rec.autos,rec.autos,True,1.0,0.28613604203565046,
2219,talk.politics.misc,talk.politics.misc,True,0.91,0.2732772089657374,
2220,rec.autos,comp.os.ms-windows.misc,False,0.23,0.2599949589930475,
2221,comp.sys.mac.hardware,comp.sys.mac.hardware,True,1.0,0.2522522920044139,
2222,talk.religion.misc,talk.religion.misc,True,0.52,0.31007812498137355,
2223,comp.graphics,comp.graphics,True,1.0,0.2371319589437917,
2224,rec.sport.hockey,rec.sport.hockey,True,0.91,0.41740545805078,
2225,talk.politics.misc,talk.politics.misc,True,0.98,0.2561465420294553,
2226,talk.religion.misc,soc.religion.christian,False,0.94,0.38167295802850276,
2227,sci.space,comp.os.ms-windows.misc,False,0.6,0.2842140000429936,
2228,talk.politics.guns,talk.politics.misc,False,0.61,0.36037912499159575,
2229,misc.forsale,misc.forsale,True,0.64,0.31571645801886916,
2230,comp.sys.mac.hardware,comp.sys.mac.hardware,True,0.67,0.31615037500159815,
2231,talk.religion.misc,talk.religion.misc,True,0.87,0.3182566670002416,
2232,sci.crypt,talk.politics.misc,False,0.96,0.31240599998272955,
2233,talk.religion.misc,alt.atheism,False,0.84,0.26899595803115517,
2234,talk.politics.mideast,talk.politics.misc,False,0.98,0.27760262496303767,
2235,comp.sys.ibm.pc.hardware,sci.electronics,False,0.93,0.2908194169867784,
2236,sci.crypt,sci.crypt,True,0.99,0.31955370801733807,
2237,talk.politics.mideast,talk.politics.misc,False,0.79,0.31330895802238956,
2238,comp.sys.ibm.pc.hardware,comp.sys.ibm.pc.hardware,True,1.0,0.2585943750455044,
2239,talk.politics.guns,talk.politics.misc,False,0.88,0.29861712496494874,
2240,sci.electronics,misc.forsale,False,0.73,0.2753836250049062,
2241,sci.space,comp.os.ms-windows.misc,False,0.34,0.3574162909644656,
2242,soc.religion.christian,comp.os.ms-windows.misc,False,0.32,0.2910103339818306,
2243,comp.sys.ibm.pc.hardware,comp.sys.ibm.pc.hardware,True,0.85,0.2598028749926016,
2244,talk.politics.mideast,talk.politics.misc,False,0.87,0.3039728329749778,
2245,comp.sys.ibm.pc.hardware,comp.sys.ibm.pc.hardware,True,1.0,0.23770829197019339,
2246,talk.politics.mideast,talk.politics.misc,False,0.98,0.26970420801080763,
2247,sci.crypt,sci.crypt,True,0.99,0.25956679199589416,
2248,comp.windows.x,comp.windows.x,True,1.0,0.2669324590242468,
2249,alt.atheism,alt.atheism,True,1.0,0.2618649580399506,
2250,rec.sport.baseball,rec.sport.baseball,True,1.0,0.30338095797924325,
2251,sci.med,sci.med,True,1.0,0.280045457999222,
2252,sci.electronics,sci.electronics,True,0.88,0.3244060830329545,
2253,comp.windows.x,comp.windows.x,True,1.0,0.30215129198040813,
2254,sci.med,sci.med,True,0.98,0.2729771250160411,
2255,rec.motorcycles,rec.autos,False,0.62,0.2517262499895878,
2256,comp.graphics,comp.graphics,True,0.76,0.26922129199374467,
2257,sci.electronics,talk.politics.misc,False,0.66,0.28624629200203344,
2258,sci.space,sci.space,True,0.84,0.40019224997377023,
2259,sci.med,sci.med,True,0.91,0.2601705410052091,
2260,sci.electronics,sci.electronics,True,0.99,0.36487770796520635,
2261,talk.politics.misc,talk.politics.misc,True,0.94,0.38065329199889675,
2262,comp.windows.x,comp.sys.ibm.pc.hardware,False,0.61,0.31676166696706787,
2263,talk.religion.misc,soc.religion.christian,False,0.46,0.28156358300475404,
2264,sci.electronics,sci.electronics,True,0.61,0.42716583400033414,
2265,rec.motorcycles,rec.motorcycles,True,0.98,0.2732315830071457,
2266,rec.autos,rec.autos,True,1.0,0.3450298749958165,
2267,comp.os.ms-windows.misc,comp.os.ms-windows.misc,True,1.0,0.3104255409562029,
2268,talk.politics.misc,talk.politics.misc,True,1.0,0.4098695830325596,
2269,misc.forsale,comp.sys.ibm.pc.hardware,False,0.74,0.2322720419615507,
2270,comp.sys.mac.hardware,comp.sys.ibm.pc.hardware,False,0.85,0.31958700000541285,
2271,talk.politics.misc,talk.politics.misc,True,0.99,0.27384237496880814,
2272,alt.atheism,alt.atheism,True,0.99,0.3210259159677662,
2273,comp.sys.ibm.pc.hardware,comp.sys.ibm.pc.hardware,True,1.0,0.26195491600083187,
2274,talk.religion.misc,soc.religion.christian,False,0.96,0.2554647080251016,
2275,comp.os.ms-windows.misc,comp.sys.ibm.pc.hardware,False,1.0,0.29173320898553357,
2276,talk.politics.mideast,talk.politics.misc,False,0.97,0.26192516600713134,
2277,sci.electronics,sci.electronics,True,0.93,0.25936258397996426,
2278,rec.sport.baseball,rec.sport.baseball,True,0.89,0.3160755829885602,
2279,sci.electronics,rec.autos,False,0.88,0.302316166984383,
2280,sci.med,sci.med,True,1.0,0.26429429196286947,
2281,comp.os.ms-windows.misc,comp.os.ms-windows.misc,True,1.0,0.39245425001718104,
2282,comp.graphics,comp.graphics,True,0.99,0.3900835830136202,
2283,comp.sys.mac.hardware,comp.sys.ibm.pc.hardware,False,0.57,0.23601449996931478,
2284,rec.motorcycles,rec.motorcycles,True,1.0,0.37402154196752235,
2285,rec.sport.hockey,rec.sport.hockey,True,0.72,0.33335116697708145,
2286,comp.windows.x,comp.os.ms-windows.misc,False,0.14,0.33495854097418487,
2287,sci.med,sci.med,True,1.0,0.3031670830096118,
2288,comp.windows.x,comp.windows.x,True,1.0,0.30138270801398903,
2289,sci.crypt,sci.crypt,True,1.0,0.28179262502817437,
2290,comp.windows.x,comp.windows.x,True,1.0,0.32001908402889967,
2291,rec.autos,rec.autos,True,1.0,0.28519329201662913,
2292,sci.space,talk.politics.misc,False,0.71,0.3610541250091046,
2293,sci.crypt,sci.crypt,True,0.66,0.35548629198456183,
2294,sci.crypt,sci.crypt,True,0.88,0.2628539159777574,
2295,comp.graphics,comp.graphics,True,0.96,0.2495566249708645,
2296,comp.os.ms-windows.misc,comp.sys.ibm.pc.hardware,False,0.8,0.29242433299077675,
2297,sci.crypt,sci.crypt,True,1.0,0.2520521660335362,
2298,rec.motorcycles,rec.motorcycles,True,1.0,0.30712137499358505,
2299,sci.electronics,sci.electronics,True,1.0,0.3227938750060275,
2300,talk.religion.misc,talk.religion.misc,True,0.48,0.2884327909559943,
2301,talk.politics.mideast,talk.religion.misc,False,0.35,0.311759083007928,
2302,comp.os.ms-windows.misc,comp.os.ms-windows.misc,True,0.79,0.3454778750310652,
2303,rec.sport.hockey,rec.sport.hockey,True,0.99,0.2751446249894798,
2304,talk.religion.misc,soc.religion.christian,False,0.53,0.29962066595908254,
2305,talk.politics.mideast,talk.politics.mideast,True,1.0,0.2658197499695234,
2306,comp.windows.x,comp.windows.x,True,1.0,0.2743313329992816,
2307,comp.sys.mac.hardware,comp.sys.mac.hardware,True,1.0,0.2638807080220431,
2308,misc.forsale,comp.os.ms-windows.misc,False,0.33,0.24655654199887067,
2309,comp.windows.x,comp.os.ms-windows.misc,False,0.28,0.2747212080284953,
2310,comp.sys.ibm.pc.hardware,comp.sys.ibm.pc.hardware,True,0.52,0.37958004197571427,
2311,talk.politics.misc,comp.os.ms-windows.misc,False,0.32,0.3529315830091946,
2312,rec.sport.hockey,rec.sport.hockey,True,0.76,0.3494929170119576,
2313,sci.electronics,sci.electronics,True,0.19,0.3408307079807855,
2314,misc.forsale,comp.sys.ibm.pc.hardware,False,0.86,0.2775292090373114,
2315,sci.electronics,comp.os.ms-windows.misc,False,0.34,0.2565644170390442,
2316,rec.autos,rec.autos,True,1.0,0.28448179201222956,
2317,comp.sys.mac.hardware,comp.sys.mac.hardware,True,0.92,0.3022054579923861,
2318,alt.atheism,alt.atheism,True,0.93,0.3166371670085937,
2319,soc.religion.christian,talk.religion.misc,False,0.85,0.22566887503489852,
2320,soc.religion.christian,talk.religion.misc,False,0.43,0.2593926669796929,
2321,comp.windows.x,comp.windows.x,True,0.96,0.23059066699352115,
2322,comp.windows.x,comp.windows.x,True,0.48,0.29465912497835234,
2323,comp.graphics,misc.forsale,False,1.0,0.2568898330209777,
2324,sci.med,sci.med,True,1.0,0.2474495000205934,
2325,rec.motorcycles,rec.autos,False,0.97,0.2862788329948671,
2326,comp.sys.mac.hardware,comp.sys.mac.hardware,True,0.95,0.2790794169995934,
2327,sci.crypt,sci.crypt,True,1.0,0.30580937495687976,
2328,comp.sys.mac.hardware,comp.sys.mac.hardware,True,1.0,0.24356108298525214,
2329,misc.forsale,misc.forsale,True,0.78,0.2763252079603262,
2330,comp.sys.ibm.pc.hardware,comp.sys.ibm.pc.hardware,True,0.72,0.2464057500474155,
2331,rec.sport.hockey,rec.sport.hockey,True,1.0,0.24680695799179375,
2332,comp.graphics,comp.graphics,True,1.0,0.2279043750022538,
2333,rec.motorcycles,rec.motorcycles,True,0.99,0.2937507079914212,
2334,talk.politics.misc,talk.politics.misc,True,0.38,0.35001591697800905,
2335,rec.autos,rec.autos,True,1.0,0.2740694169769995,
2336,rec.motorcycles,rec.motorcycles,True,0.99,0.26975099998526275,
2337,comp.windows.x,comp.windows.x,True,1.0,0.29331354197347537,
2338,soc.religion.christian,soc.religion.christian,True,0.65,0.32108604098903015,
2339,rec.autos,rec.autos,True,1.0,0.3126602079719305,
2340,comp.os.ms-windows.misc,comp.graphics,False,0.81,0.310150875011459,
2341,talk.politics.mideast,talk.politics.mideast,True,0.94,0.35763654101174325,
2342,rec.motorcycles,rec.autos,False,1.0,0.3010894999606535,
2343,talk.politics.mideast,talk.politics.mideast,True,0.99,0.2881260830326937,
2344,comp.windows.x,comp.windows.x,True,0.98,0.30219895899062976,
2345,comp.graphics,comp.graphics,True,1.0,0.3266880000010133,
2346,sci.space,sci.space,True,0.9,0.24531962495530024,
2347,comp.sys.mac.hardware,comp.sys.mac.hardware,True,1.0,0.28332970797782764,
2348,soc.religion.christian,soc.religion.christian,True,0.97,0.2513999159564264,
2349,rec.sport.hockey,rec.sport.hockey,True,0.77,0.24494991701794788,
2350,sci.med,sci.med,True,1.0,0.33243033301550895,
2351,rec.sport.hockey,talk.politics.misc,False,0.93,0.2655746249947697,
2352,rec.sport.hockey,rec.sport.hockey,True,1.0,0.2453001249814406,
2353,sci.space,talk.politics.misc,False,1.0,0.26345358398975804,
2354,comp.os.ms-windows.misc,comp.os.ms-windows.misc,True,0.49,0.22699854202801362,
2355,talk.politics.mideast,talk.politics.mideast,True,0.98,0.27490650000981987,
2356,sci.electronics,comp.os.ms-windows.misc,False,0.15,0.27500554104335606,
2357,rec.sport.hockey,rec.sport.hockey,True,1.0,0.2875897089834325,
2358,sci.crypt,sci.crypt,True,0.99,0.25378070800798014,
2359,soc.religion.christian,soc.religion.christian,True,0.9,0.2761802499881014,
2360,comp.sys.ibm.pc.hardware,sci.electronics,False,0.54,0.319318458030466,
2361,rec.motorcycles,rec.autos,False,1.0,0.25238079094560817,
2362,comp.windows.x,comp.windows.x,True,0.49,0.24716324999462813,
2363,comp.sys.mac.hardware,comp.sys.mac.hardware,True,1.0,0.2779840410221368,
2364,comp.os.ms-windows.misc,comp.os.ms-windows.misc,True,1.0,0.24698104202980176,
2365,comp.graphics,sci.space,False,0.41,0.24314874998526648,
2366,rec.autos,rec.autos,True,1.0,0.4257169169723056,
2367,comp.sys.ibm.pc.hardware,comp.os.ms-windows.misc,False,0.48,0.2637673749704845,
2368,comp.sys.ibm.pc.hardware,comp.sys.ibm.pc.hardware,True,1.0,0.28500920900842175,
2369,comp.windows.x,comp.windows.x,True,1.0,0.27718379197176546,
2370,rec.autos,rec.autos,True,1.0,0.22429179202299565,
2371,sci.med,sci.electronics,False,0.7,0.2469937500427477,
2372,rec.sport.baseball,rec.sport.baseball,True,1.0,0.24760979099664837,
2373,comp.graphics,comp.graphics,True,0.99,0.29185099998721853,
2374,talk.politics.guns,talk.politics.guns,True,0.82,0.23893254197901115,
2375,sci.space,sci.space,True,1.0,0.2713857079506852,
2376,misc.forsale,misc.forsale,True,1.0,0.29428420902695507,
2377,comp.sys.ibm.pc.hardware,comp.sys.ibm.pc.hardware,True,1.0,0.29768870800035074,
2378,rec.autos,rec.autos,True,1.0,0.2306041249539703,
2379,rec.autos,rec.autos,True,1.0,0.25918991601793095,
2380,comp.os.ms-windows.misc,comp.os.ms-windows.misc,True,0.88,0.2928611660026945,
2381,sci.electronics,sci.electronics,True,1.0,0.2640220000175759,
2382,comp.windows.x,comp.windows.x,True,0.34,0.30639341700589284,
2383,talk.religion.misc,talk.politics.misc,False,0.74,0.30046170798595995,
2384,comp.sys.ibm.pc.hardware,comp.sys.ibm.pc.hardware,True,0.86,0.3106307090492919,
2385,soc.religion.christian,soc.religion.christian,True,0.94,0.26127666601678357,
2386,soc.religion.christian,soc.religion.christian,True,0.96,0.3446372500038706,
2387,sci.electronics,sci.electronics,True,1.0,0.31049883301602677,
2388,comp.sys.mac.hardware,comp.sys.mac.hardware,True,0.99,0.24872470798436552,
2389,soc.religion.christian,soc.religion.christian,True,0.99,0.2609220829908736,
2390,sci.electronics,sci.electronics,True,1.0,0.2862894579884596,
2391,comp.sys.mac.hardware,comp.sys.mac.hardware,True,1.0,0.25613987498218194,
2392,comp.graphics,comp.graphics,True,0.96,0.2859156250488013,
2393,rec.sport.hockey,rec.sport.hockey,True,1.0,0.2551702919881791,
2394,rec.sport.hockey,rec.sport.hockey,True,0.69,0.2830568340141326,
2395,rec.motorcycles,rec.motorcycles,True,1.0,0.3190449590329081,
2396,comp.graphics,comp.graphics,True,0.61,0.24690087500493973,
2397,comp.sys.mac.hardware,comp.sys.mac.hardware,True,1.0,0.230408541043289,
2398,talk.politics.guns,talk.politics.guns,True,0.82,0.2759274580166675,
2399,comp.graphics,comp.graphics,True,0.95,0.27219150000019,
2400,comp.sys.mac.hardware,sci.electronics,False,0.36,0.3725344170234166,
2401,rec.autos,rec.autos,True,0.97,0.3392809579963796,
2402,comp.sys.mac.hardware,comp.sys.mac.hardware,True,1.0,0.32175779197132215,
2403,sci.med,sci.med,True,0.99,0.2966391659574583,
2404,rec.sport.baseball,misc.forsale,False,0.88,0.29083108296617866,
2405,talk.politics.guns,talk.politics.misc,False,1.0,0.27181187499081716,
2406,sci.space,sci.space,True,1.0,0.25561012502294034,
2407,talk.politics.misc,talk.politics.misc,True,0.93,0.2610451250220649,
2408,talk.politics.misc,talk.politics.guns,False,0.65,0.26252458296949044,
2409,rec.autos,sci.electronics,False,0.95,0.31272208399605006,
2410,sci.space,sci.space,True,0.98,0.2612202920136042,
2411,rec.autos,rec.autos,True,1.0,0.27158945897826925,
2412,rec.autos,rec.autos,True,0.32,0.2870956659899093,
2413,comp.sys.mac.hardware,comp.sys.mac.hardware,True,1.0,0.2997751669608988,
2414,rec.sport.hockey,rec.sport.hockey,True,1.0,0.2547771250247024,
2415,rec.sport.baseball,rec.sport.baseball,True,1.0,0.2825678330264054,
2416,sci.electronics,sci.electronics,True,1.0,0.25011304195504636,
2417,comp.windows.x,comp.windows.x,True,0.68,0.25489208300132304,
2418,alt.atheism,talk.religion.misc,False,0.88,0.3480593339772895,
2419,rec.motorcycles,talk.politics.misc,False,0.13,0.2624832500005141,
2420,soc.religion.christian,soc.religion.christian,True,0.6,0.3480019999551587,
2421,talk.religion.misc,talk.religion.misc,True,0.74,0.22902633296325803,
2422,sci.space,sci.space,True,0.99,0.3002003339934163,
2423,comp.sys.ibm.pc.hardware,comp.sys.ibm.pc.hardware,True,0.72,0.28737554198596627,
2424,comp.windows.x,comp.windows.x,True,0.97,0.26289391599129885,
2425,comp.windows.x,comp.windows.x,True,1.0,0.29773524997290224,
2426,rec.autos,sci.electronics,False,0.99,0.3076557500171475,
2427,comp.sys.ibm.pc.hardware,comp.sys.ibm.pc.hardware,True,0.98,0.2689535840181634,
2428,soc.religion.christian,soc.religion.christian,True,0.99,0.26366537500871345,
2429,rec.motorcycles,rec.motorcycles,True,0.88,0.25287970900535583,
2430,talk.politics.mideast,talk.politics.misc,False,0.9,0.2626239999663085,
2431,comp.os.ms-windows.misc,comp.os.ms-windows.misc,True,0.99,0.33822079200763255,
2432,sci.space,sci.space,True,1.0,0.2829400420305319,
2433,rec.motorcycles,rec.motorcycles,True,1.0,0.2720794589840807,
2434,alt.atheism,talk.politics.misc,False,0.43,0.26250358403194696,
2435,comp.sys.ibm.pc.hardware,comp.sys.ibm.pc.hardware,True,0.99,0.32872637500986457,
2436,sci.med,sci.med,True,1.0,0.2527541249874048,
2437,talk.politics.misc,talk.politics.misc,True,0.91,0.2710218339925632,
2438,sci.electronics,sci.electronics,True,0.91,0.2869617500109598,
2439,comp.windows.x,comp.graphics,False,0.93,0.2528763330192305,
2440,comp.sys.mac.hardware,comp.sys.mac.hardware,True,1.0,0.24203641596250236,
2441,talk.politics.misc,talk.politics.misc,True,0.87,0.3782505829585716,
2442,talk.politics.mideast,talk.politics.mideast,True,0.6,0.3670143330236897,
2443,rec.sport.hockey,rec.sport.hockey,True,1.0,0.3042165410006419,
2444,talk.politics.mideast,talk.politics.mideast,True,1.0,0.30787162500200793,
2445,comp.graphics,comp.graphics,True,0.91,0.30723545799264684,
2446,comp.sys.mac.hardware,comp.sys.mac.hardware,True,1.0,0.3390855420148,
2447,comp.graphics,comp.graphics,True,0.88,0.3042270829901099,
2448,sci.space,comp.os.ms-windows.misc,False,0.34,0.24941933300578967,
2449,misc.forsale,misc.forsale,True,0.94,0.2640524580492638,
2450,comp.sys.mac.hardware,comp.sys.mac.hardware,True,1.0,0.23558000003686175,
2451,comp.os.ms-windows.misc,comp.os.ms-windows.misc,True,0.83,0.2932907920330763,
2452,comp.graphics,comp.os.ms-windows.misc,False,0.54,0.25150641601067036,
2453,talk.religion.misc,soc.religion.christian,False,0.64,0.44584699999541044,
2454,sci.med,sci.med,True,0.83,0.26420062500983477,
2455,talk.religion.misc,soc.religion.christian,False,0.92,0.2881667499896139,
2456,rec.sport.baseball,rec.sport.baseball,True,1.0,0.23795683297794312,
2457,rec.sport.baseball,rec.sport.baseball,True,1.0,0.2705511249951087,
2458,comp.sys.mac.hardware,comp.sys.mac.hardware,True,0.35,0.25307233299827203,
2459,rec.autos,comp.os.ms-windows.misc,False,0.34,0.3348331250017509,
2460,sci.electronics,sci.electronics,True,0.38,0.3105209580389783,
2461,rec.autos,rec.autos,True,0.66,0.31066670798463747,
2462,comp.windows.x,sci.crypt,False,0.49,0.30453108297660947,
2463,sci.med,sci.med,True,1.0,0.2849966670037247,
2464,talk.politics.misc,talk.politics.misc,True,0.97,0.31220633297925815,
2465,comp.sys.ibm.pc.hardware,comp.sys.ibm.pc.hardware,True,1.0,0.2676371249835938,
2466,misc.forsale,misc.forsale,True,1.0,0.276012415997684,
2467,sci.med,sci.med,True,1.0,0.39077170798555017,
2468,comp.sys.ibm.pc.hardware,comp.sys.ibm.pc.hardware,True,1.0,0.2744218750158325,
2469,alt.atheism,soc.religion.christian,False,0.91,0.28880562499398366,
2470,comp.sys.ibm.pc.hardware,comp.sys.ibm.pc.hardware,True,0.99,0.25099308299832046,
2471,comp.graphics,comp.graphics,True,0.98,0.32016633299645036,
2472,comp.sys.mac.hardware,comp.sys.mac.hardware,True,1.0,0.2655981669668108,
2473,sci.crypt,sci.crypt,True,1.0,0.25774158304557204,
2474,rec.sport.baseball,rec.sport.baseball,True,1.0,0.2477701660245657,
2475,sci.electronics,sci.electronics,True,1.0,0.2857132910285145,
2476,comp.windows.x,comp.windows.x,True,0.83,0.27582745801191777,
2477,sci.med,sci.med,True,1.0,0.31245633302023634,
2478,rec.sport.baseball,rec.sport.baseball,True,1.0,0.29827412497252226,
2479,rec.sport.baseball,rec.sport.baseball,True,1.0,0.2822187920100987,
2480,sci.med,sci.med,True,1.0,0.29382795898709446,
2481,comp.graphics,comp.graphics,True,1.0,0.33077175001380965,
2482,comp.os.ms-windows.misc,comp.sys.ibm.pc.hardware,False,0.5,0.26671970897587016,
2483,alt.atheism,alt.atheism,True,0.99,0.33833716600202024,
2484,talk.politics.guns,talk.politics.guns,True,0.65,0.2316275420016609,
2485,comp.os.ms-windows.misc,comp.os.ms-windows.misc,True,0.99,0.23486558301374316,
2486,talk.religion.misc,talk.religion.misc,True,0.39,0.3638471669983119,
2487,sci.space,sci.space,True,0.99,0.3587082920130342,
2488,comp.graphics,comp.graphics,True,0.67,0.357440417050384,
2489,comp.graphics,comp.windows.x,False,0.71,0.3465704169939272,
2490,talk.religion.misc,talk.politics.guns,False,0.73,0.2814820409985259,
2491,rec.motorcycles,rec.motorcycles,True,0.93,0.2738703329814598,
2492,talk.politics.guns,sci.electronics,False,0.42,0.2576490000355989,
2493,rec.autos,comp.os.ms-windows.misc,False,0.31,0.30752033402677625,
2494,comp.os.ms-windows.misc,comp.os.ms-windows.misc,True,0.79,0.29240274999756366,
2495,sci.space,sci.space,True,0.97,0.2760473749949597,
2496,comp.graphics,comp.graphics,True,1.0,0.2792799999588169,
2497,rec.sport.baseball,sci.electronics,False,0.4,0.2625489169731736,
2498,misc.forsale,misc.forsale,True,1.0,0.2840616249595769,
2499,sci.crypt,sci.crypt,True,1.0,0.3305912089999765,
2500,soc.religion.christian,soc.religion.christian,True,0.98,0.2625389579916373,
2501,alt.atheism,talk.religion.misc,False,0.48,0.2534845410264097,
2502,alt.atheism,talk.religion.misc,False,0.71,0.31955983297666535,
2503,rec.sport.hockey,rec.sport.hockey,True,0.85,0.34566266695037484,
2504,misc.forsale,misc.forsale,True,0.9,0.29499745898647234,
2505,misc.forsale,misc.forsale,True,0.47,0.28648170904489234,
2506,comp.graphics,comp.graphics,True,1.0,0.31436866597505286,
2507,talk.politics.guns,talk.politics.misc,False,0.65,0.29055137501563877,
2508,talk.politics.guns,talk.politics.misc,False,1.0,0.2989972499781288,
2509,talk.politics.guns,talk.politics.guns,True,1.0,0.2626610419829376,
2510,sci.med,sci.med,True,0.99,0.25665566604584455,
2511,rec.sport.baseball,rec.sport.baseball,True,1.0,0.2762894170009531,
2512,rec.motorcycles,rec.motorcycles,True,0.98,0.36032312497263774,
2513,comp.windows.x,comp.windows.x,True,1.0,0.3131669579888694,
2514,talk.politics.mideast,talk.politics.mideast,True,1.0,0.29966008296469226,
2515,sci.crypt,sci.crypt,True,1.0,0.2806169159593992,
2516,talk.politics.misc,talk.politics.misc,True,0.98,0.2493605840136297,
2517,sci.space,sci.space,True,1.0,0.25501979200635105,
2518,sci.electronics,sci.electronics,True,0.63,0.27195833396399394,
2519,rec.motorcycles,rec.motorcycles,True,0.99,0.39857799996389076,
2520,comp.windows.x,comp.windows.x,True,1.0,0.3059104169951752,
2521,soc.religion.christian,soc.religion.christian,True,0.98,0.2551041250117123,
2522,rec.motorcycles,rec.motorcycles,True,1.0,0.31229987501865253,
2523,rec.sport.baseball,sci.crypt,False,0.53,0.2526431659935042,
2524,comp.os.ms-windows.misc,comp.os.ms-windows.misc,True,0.96,0.2882439999957569,
2525,comp.graphics,comp.os.ms-windows.misc,False,0.34,0.2650520419701934,
2526,comp.sys.mac.hardware,comp.sys.ibm.pc.hardware,False,0.75,0.25588358304230496,
2527,soc.religion.christian,soc.religion.christian,True,0.92,0.3021971249836497,
2528,comp.os.ms-windows.misc,comp.os.ms-windows.misc,True,0.36,0.2914381250157021,
2529,comp.sys.ibm.pc.hardware,comp.sys.ibm.pc.hardware,True,0.99,0.268557624949608,
2530,rec.motorcycles,rec.autos,False,0.91,0.28646645799744874,
2531,sci.electronics,comp.sys.mac.hardware,False,0.88,0.2627303749904968,
2532,comp.sys.mac.hardware,comp.sys.mac.hardware,True,1.0,0.24906358402222395,
2533,comp.windows.x,comp.windows.x,True,1.0,0.41717899998184294,
2534,talk.politics.misc,talk.politics.misc,True,1.0,0.2556402499903925,
2535,alt.atheism,alt.atheism,True,0.77,0.2323579170042649,
2536,soc.religion.christian,soc.religion.christian,True,0.99,0.3877830420387909,
2537,sci.med,sci.med,True,1.0,0.2593785829958506,
2538,soc.religion.christian,talk.religion.misc,False,0.75,0.27301220898516476,
2539,soc.religion.christian,soc.religion.christian,True,0.99,0.27666029101237655,
2540,rec.autos,rec.autos,True,0.98,0.2743372920085676,
2541,rec.autos,rec.autos,True,1.0,0.2927366669755429,
2542,comp.windows.x,comp.windows.x,True,1.0,0.2540363339940086,
2543,talk.politics.guns,talk.politics.guns,True,1.0,0.40257716696942225,
2544,misc.forsale,misc.forsale,True,0.95,0.2599377500009723,
2545,talk.politics.mideast,talk.politics.mideast,True,0.92,0.40584158297860995,
2546,rec.sport.baseball,rec.sport.baseball,True,1.0,0.37632191699231043,
2547,rec.autos,rec.autos,True,0.98,0.37438425002619624,
2548,soc.religion.christian,soc.religion.christian,True,0.92,0.3606770420446992,
2549,rec.sport.hockey,rec.sport.hockey,True,1.0,0.302597334026359,
2550,sci.med,sci.med,True,1.0,0.28619187499862164,
2551,talk.politics.misc,talk.politics.misc,True,1.0,0.26100162498187274,
2552,talk.religion.misc,talk.politics.misc,False,0.35,0.2420552499825135,
2553,comp.graphics,comp.graphics,True,1.0,0.28483229101402685,
2554,rec.sport.hockey,rec.sport.hockey,True,1.0,0.344729834003374,
2555,alt.atheism,soc.religion.christian,False,0.54,0.271676457952708,
2556,sci.med,sci.med,True,1.0,0.3290721250232309,
2557,comp.windows.x,comp.windows.x,True,0.92,0.2538287499919534,
2558,rec.sport.baseball,rec.sport.baseball,True,1.0,0.26198725000722334,
2559,comp.graphics,comp.graphics,True,0.68,0.39128733397228643,
2560,comp.sys.mac.hardware,misc.forsale,False,0.47,0.26515758299501613,
2561,misc.forsale,misc.forsale,True,0.54,0.291306541999802,
2562,comp.graphics,comp.sys.ibm.pc.hardware,False,0.99,0.31440712499897927,
2563,talk.politics.mideast,talk.politics.misc,False,0.88,0.3011526250047609,
2564,talk.politics.guns,comp.os.ms-windows.misc,False,0.38,0.24782745796255767,
2565,talk.politics.misc,talk.politics.guns,False,0.8,0.2578217920381576,
2566,alt.atheism,sci.space,False,1.0,0.2965108329663053,
2567,rec.sport.baseball,rec.sport.baseball,True,1.0,0.2978610420250334,
2568,sci.space,talk.politics.misc,False,0.96,0.3175226250314154,
2569,rec.motorcycles,rec.motorcycles,True,0.99,0.2682536250213161,
2570,rec.motorcycles,rec.motorcycles,True,1.0,0.2643250839901157,
2571,sci.med,comp.graphics,False,0.96,0.25551187503151596,
2572,comp.sys.mac.hardware,comp.sys.mac.hardware,True,1.0,0.28812937502516434,
2573,rec.sport.baseball,rec.sport.baseball,True,1.0,0.3465210419963114,
2574,sci.crypt,sci.crypt,True,1.0,0.3445705409976654,
2575,sci.electronics,sci.electronics,True,0.99,0.2668534999829717,
2576,sci.space,comp.graphics,False,0.69,0.4528231250005774,
2577,rec.motorcycles,rec.motorcycles,True,0.97,0.2963194999611005,
2578,comp.sys.ibm.pc.hardware,comp.sys.ibm.pc.hardware,True,0.41,0.2583563750376925,
2579,sci.med,sci.med,True,1.0,0.2635895840357989,
2580,comp.sys.ibm.pc.hardware,comp.sys.ibm.pc.hardware,True,1.0,0.29199116601375863,
2581,rec.autos,rec.autos,True,1.0,0.29081608302658424,
2582,comp.windows.x,comp.windows.x,True,0.98,0.24805891601135954,
2583,comp.os.ms-windows.misc,comp.os.ms-windows.misc,True,1.0,0.3425551669788547,
2584,comp.os.ms-windows.misc,comp.sys.ibm.pc.hardware,False,0.79,0.32104370900196955,
2585,comp.sys.mac.hardware,comp.sys.mac.hardware,True,1.0,0.2473404579795897,
2586,sci.crypt,sci.crypt,True,0.98,0.2664397500338964,
2587,sci.crypt,sci.crypt,True,1.0,0.324528916971758,
2588,rec.sport.baseball,rec.sport.baseball,True,1.0,0.24888616701355204,
2589,soc.religion.christian,soc.religion.christian,True,0.99,0.28506775002460927,
2590,sci.space,sci.space,True,0.82,0.2562864579958841,
2591,talk.politics.mideast,talk.politics.mideast,True,1.0,0.27309095801319927,
2592,rec.motorcycles,rec.motorcycles,True,0.85,0.2876425830181688,
2593,comp.windows.x,comp.windows.x,True,1.0,0.2568167920107953,
2594,comp.graphics,comp.sys.ibm.pc.hardware,False,1.0,0.3130217079888098,
2595,misc.forsale,misc.forsale,True,1.0,0.3283292909618467,
2596,rec.sport.hockey,rec.sport.hockey,True,1.0,0.23071270802756771,
2597,alt.atheism,alt.atheism,True,0.38,0.26724970899522305,
2598,sci.electronics,comp.sys.mac.hardware,False,0.99,0.23759575001895428,
2599,misc.forsale,talk.politics.misc,False,0.32,0.2683307090192102,
2600,talk.politics.guns,talk.politics.guns,True,1.0,0.2683558340067975,
2601,rec.autos,rec.autos,True,1.0,0.3551675829803571,
2602,sci.electronics,sci.electronics,True,0.99,0.25224883400369436,
2603,rec.autos,rec.autos,True,1.0,0.23412774997996166,
2604,rec.sport.baseball,rec.sport.baseball,True,1.0,0.32990858401171863,
2605,comp.sys.mac.hardware,comp.sys.mac.hardware,True,1.0,0.30600908398628235,
2606,rec.sport.hockey,rec.sport.baseball,False,0.19,0.30187458300497383,
2607,talk.politics.misc,talk.politics.misc,True,0.96,0.3332516659866087,
2608,rec.motorcycles,rec.motorcycles,True,0.97,0.23185395897598937,
2609,sci.electronics,comp.os.ms-windows.misc,False,0.47,0.29121412499807775,
2610,rec.motorcycles,rec.motorcycles,True,0.84,0.24893091595731676,
2611,comp.graphics,comp.graphics,True,1.0,0.3238084579934366,
2612,comp.windows.x,sci.space,False,0.47,0.3027847080375068,
2613,rec.sport.baseball,comp.os.ms-windows.misc,False,0.37,0.2728833750006743,
2614,talk.politics.guns,talk.politics.guns,True,0.87,0.2530035419622436,
2615,rec.autos,rec.autos,True,0.87,0.32469158398453146,
2616,rec.sport.hockey,rec.sport.hockey,True,0.62,0.34675329196034,
2617,talk.politics.misc,talk.politics.misc,True,0.99,0.27061058301478624,
2618,misc.forsale,misc.forsale,True,1.0,0.36524391698185354,
2619,sci.crypt,sci.crypt,True,1.0,0.2786612089839764,
2620,talk.politics.mideast,talk.politics.misc,False,0.98,0.2527786670252681,
2621,alt.atheism,comp.os.ms-windows.misc,False,0.28,0.27053154195891693,
2622,sci.med,comp.os.ms-windows.misc,False,0.34,0.24398195801768452,
2623,sci.space,sci.space,True,1.0,0.26459045900264755,
2624,sci.crypt,sci.crypt,True,1.0,0.28574716596631333,
2625,comp.sys.ibm.pc.hardware,comp.os.ms-windows.misc,False,0.6,0.2619097499991767,
2626,comp.graphics,comp.graphics,True,1.0,0.25010429200483486,
2627,comp.sys.ibm.pc.hardware,comp.sys.ibm.pc.hardware,True,1.0,0.30283933301689103,
2628,comp.sys.mac.hardware,comp.sys.mac.hardware,True,0.99,0.30161954200593755,
2629,rec.autos,rec.autos,True,0.98,0.2814074999769218,
2630,talk.religion.misc,soc.religion.christian,False,0.46,0.2878548750304617,
2631,comp.sys.mac.hardware,comp.sys.mac.hardware,True,1.0,0.36382145795505494,
2632,rec.sport.hockey,rec.sport.hockey,True,1.0,0.3239405420026742,
2633,rec.sport.hockey,rec.sport.hockey,True,0.9,0.29718637495534495,
2634,rec.sport.hockey,rec.sport.hockey,True,1.0,0.30648808303521946,
2635,alt.atheism,talk.religion.misc,False,0.42,0.2883935000281781,
2636,comp.sys.ibm.pc.hardware,comp.sys.ibm.pc.hardware,True,0.97,0.25793037499533966,
2637,sci.crypt,sci.crypt,True,1.0,0.25215666595613584,
2638,rec.motorcycles,rec.motorcycles,True,0.89,0.39251066697761416,
2639,talk.politics.mideast,talk.politics.mideast,True,1.0,0.2915345420478843,
2640,comp.windows.x,comp.windows.x,True,0.98,0.28462074999697506,
2641,rec.sport.baseball,rec.sport.baseball,True,1.0,0.26414274994749576,
2642,sci.space,sci.space,True,1.0,0.31491458299569786,
2643,rec.sport.hockey,rec.sport.hockey,True,1.0,0.28771866601891816,
2644,rec.autos,rec.autos,True,1.0,0.26937287498731166,
2645,soc.religion.christian,soc.religion.christian,True,1.0,0.3057922500302084,
2646,rec.autos,rec.autos,True,1.0,0.2858237500186078,
2647,talk.politics.misc,talk.politics.misc,True,0.83,0.3371884999796748,
2648,talk.politics.misc,talk.politics.misc,True,0.9,0.2878065000404604,
2649,sci.space,sci.space,True,1.0,0.27040737500647083,
2650,rec.sport.hockey,rec.sport.hockey,True,1.0,0.3273536670021713,
2651,comp.sys.mac.hardware,comp.sys.mac.hardware,True,1.0,0.24190645798807964,
2652,talk.religion.misc,soc.religion.christian,False,0.58,0.2512601659982465,
2653,rec.autos,rec.autos,True,1.0,0.25960741605376825,
2654,rec.sport.baseball,rec.sport.baseball,True,1.0,0.2816515830345452,
2655,comp.sys.mac.hardware,comp.sys.mac.hardware,True,1.0,0.24655987502774224,
2656,rec.sport.baseball,rec.sport.baseball,True,1.0,0.32131270901300013,
2657,alt.atheism,comp.os.ms-windows.misc,False,0.48,0.2790366660337895,
2658,misc.forsale,misc.forsale,True,0.98,0.37332470796536654,
2659,comp.sys.ibm.pc.hardware,comp.sys.ibm.pc.hardware,True,1.0,0.35948741697939113,
2660,comp.sys.mac.hardware,comp.sys.mac.hardware,True,0.85,0.24866854201536626,
2661,comp.graphics,comp.graphics,True,1.0,0.33849016699241474,
2662,soc.religion.christian,soc.religion.christian,True,0.89,0.3196926669916138,
2663,sci.electronics,sci.electronics,True,1.0,0.3411217499524355,
2664,sci.space,sci.space,True,0.89,0.28420908300904557,
2665,sci.crypt,sci.crypt,True,1.0,0.25512312503997236,
2666,comp.windows.x,comp.windows.x,True,0.97,0.2571541659999639,
2667,sci.space,sci.space,True,1.0,0.26640875003067777,
2668,talk.politics.guns,talk.politics.guns,True,1.0,0.22704404196701944,
2669,rec.motorcycles,talk.politics.guns,False,0.75,0.3382276250049472,
2670,alt.atheism,alt.atheism,True,0.91,0.25775925000198185,
2671,talk.politics.misc,talk.politics.misc,True,0.8,0.2919359590159729,
2672,talk.politics.mideast,talk.politics.misc,False,0.38,0.3371417499729432,
2673,comp.windows.x,comp.windows.x,True,1.0,0.2555605829693377,
2674,talk.politics.mideast,talk.politics.mideast,True,1.0,0.3562391250161454,
2675,rec.sport.baseball,rec.sport.baseball,True,1.0,0.31729854200966656,
2676,rec.sport.baseball,rec.sport.baseball,True,1.0,0.26216404198203236,
2677,talk.religion.misc,comp.os.ms-windows.misc,False,0.68,0.24778750003315508,
2678,comp.graphics,comp.graphics,True,0.96,0.31730554200476035,
2679,alt.atheism,sci.space,False,1.0,0.25254129100358114,
2680,sci.crypt,talk.politics.guns,False,0.23,0.2864904580055736,
2681,comp.os.ms-windows.misc,comp.os.ms-windows.misc,True,0.57,0.3733138330280781,
2682,sci.electronics,comp.graphics,False,0.84,0.28366025001741946,
2683,rec.autos,rec.autos,True,1.0,0.30290058301761746,
2684,soc.religion.christian,soc.religion.christian,True,1.0,0.31636391597567126,
2685,comp.sys.ibm.pc.hardware,comp.windows.x,False,0.99,0.30715345800854266,
2686,comp.sys.mac.hardware,comp.sys.mac.hardware,True,1.0,0.2526590410270728,
2687,talk.politics.mideast,talk.politics.mideast,True,0.66,0.24061383301159367,
2688,rec.autos,rec.autos,True,1.0,0.37196979101281613,
2689,misc.forsale,misc.forsale,True,1.0,0.2983975830138661,
2690,comp.graphics,comp.graphics,True,1.0,0.28360720799537376,
2691,talk.politics.guns,talk.politics.misc,False,0.9,0.2697352499817498,
2692,talk.politics.guns,talk.politics.guns,True,0.94,0.29274008300853893,
2693,comp.sys.mac.hardware,comp.sys.mac.hardware,True,1.0,0.2768658749992028,
2694,misc.forsale,misc.forsale,True,0.51,0.28330729104345664,
2695,talk.politics.guns,talk.politics.guns,True,0.9,0.2715007090009749,
2696,comp.graphics,comp.graphics,True,1.0,0.2713484159903601,
2697,sci.crypt,sci.crypt,True,1.0,0.31655758403940126,
2698,sci.space,misc.forsale,False,0.32,0.30342929100152105,
2699,misc.forsale,rec.autos,False,0.56,0.3563872089725919,
2700,misc.forsale,misc.forsale,True,1.0,0.3602518329862505,
2701,rec.sport.baseball,rec.sport.baseball,True,1.0,0.2795492500299588,
2702,comp.sys.mac.hardware,comp.sys.mac.hardware,True,1.0,0.35571608296595514,
2703,comp.graphics,comp.graphics,True,1.0,0.29267333302414045,
2704,rec.autos,rec.autos,True,1.0,0.2870721659855917,
2705,talk.politics.guns,talk.politics.misc,False,0.54,0.3202531670103781,
2706,sci.space,sci.space,True,1.0,0.2934798329952173,
2707,comp.windows.x,comp.windows.x,True,1.0,0.3607049169950187,
2708,comp.os.ms-windows.misc,comp.graphics,False,0.54,0.3089954999741167,
2709,soc.religion.christian,soc.religion.christian,True,0.89,0.24895879201358184,
2710,sci.med,sci.med,True,0.82,0.2552667499985546,
2711,comp.sys.ibm.pc.hardware,comp.os.ms-windows.misc,False,0.96,0.2965549160144292,
2712,soc.religion.christian,soc.religion.christian,True,0.92,0.26650670799426734,
2713,talk.politics.guns,talk.politics.guns,True,1.0,0.29926816700026393,
2714,comp.sys.mac.hardware,comp.sys.mac.hardware,True,0.98,0.2982664169976488,
2715,sci.space,sci.space,True,1.0,0.27885837497888133,
2716,sci.med,comp.os.ms-windows.misc,False,0.31,0.3513889579917304,
2717,rec.sport.baseball,rec.sport.baseball,True,1.0,0.31304475001525134,
2718,soc.religion.christian,soc.religion.christian,True,0.96,0.30770775000564754,
2719,soc.religion.christian,talk.politics.misc,False,0.18,0.30389262503013015,
2720,talk.politics.guns,talk.politics.mideast,False,0.38,0.5305037079961039,
2721,alt.atheism,alt.atheism,True,0.68,0.28493883402552456,
2722,soc.religion.christian,talk.religion.misc,False,0.84,0.2803492500097491,
2723,sci.med,sci.med,True,0.98,0.40616754099028185,
2724,talk.politics.misc,talk.politics.misc,True,1.0,0.40077091701095924,
2725,sci.med,sci.med,True,1.0,0.3960425410186872,
2726,rec.autos,rec.autos,True,1.0,0.38405300001613796,
2727,sci.crypt,sci.crypt,True,1.0,0.3597603329690173,
2728,alt.atheism,alt.atheism,True,0.96,0.3553785000112839,
2729,comp.sys.mac.hardware,comp.sys.mac.hardware,True,0.97,0.340655833017081,
2730,comp.sys.mac.hardware,comp.sys.mac.hardware,True,1.0,0.3085213330341503,
2731,soc.religion.christian,talk.religion.misc,False,0.84,0.30606541701126844,
2732,rec.sport.hockey,rec.sport.hockey,True,1.0,0.3204378330265172,
2733,comp.windows.x,comp.windows.x,True,0.99,0.26571508403867483,
2734,comp.sys.mac.hardware,comp.sys.mac.hardware,True,1.0,0.30935237504309043,
2735,sci.crypt,comp.sys.ibm.pc.hardware,False,0.54,0.24099237500922754,
2736,rec.autos,rec.autos,True,0.68,0.2311672079958953,
2737,misc.forsale,misc.forsale,True,0.97,0.4787162080174312,
2738,rec.autos,rec.autos,True,1.0,0.3341520839603618,
2739,comp.os.ms-windows.misc,comp.os.ms-windows.misc,True,0.75,0.3359725829795934,
2740,soc.religion.christian,soc.religion.christian,True,0.94,0.33743116597179323,
2741,soc.religion.christian,talk.politics.misc,False,0.4,0.33751733403187245,
2742,alt.atheism,alt.atheism,True,0.7,0.3243529169703834,
2743,comp.sys.ibm.pc.hardware,comp.sys.ibm.pc.hardware,True,0.98,0.3300951669807546,
2744,misc.forsale,misc.forsale,True,0.55,0.3323354590102099,
2745,rec.sport.hockey,rec.sport.hockey,True,1.0,0.32342262502061203,
2746,talk.politics.misc,talk.politics.misc,True,0.96,0.33061862498288974,
2747,comp.graphics,comp.graphics,True,0.98,0.29787862504599616,
2748,rec.sport.baseball,talk.politics.misc,False,0.56,0.2824860000400804,
2749,rec.autos,comp.os.ms-windows.misc,False,0.31,0.29328704200452194,
2750,sci.space,sci.space,True,1.0,0.28276175004430115,
2751,soc.religion.christian,soc.religion.christian,True,0.85,0.2596750000375323,
2752,sci.space,sci.space,True,0.69,0.3103195830481127,
2753,rec.sport.hockey,rec.sport.baseball,False,0.96,0.2851997909601778,
2754,sci.med,alt.atheism,False,0.99,0.314412625040859,
2755,comp.os.ms-windows.misc,comp.sys.ibm.pc.hardware,False,0.84,0.2592830419889651,
2756,soc.religion.christian,soc.religion.christian,True,1.0,0.3841650420217775,
2757,talk.politics.guns,talk.politics.guns,True,0.35,0.3842665829579346,
2758,talk.politics.misc,talk.politics.misc,True,0.83,0.29768149997107685,
2759,comp.windows.x,comp.windows.x,True,0.97,0.2678520000190474,
2760,talk.politics.mideast,talk.politics.misc,False,0.49,0.23653258301783353,
2761,sci.med,alt.atheism,False,0.46,0.3141861250041984,
2762,soc.religion.christian,soc.religion.christian,True,0.98,0.2804612080217339,
2763,talk.politics.mideast,talk.politics.mideast,True,0.59,0.28644662495935336,
2764,talk.politics.mideast,talk.politics.mideast,True,1.0,0.3117639580159448,
2765,comp.graphics,comp.graphics,True,1.0,0.2954390000086278,
2766,sci.crypt,talk.politics.misc,False,0.79,0.25036499998532236,
2767,alt.atheism,talk.religion.misc,False,0.79,0.24098554096417502,
2768,rec.motorcycles,rec.motorcycles,True,0.98,0.4206891249632463,
2769,soc.religion.christian,soc.religion.christian,True,0.99,0.2925836670328863,
2770,sci.crypt,talk.politics.misc,False,0.99,0.26072625000961125,
2771,rec.sport.hockey,rec.sport.hockey,True,1.0,0.2969747920287773,
2772,sci.electronics,sci.crypt,False,0.85,0.2746285420143977,
2773,talk.politics.guns,talk.politics.guns,True,1.0,0.3106629999820143,
2774,sci.crypt,sci.crypt,True,1.0,0.302298458002042,
2775,talk.religion.misc,alt.atheism,False,0.85,0.31641912495251745,
2776,rec.sport.baseball,rec.sport.baseball,True,1.0,0.29066862497711554,
2777,sci.electronics,comp.os.ms-windows.misc,False,0.63,0.24902587494580075,
2778,comp.sys.ibm.pc.hardware,comp.sys.ibm.pc.hardware,True,0.99,0.40942412498407066,
2779,sci.med,sci.med,True,0.92,0.3019890409777872,
2780,alt.atheism,alt.atheism,True,0.55,0.3855555829941295,
2781,rec.sport.hockey,rec.sport.hockey,True,1.0,0.4166227920213714,
2782,sci.crypt,sci.crypt,True,1.0,0.3363595830160193,
2783,misc.forsale,misc.forsale,True,1.0,0.3327620410127565,
2784,rec.sport.hockey,rec.sport.hockey,True,0.99,0.33055124996462837,
2785,sci.med,sci.med,True,1.0,0.2988421249901876,
2786,comp.os.ms-windows.misc,comp.sys.ibm.pc.hardware,False,0.47,0.21290566702373326,
2787,comp.sys.mac.hardware,misc.forsale,False,0.23,0.29690600000321865,
2788,sci.crypt,sci.crypt,True,1.0,0.263532540993765,
2789,sci.crypt,comp.os.ms-windows.misc,False,0.44,0.2881761660100892,
2790,comp.sys.mac.hardware,comp.sys.mac.hardware,True,1.0,0.28590933297527954,
2791,rec.autos,rec.autos,True,1.0,0.2638333750073798,
2792,rec.sport.baseball,rec.sport.baseball,True,1.0,0.2983290000120178,
2793,comp.sys.mac.hardware,comp.sys.mac.hardware,True,0.53,0.25517929100897163,
2794,rec.sport.baseball,rec.sport.baseball,True,1.0,0.3109724589739926,
2795,rec.autos,rec.autos,True,1.0,0.32735808298457414,
2796,sci.med,sci.med,True,1.0,0.3296142919571139,
2797,sci.space,sci.space,True,0.99,0.3233847090159543,
2798,comp.graphics,comp.sys.ibm.pc.hardware,False,0.69,0.3218015829916112,
2799,sci.space,sci.space,True,0.99,0.30123008298687637,
2800,talk.religion.misc,soc.religion.christian,False,0.47,0.29669995803851634,
2801,talk.politics.misc,talk.politics.misc,True,1.0,0.2649716250016354,
2802,sci.med,sci.med,True,0.99,0.2714810000034049,
2803,rec.sport.baseball,talk.politics.misc,False,0.38,0.3913539579953067,
2804,sci.space,sci.space,True,0.99,0.23960537498351187,
2805,misc.forsale,misc.forsale,True,1.0,0.38670004199957475,
2806,sci.med,sci.med,True,1.0,0.38131625001551583,
2807,soc.religion.christian,soc.religion.christian,True,0.96,0.37974220799515024,
2808,sci.electronics,sci.electronics,True,0.95,0.37075433298014104,
2809,talk.politics.mideast,talk.politics.misc,False,0.76,0.35069866699632257,
2810,sci.med,comp.os.ms-windows.misc,False,0.36,0.3113515420118347,
2811,alt.atheism,soc.religion.christian,False,0.5,0.24634641699958593,
2812,sci.med,sci.med,True,1.0,0.343577915977221,
2813,talk.politics.mideast,talk.politics.misc,False,0.97,0.2977554590324871,
2814,comp.graphics,comp.graphics,True,0.89,0.24802320898743346,
2815,rec.sport.hockey,rec.sport.hockey,True,1.0,0.2841116249910556,
2816,comp.graphics,comp.graphics,True,1.0,0.3131691670278087,
2817,comp.sys.ibm.pc.hardware,comp.sys.ibm.pc.hardware,True,1.0,0.23945595900295302,
2818,alt.atheism,alt.atheism,True,1.0,0.2730242499965243,
2819,talk.religion.misc,talk.politics.guns,False,0.86,0.3658471670350991,
2820,rec.sport.baseball,rec.sport.baseball,True,1.0,0.33104670798638836,
2821,comp.sys.ibm.pc.hardware,comp.sys.ibm.pc.hardware,True,1.0,0.3622637090156786,
2822,sci.electronics,sci.electronics,True,1.0,0.3475869160029106,
2823,sci.med,sci.med,True,1.0,0.3358452920219861,
2824,talk.politics.guns,talk.politics.guns,True,1.0,0.3235859170090407,
2825,sci.med,sci.med,True,0.34,0.32147045800229535,
2826,alt.atheism,talk.religion.misc,False,0.69,0.37704137503169477,
2827,comp.sys.mac.hardware,comp.sys.mac.hardware,True,1.0,0.2852610409609042,
2828,comp.graphics,comp.os.ms-windows.misc,False,0.87,0.27747275005094707,
2829,talk.politics.guns,talk.politics.guns,True,0.92,0.27384170796722174,
2830,soc.religion.christian,soc.religion.christian,True,0.58,0.31653387495316565,
2831,rec.autos,rec.autos,True,1.0,0.421225875033997,
2832,rec.sport.baseball,rec.sport.baseball,True,1.0,0.2749215830117464,
2833,comp.graphics,comp.graphics,True,1.0,0.27165862498804927,
2834,comp.windows.x,talk.politics.misc,False,0.26,0.27399512502597645,
2835,sci.med,sci.med,True,0.89,0.30998775002080947,
2836,rec.motorcycles,rec.motorcycles,True,0.87,0.2453252500272356,
2837,rec.motorcycles,rec.motorcycles,True,0.97,0.3524684580042958,
2838,sci.crypt,sci.crypt,True,1.0,0.2898158330353908,
2839,rec.autos,rec.autos,True,0.99,0.25178829103242606,
2840,talk.politics.guns,talk.politics.misc,False,0.67,0.2382383750518784,
2841,sci.med,sci.med,True,1.0,0.253234124975279,
2842,rec.sport.hockey,rec.sport.hockey,True,1.0,0.32106204197043553,
2843,soc.religion.christian,soc.religion.christian,True,0.69,0.28588174999458715,
2844,rec.sport.hockey,rec.sport.hockey,True,0.95,0.26657862501451746,
2845,sci.med,sci.med,True,1.0,0.2574861670145765,
2846,rec.sport.baseball,rec.sport.baseball,True,0.94,0.30099625000730157,
2847,rec.motorcycles,rec.motorcycles,True,1.0,0.2671005409792997,
2848,sci.med,comp.graphics,False,0.31,0.2924222080036998,
2849,comp.sys.ibm.pc.hardware,comp.sys.ibm.pc.hardware,True,1.0,0.26306124997790903,
2850,sci.space,talk.politics.misc,False,0.85,0.3290656249737367,
2851,talk.politics.mideast,talk.politics.misc,False,0.55,0.32315625000046566,
2852,talk.politics.guns,talk.politics.guns,True,0.95,0.2833845419809222,
2853,rec.autos,rec.autos,True,1.0,0.28841054101940244,
2854,rec.autos,comp.os.ms-windows.misc,False,0.37,0.2938754999777302,
2855,rec.motorcycles,rec.motorcycles,True,1.0,0.27216587495058775,
2856,talk.politics.mideast,talk.politics.misc,False,0.62,0.3032281670020893,
2857,alt.atheism,alt.atheism,True,0.58,0.4215795419877395,
2858,sci.med,sci.med,True,0.99,0.2389577910071239,
2859,rec.sport.hockey,rec.sport.hockey,True,1.0,0.24265129200648516,
2860,sci.electronics,sci.electronics,True,1.0,0.2749532079906203,
2861,rec.sport.hockey,rec.sport.hockey,True,0.99,0.37956500001018867,
2862,alt.atheism,talk.religion.misc,False,0.57,0.26970099995378405,
2863,comp.graphics,comp.graphics,True,1.0,0.2575261249439791,
2864,rec.sport.hockey,rec.sport.hockey,True,1.0,0.3497005419922061,
2865,rec.sport.baseball,rec.sport.baseball,True,1.0,0.34892045898595825,
2866,sci.electronics,sci.electronics,True,0.93,0.32227837503887713,
2867,comp.sys.mac.hardware,comp.sys.mac.hardware,True,1.0,0.3653646250022575,
2868,sci.electronics,sci.electronics,True,1.0,0.30262104101711884,
2869,sci.electronics,comp.sys.ibm.pc.hardware,False,1.0,0.3254268750315532,
2870,sci.med,sci.med,True,0.39,0.25925079197622836,
2871,rec.sport.baseball,rec.sport.baseball,True,1.0,0.25199941697064787,
2872,sci.med,sci.med,True,1.0,0.23258524999255314,
2873,talk.religion.misc,alt.atheism,False,0.39,0.2620824580080807,
2874,comp.sys.ibm.pc.hardware,comp.sys.ibm.pc.hardware,True,0.94,0.3260242909891531,
2875,talk.politics.guns,talk.politics.guns,True,1.0,0.28798449999885634,
2876,sci.crypt,sci.crypt,True,1.0,0.3010097919614054,
2877,sci.space,sci.electronics,False,0.98,0.28518091602018103,
2878,alt.atheism,talk.politics.mideast,False,0.96,0.3264533750480041,
2879,rec.autos,rec.autos,True,0.77,0.3302224999642931,
2880,sci.crypt,sci.crypt,True,1.0,0.3267153750057332,
2881,rec.motorcycles,rec.motorcycles,True,1.0,0.32700295897666365,
2882,sci.crypt,sci.crypt,True,0.97,0.3073105000075884,
2883,comp.windows.x,comp.windows.x,True,1.0,0.2556918750051409,
2884,sci.electronics,sci.electronics,True,1.0,0.2887774169794284,
2885,rec.motorcycles,rec.motorcycles,True,0.42,0.2567521660239436,
2886,rec.sport.baseball,rec.sport.baseball,True,1.0,0.3042994579882361,
2887,misc.forsale,misc.forsale,True,0.66,0.2689942920114845,
2888,sci.med,alt.atheism,False,0.94,0.38616004202049226,
2889,rec.autos,rec.autos,True,0.94,0.24459991697221994,
2890,talk.politics.guns,talk.religion.misc,False,0.59,0.3436205409816466,
2891,sci.space,talk.politics.misc,False,0.47,0.39361095800995827,
2892,sci.electronics,sci.electronics,True,0.85,0.3309269579476677,
2893,rec.autos,rec.autos,True,1.0,0.32266587496269494,
2894,sci.electronics,sci.electronics,True,1.0,0.31588308297796175,
2895,talk.politics.mideast,comp.os.ms-windows.misc,False,0.74,0.2817752500413917,
2896,misc.forsale,misc.forsale,True,0.97,0.33857687504496425,
2897,comp.graphics,comp.graphics,True,1.0,0.28139279200695455,
2898,comp.windows.x,comp.windows.x,True,1.0,0.3491984580177814,
2899,comp.graphics,misc.forsale,False,0.2,0.26617841696133837,
2900,rec.sport.baseball,rec.sport.baseball,True,0.92,0.36967174999881536,
2901,alt.atheism,talk.religion.misc,False,0.47,0.3204406669829041,
2902,comp.os.ms-windows.misc,comp.os.ms-windows.misc,True,1.0,0.26083295798162,
2903,talk.politics.guns,talk.politics.misc,False,0.92,0.2606143750017509,
2904,alt.atheism,alt.atheism,True,1.0,0.27984229201683775,
2905,sci.med,sci.med,True,1.0,0.38258308300282806,
2906,talk.religion.misc,talk.politics.guns,False,0.34,0.3282430000253953,
2907,sci.crypt,talk.politics.misc,False,0.97,0.3280400829971768,
2908,alt.atheism,talk.politics.mideast,False,0.71,0.3261751669924706,
2909,rec.sport.baseball,rec.sport.baseball,True,1.0,0.27383737498894334,
2910,sci.space,sci.space,True,1.0,0.26788695895811543,
2911,rec.sport.baseball,rec.sport.baseball,True,1.0,0.24293224996654317,
2912,rec.sport.hockey,rec.sport.hockey,True,1.0,0.31884733302285895,
2913,sci.med,sci.med,True,1.0,0.2930507499841042,
2914,sci.med,comp.graphics,False,1.0,0.2597143339808099,
2915,sci.space,sci.space,True,0.94,0.26173349999589846,
2916,alt.atheism,alt.atheism,True,0.97,0.37790924997534603,
2917,sci.space,sci.space,True,0.92,0.3671902079950087,
2918,talk.politics.misc,talk.politics.guns,False,0.99,0.3586791250272654,
2919,comp.windows.x,comp.windows.x,True,0.99,0.24473895801929757,
2920,comp.os.ms-windows.misc,comp.os.ms-windows.misc,True,0.91,0.3092914590379223,
2921,rec.sport.hockey,talk.politics.misc,False,0.3,0.26504591602133587,
2922,alt.atheism,alt.atheism,True,0.82,0.3220138329779729,
2923,sci.space,sci.space,True,1.0,0.2371194160077721,
2924,soc.religion.christian,soc.religion.christian,True,0.97,0.34003591700457036,
2925,rec.sport.hockey,rec.sport.hockey,True,1.0,0.352015541982837,
2926,rec.sport.hockey,rec.sport.hockey,True,0.93,0.3256825830321759,
2927,sci.crypt,sci.crypt,True,1.0,0.2675988750415854,
2928,sci.electronics,sci.electronics,True,0.97,0.2568136249901727,
2929,talk.religion.misc,soc.religion.christian,False,0.99,0.3378589589847252,
2930,sci.electronics,comp.os.ms-windows.misc,False,0.34,0.3190536660258658,
2931,sci.electronics,sci.electronics,True,0.64,0.26907162502175197,
2932,comp.windows.x,comp.windows.x,True,1.0,0.27450399997178465,
2933,sci.crypt,sci.electronics,False,0.57,0.32890095899347216,
2934,misc.forsale,misc.forsale,True,1.0,0.3253354170010425,
2935,comp.windows.x,comp.windows.x,True,1.0,0.3221757090068422,
2936,misc.forsale,misc.forsale,True,0.71,0.32407979195704684,
2937,talk.politics.mideast,talk.politics.mideast,True,1.0,0.37740629201289266,
2938,talk.politics.misc,talk.politics.misc,True,0.43,0.29037208296358585,
2939,comp.os.ms-windows.misc,comp.os.ms-windows.misc,True,0.2,0.4056860830169171,
2940,rec.sport.hockey,rec.sport.hockey,True,1.0,0.2850687089958228,
2941,rec.motorcycles,rec.motorcycles,True,1.0,0.2389335409970954,
2942,comp.graphics,comp.graphics,True,1.0,0.25305241701425985,
2943,talk.politics.misc,talk.politics.guns,False,0.77,0.36990125000011176,
2944,comp.sys.mac.hardware,comp.sys.mac.hardware,True,1.0,0.3694065000163391,
2945,soc.religion.christian,soc.religion.christian,True,0.99,0.37690824997844175,
2946,comp.os.ms-windows.misc,comp.os.ms-windows.misc,True,0.99,0.3560612910077907,
2947,sci.space,sci.space,True,0.9,0.3203926250571385,
2948,sci.space,sci.space,True,1.0,0.3109183749766089,
2949,talk.politics.misc,talk.politics.misc,True,0.81,0.32821866701124236,
2950,sci.electronics,sci.electronics,True,0.51,0.24049737502355129,
2951,talk.politics.misc,talk.politics.misc,True,0.89,0.3103788329754025,
2952,comp.sys.mac.hardware,comp.sys.mac.hardware,True,0.91,0.3279107499984093,
2953,sci.space,sci.space,True,1.0,0.2772711249999702,
2954,rec.motorcycles,misc.forsale,False,0.63,0.2553753750398755,
2955,comp.sys.mac.hardware,comp.sys.mac.hardware,True,0.34,0.29552499996498227,
2956,misc.forsale,misc.forsale,True,0.5,0.28412162500899285,
2957,rec.autos,rec.autos,True,0.99,0.24761916702846065,
2958,talk.politics.misc,sci.med,False,0.6,0.33046291704522446,
2959,rec.sport.baseball,rec.sport.baseball,True,1.0,0.33479491696925834,
2960,comp.windows.x,comp.windows.x,True,0.97,0.32320625003194436,
2961,soc.religion.christian,talk.religion.misc,False,0.98,0.32506925001507625,
2962,talk.politics.guns,talk.politics.guns,True,0.68,0.32336687500355765,
2963,rec.sport.hockey,rec.sport.hockey,True,1.0,0.3299474589875899,
2964,sci.med,sci.med,True,0.91,0.31415458396077156,
2965,sci.space,sci.space,True,1.0,0.3022335830028169,
2966,rec.sport.hockey,rec.sport.hockey,True,1.0,0.2506310000317171,
2967,rec.sport.hockey,rec.sport.hockey,True,1.0,0.2530475829844363,
2968,sci.space,sci.space,True,1.0,0.26407045795349404,
2969,talk.politics.mideast,talk.politics.mideast,True,1.0,0.28331670799525455,
2970,talk.politics.mideast,talk.politics.misc,False,0.86,0.39077733299927786,
2971,alt.atheism,alt.atheism,True,0.98,0.24453600001288578,
2972,soc.religion.christian,soc.religion.christian,True,0.84,0.24708645802456886,
2973,talk.politics.mideast,talk.politics.misc,False,0.71,0.24186900001950562,
2974,comp.windows.x,comp.windows.x,True,1.0,0.2299304999760352,
2975,rec.sport.baseball,rec.sport.baseball,True,1.0,0.3372962909634225,
2976,rec.autos,rec.autos,True,0.99,0.33219358400674537,
2977,sci.med,sci.med,True,1.0,0.28968358400743455,
2978,talk.politics.guns,sci.crypt,False,0.98,0.2652508749742992,
2979,comp.os.ms-windows.misc,comp.sys.mac.hardware,False,0.45,0.2922799999942072,
2980,rec.sport.baseball,rec.sport.baseball,True,1.0,0.2537056669825688,
2981,rec.sport.baseball,rec.sport.baseball,True,1.0,0.33336858300026506,
2982,sci.space,sci.space,True,1.0,0.37316575000295416,
2983,comp.os.ms-windows.misc,comp.os.ms-windows.misc,True,0.55,0.3386511669959873,
2984,comp.windows.x,comp.windows.x,True,1.0,0.24028525000903755,
2985,comp.sys.mac.hardware,comp.sys.mac.hardware,True,0.97,0.26481091597815976,
2986,rec.autos,rec.autos,True,1.0,0.2897789590060711,
2987,rec.sport.baseball,rec.sport.baseball,True,1.0,0.30087566701695323,
2988,sci.space,alt.atheism,False,0.35,0.3101734579540789,
2989,comp.os.ms-windows.misc,comp.os.ms-windows.misc,True,0.99,0.32804858300369233,
2990,talk.religion.misc,talk.politics.guns,False,0.96,0.29634124995209277,
2991,comp.sys.ibm.pc.hardware,comp.sys.ibm.pc.hardware,True,1.0,0.26552962500136346,
2992,comp.graphics,comp.graphics,True,1.0,0.261857042030897,
2993,comp.graphics,comp.sys.ibm.pc.hardware,False,0.99,0.2871239579981193,
2994,sci.space,sci.electronics,False,0.93,0.2743415830191225,
2995,comp.os.ms-windows.misc,comp.os.ms-windows.misc,True,0.99,0.2605179169913754,
2996,talk.politics.mideast,talk.politics.misc,False,0.57,0.4386241249740124,
2997,misc.forsale,misc.forsale,True,1.0,0.3870344160241075,
2998,comp.graphics,comp.graphics,True,1.0,0.38435441703768447,
2999,rec.autos,rec.autos,True,1.0,0.2590310840168968,
3000,sci.crypt,sci.crypt,True,1.0,0.3466642079874873,
3001,comp.windows.x,comp.windows.x,True,1.0,0.3474088750081137,
3002,soc.religion.christian,soc.religion.christian,True,0.97,0.3368971669697203,
3003,rec.sport.hockey,rec.sport.hockey,True,1.0,0.34052437503123656,
3004,sci.med,sci.med,True,1.0,0.33595395798329264,
3005,sci.electronics,misc.forsale,False,0.98,0.26387008297024295,
3006,rec.motorcycles,talk.politics.misc,False,0.46,0.35215308296028525,
3007,misc.forsale,misc.forsale,True,1.0,0.28677395900012925,
3008,talk.politics.guns,alt.atheism,False,0.53,0.29854645900195464,
3009,talk.politics.guns,talk.politics.misc,False,0.66,0.29466512496583164,
3010,misc.forsale,misc.forsale,True,0.91,0.2823854580055922,
3011,comp.windows.x,comp.windows.x,True,1.0,0.33216020796680823,
3012,comp.graphics,comp.graphics,True,1.0,0.22617029200773686,
3013,comp.os.ms-windows.misc,comp.sys.mac.hardware,False,0.53,0.3334034160361625,
3014,sci.crypt,sci.crypt,True,1.0,0.33805487502831966,
3015,comp.os.ms-windows.misc,comp.os.ms-windows.misc,True,1.0,0.32991374999983236,
3016,rec.motorcycles,rec.motorcycles,True,0.5,0.326571750047151,
3017,comp.sys.mac.hardware,comp.sys.ibm.pc.hardware,False,0.69,0.3294273330247961,
3018,comp.graphics,comp.graphics,True,0.7,0.3611556669929996,
3019,rec.sport.hockey,rec.sport.hockey,True,1.0,0.2210549580049701,
3020,comp.sys.mac.hardware,comp.sys.mac.hardware,True,0.99,0.2946241250028834,
3021,sci.electronics,sci.electronics,True,0.83,0.3181627920130268,
3022,soc.religion.christian,talk.religion.misc,False,0.52,0.2838587919832207,
3023,comp.sys.ibm.pc.hardware,comp.sys.ibm.pc.hardware,True,0.99,0.3014669169788249,
3024,comp.sys.ibm.pc.hardware,comp.sys.ibm.pc.hardware,True,1.0,0.25604695902438834,
3025,talk.politics.misc,talk.politics.misc,True,0.21,0.27655116602545604,
3026,soc.religion.christian,soc.religion.christian,True,0.86,0.2819245840073563,
3027,comp.sys.mac.hardware,comp.sys.mac.hardware,True,0.99,0.3660404580296017,
3028,sci.space,sci.space,True,0.74,0.37046649999683723,
3029,comp.sys.mac.hardware,comp.sys.mac.hardware,True,0.98,0.3715358329936862,
3030,misc.forsale,misc.forsale,True,1.0,0.3321658750064671,
3031,sci.electronics,sci.electronics,True,0.99,0.27528304199222475,
3032,talk.religion.misc,alt.atheism,False,0.93,0.2874238339718431,
3033,talk.politics.misc,alt.atheism,False,0.46,0.22790554200764745,
3034,rec.sport.hockey,rec.sport.hockey,True,1.0,0.26516883296426386,
3035,comp.sys.mac.hardware,comp.sys.mac.hardware,True,1.0,0.2960303339641541,
3036,comp.sys.mac.hardware,comp.sys.mac.hardware,True,1.0,0.25626708404161036,
3037,talk.politics.guns,talk.politics.guns,True,1.0,0.30087783304043114,
3038,rec.motorcycles,rec.motorcycles,True,0.8,0.32936795899877325,
3039,comp.os.ms-windows.misc,misc.forsale,False,0.98,0.28595754102570936,
3040,soc.religion.christian,soc.religion.christian,True,0.98,0.24373645801097155,
3041,rec.motorcycles,rec.motorcycles,True,1.0,0.24237037502462044,
3042,misc.forsale,misc.forsale,True,1.0,0.3167412499897182,
3043,rec.sport.baseball,rec.sport.baseball,True,1.0,0.33228758396580815,
3044,talk.politics.mideast,talk.politics.mideast,True,1.0,0.3241607079980895,
3045,sci.crypt,sci.crypt,True,0.96,0.3006789160426706,
3046,sci.med,sci.med,True,1.0,0.269715458038263,
3047,talk.politics.mideast,talk.politics.guns,False,0.76,0.2864258330082521,
3048,rec.sport.baseball,talk.politics.misc,False,0.58,0.26217787503264844,
3049,sci.electronics,sci.electronics,True,1.0,0.23440883302828297,
3050,sci.space,sci.space,True,1.0,0.3132007080130279,
3051,talk.religion.misc,talk.religion.misc,True,0.89,0.28743629198288545,
3052,rec.sport.hockey,talk.politics.misc,False,0.68,0.4039712499943562,
3053,comp.sys.ibm.pc.hardware,comp.sys.ibm.pc.hardware,True,1.0,0.4072937919991091,
3054,soc.religion.christian,talk.religion.misc,False,0.99,0.38595720898592845,
3055,talk.religion.misc,talk.religion.misc,True,0.84,0.269374625000637,
3056,comp.graphics,comp.graphics,True,0.59,0.37809066695626825,
3057,comp.os.ms-windows.misc,comp.sys.ibm.pc.hardware,False,0.84,0.3400047079776414,
3058,comp.sys.mac.hardware,comp.sys.ibm.pc.hardware,False,0.7,0.31923416699282825,
3059,rec.sport.hockey,rec.sport.hockey,True,1.0,0.24741616600658745,
3060,talk.politics.guns,talk.politics.guns,True,0.96,0.24733912502415478,
3061,sci.electronics,sci.electronics,True,0.97,0.5261539160273969,
3062,comp.graphics,comp.graphics,True,1.0,0.22133504098746926,
3063,comp.graphics,comp.graphics,True,1.0,0.2825947920209728,
3064,sci.crypt,sci.crypt,True,1.0,0.3866844580043107,
3065,misc.forsale,misc.forsale,True,0.75,0.27212300000246614,
3066,alt.atheism,talk.politics.misc,False,0.93,0.2878137500374578,
3067,talk.politics.guns,comp.os.ms-windows.misc,False,0.37,0.44623870798386633,
3068,alt.atheism,alt.atheism,True,0.65,0.29218620795290917,
3069,talk.religion.misc,alt.atheism,False,0.71,0.33169679099228233,
3070,talk.religion.misc,alt.atheism,False,0.58,0.3276723329909146,
3071,rec.motorcycles,rec.motorcycles,True,1.0,0.33642154099652544,
3072,sci.electronics,sci.electronics,True,0.18,0.33184483397053555,
3073,talk.politics.guns,talk.politics.misc,False,0.97,0.3758589999633841,
3074,comp.os.ms-windows.misc,comp.os.ms-windows.misc,True,0.31,0.349249666032847,
3075,sci.crypt,comp.os.ms-windows.misc,False,0.36,0.29963958397274837,
3076,sci.crypt,talk.politics.misc,False,0.56,0.3140988749801181,
3077,comp.os.ms-windows.misc,comp.graphics,False,0.73,0.32114608300616965,
3078,rec.autos,rec.autos,True,0.99,0.2978312079794705,
3079,rec.autos,rec.autos,True,1.0,0.25154508295236155,
3080,sci.med,sci.med,True,0.93,0.3689805419999175,
3081,misc.forsale,misc.forsale,True,0.98,0.33911566698225215,
3082,talk.religion.misc,talk.religion.misc,True,0.53,0.30257266701664776,
3083,rec.sport.hockey,rec.sport.hockey,True,1.0,0.2952011659508571,
3084,soc.religion.christian,talk.politics.misc,False,0.41,0.2532852910226211,
3085,comp.sys.ibm.pc.hardware,comp.sys.ibm.pc.hardware,True,1.0,0.3438471250119619,
3086,sci.med,sci.med,True,1.0,0.31185445899609476,
3087,sci.space,sci.space,True,1.0,0.2695578340208158,
3088,comp.os.ms-windows.misc,comp.os.ms-windows.misc,True,0.91,0.24805929203284904,
3089,comp.os.ms-windows.misc,comp.sys.ibm.pc.hardware,False,0.66,0.28614454198395833,
3090,comp.graphics,comp.sys.ibm.pc.hardware,False,0.95,0.30892887501977384,
3091,sci.med,sci.med,True,1.0,0.2952018749783747,
3092,sci.space,sci.space,True,1.0,0.2771082500112243,
3093,alt.atheism,talk.politics.misc,False,0.91,0.28695841698208824,
3094,comp.windows.x,talk.politics.misc,False,0.26,0.236741291009821,
3095,comp.sys.ibm.pc.hardware,sci.crypt,False,0.17,0.2513111250009388,
3096,rec.sport.baseball,rec.sport.baseball,True,0.93,0.32665295799961314,
3097,talk.politics.misc,talk.politics.misc,True,0.58,0.3273746249615215,
3098,comp.windows.x,comp.windows.x,True,1.0,0.32586491701658815,
3099,talk.politics.guns,talk.politics.guns,True,0.81,0.34408975002588704,
3100,sci.electronics,sci.electronics,True,1.0,0.2660964169772342,
3101,talk.politics.mideast,talk.politics.mideast,True,1.0,0.27798262500436977,
3102,rec.sport.hockey,rec.sport.hockey,True,1.0,0.2564565830398351,
3103,comp.os.ms-windows.misc,comp.sys.ibm.pc.hardware,False,0.98,0.26887216698378325,
3104,talk.politics.guns,talk.politics.guns,True,0.94,0.24055799999041483,
3105,alt.atheism,alt.atheism,True,0.92,0.24930649995803833,
3106,misc.forsale,misc.forsale,True,1.0,0.27501174999633804,
3107,sci.electronics,sci.crypt,False,0.96,0.26354837499093264,
3108,sci.space,sci.space,True,0.77,0.2798845000215806,
3109,comp.windows.x,comp.windows.x,True,1.0,0.25978000002214685,
3110,sci.electronics,sci.electronics,True,1.0,0.3791314999689348,
3111,sci.space,sci.space,True,1.0,0.25478254200425,
3112,alt.atheism,alt.atheism,True,0.94,0.2520227080094628,
3113,talk.politics.mideast,talk.politics.misc,False,0.84,0.3604543340043165,
3114,rec.sport.baseball,rec.sport.baseball,True,1.0,0.38942620798479766,
3115,rec.motorcycles,rec.motorcycles,True,0.82,0.2796443330007605,
3116,sci.space,talk.politics.misc,False,0.65,0.27552374999504536,
3117,rec.sport.hockey,talk.politics.misc,False,0.4,0.24246362497797236,
3118,talk.politics.misc,talk.politics.misc,True,0.8,0.25605525000719354,
3119,sci.crypt,sci.crypt,True,1.0,0.29310345801059157,
3120,rec.motorcycles,talk.politics.guns,False,0.18,0.3130183750181459,
3121,talk.politics.mideast,talk.politics.mideast,True,0.52,0.2592064589844085,
3122,rec.sport.hockey,rec.sport.hockey,True,1.0,0.23345270799472928,
3123,comp.windows.x,comp.windows.x,True,0.99,0.2513796670245938,
3124,talk.politics.guns,talk.politics.misc,False,0.86,0.4472952089854516,
3125,sci.electronics,sci.crypt,False,0.18,0.281381250009872,
3126,comp.os.ms-windows.misc,comp.graphics,False,1.0,0.26824304199544713,
3127,misc.forsale,misc.forsale,True,1.0,0.3294638330116868,
3128,rec.sport.baseball,misc.forsale,False,0.27,0.27456791599979624,
3129,talk.politics.guns,talk.politics.misc,False,0.6,0.28582691703923047,
3130,comp.graphics,comp.graphics,True,0.79,0.30538579198764637,
3131,talk.politics.guns,talk.politics.misc,False,0.99,0.271867832983844,
3132,comp.sys.mac.hardware,comp.sys.mac.hardware,True,1.0,0.4673637499799952,
3133,comp.os.ms-windows.misc,comp.os.ms-windows.misc,True,0.78,0.23916058300528675,
3134,comp.graphics,comp.graphics,True,0.99,0.2529410830466077,
3135,comp.os.ms-windows.misc,comp.windows.x,False,0.62,0.2775273750303313,
3136,comp.sys.mac.hardware,comp.sys.mac.hardware,True,0.84,0.3877242500311695,
3137,sci.crypt,sci.crypt,True,0.94,0.3726551670115441,
3138,talk.politics.guns,comp.os.ms-windows.misc,False,0.34,0.36160091700730845,
3139,talk.politics.misc,talk.politics.guns,False,0.98,0.363396417000331,
3140,alt.atheism,talk.politics.misc,False,0.26,0.369357209012378,
3141,rec.sport.hockey,comp.os.ms-windows.misc,False,0.35,0.33690741698956117,
3142,alt.atheism,soc.religion.christian,False,0.47,0.3289552089991048,
3143,comp.os.ms-windows.misc,comp.sys.ibm.pc.hardware,False,0.51,0.28465883299941197,
3144,soc.religion.christian,soc.religion.christian,True,0.96,0.280289874994196,
3145,comp.sys.mac.hardware,comp.sys.mac.hardware,True,0.98,0.324948041990865,
3146,comp.sys.ibm.pc.hardware,comp.sys.ibm.pc.hardware,True,1.0,0.38139749999390915,
3147,comp.os.ms-windows.misc,comp.windows.x,False,0.34,0.27214754099259153,
3148,comp.os.ms-windows.misc,comp.sys.mac.hardware,False,0.56,0.2849495420232415,
3149,soc.religion.christian,talk.religion.misc,False,0.4,0.3097222910146229,
3150,rec.autos,rec.autos,True,1.0,0.2802947909804061,
3151,sci.electronics,comp.windows.x,False,0.2,0.32995862496318296,
3152,rec.motorcycles,comp.os.ms-windows.misc,False,0.31,0.33026541699655354,
3153,comp.windows.x,comp.windows.x,True,1.0,0.3283138339756988,
3154,sci.crypt,sci.crypt,True,1.0,0.3223512909607962,
3155,sci.electronics,talk.politics.misc,False,0.57,0.32882154098479077,
3156,rec.autos,rec.autos,True,0.8,0.3188966250163503,
3157,sci.crypt,sci.crypt,True,1.0,0.30797133402666077,
3158,rec.motorcycles,sci.crypt,False,0.32,0.26221054198686033,
3159,talk.politics.mideast,talk.politics.mideast,True,0.73,0.25826808298006654,
3160,sci.med,sci.med,True,1.0,0.41552166698966175,
3161,sci.crypt,sci.crypt,True,0.95,0.2815694579621777,
3162,alt.atheism,talk.politics.misc,False,0.56,0.2529868750134483,
3163,talk.religion.misc,alt.atheism,False,0.81,0.2834595000022091,
3164,talk.politics.misc,talk.politics.misc,True,0.73,0.3614285830408335,
3165,talk.politics.mideast,talk.politics.misc,False,0.61,0.349541625007987,
3166,sci.med,sci.med,True,1.0,0.31842516700271517,
3167,comp.windows.x,comp.windows.x,True,1.0,0.2854099160176702,
3168,rec.motorcycles,rec.motorcycles,True,0.98,0.2612061249674298,
3169,comp.sys.mac.hardware,comp.sys.mac.hardware,True,1.0,0.27823412499856204,
3170,alt.atheism,talk.politics.misc,False,0.77,0.3072823749971576,
3171,talk.religion.misc,talk.religion.misc,True,1.0,0.278967541991733,
3172,sci.med,sci.med,True,1.0,0.27852662501391023,
3173,sci.electronics,sci.electronics,True,1.0,0.2642545410199091,
3174,rec.motorcycles,rec.motorcycles,True,0.82,0.3063674590084702,
3175,talk.politics.mideast,talk.religion.misc,False,0.74,0.2951038330211304,
3176,talk.politics.guns,talk.politics.guns,True,0.56,0.3214639159850776,
3177,talk.politics.mideast,talk.politics.mideast,True,0.99,0.26390099996933714,
3178,misc.forsale,misc.forsale,True,1.0,0.29268070799298584,
3179,alt.atheism,soc.religion.christian,False,0.93,0.32878279202850536,
3180,rec.autos,rec.autos,True,1.0,0.23326279199682176,
3181,sci.space,sci.space,True,1.0,0.32678658299846575,
3182,sci.crypt,sci.crypt,True,1.0,0.3845537090091966,
3183,sci.electronics,sci.electronics,True,0.93,0.26744525000685826,
3184,rec.autos,rec.autos,True,1.0,0.3159452080144547,
3185,comp.os.ms-windows.misc,comp.os.ms-windows.misc,True,1.0,0.2524649589904584,
3186,soc.religion.christian,soc.religion.christian,True,0.73,0.24523708398919553,
3187,talk.politics.mideast,talk.politics.misc,False,1.0,0.3213374170009047,
3188,soc.religion.christian,soc.religion.christian,True,0.97,0.2854191670194268,
3189,rec.motorcycles,rec.motorcycles,True,0.79,0.28145549999317154,
3190,alt.atheism,talk.politics.misc,False,0.41,0.40726183296646923,
3191,comp.windows.x,comp.windows.x,True,1.0,0.3945435409550555,
3192,rec.sport.hockey,rec.sport.hockey,True,1.0,0.28036199999041855,
3193,alt.atheism,alt.atheism,True,1.0,0.4267748330021277,
3194,talk.religion.misc,talk.politics.guns,False,0.99,0.32578025001566857,
3195,sci.space,comp.graphics,False,0.25,0.4037827080464922,
3196,comp.sys.ibm.pc.hardware,comp.sys.ibm.pc.hardware,True,1.0,0.26734008302446455,
3197,comp.graphics,comp.graphics,True,1.0,0.3199053339776583,
3198,talk.politics.misc,alt.atheism,False,0.38,0.3190990840084851,
3199,comp.windows.x,comp.windows.x,True,0.98,0.28797683300217614,
3200,comp.os.ms-windows.misc,comp.os.ms-windows.misc,True,0.88,0.2579411250189878,
3201,rec.autos,comp.os.ms-windows.misc,False,0.35,0.25239916698774323,
3202,rec.sport.hockey,rec.sport.hockey,True,0.59,0.2741136670229025,
3203,talk.politics.mideast,talk.politics.mideast,True,0.92,0.29238825000356883,
3204,comp.sys.mac.hardware,comp.sys.mac.hardware,True,1.0,0.29401137499371544,
3205,misc.forsale,misc.forsale,True,1.0,0.26661549997515976,
3206,comp.windows.x,comp.windows.x,True,1.0,0.4195756250410341,
3207,comp.graphics,comp.sys.ibm.pc.hardware,False,0.94,0.3286762500065379,
3208,sci.med,sci.med,True,1.0,0.33032308402471244,
3209,sci.crypt,comp.os.ms-windows.misc,False,0.41,0.32442958297906443,
3210,comp.sys.ibm.pc.hardware,comp.sys.ibm.pc.hardware,True,0.43,0.2709636249928735,
3211,sci.med,sci.med,True,1.0,0.30837708397302777,
3212,talk.politics.misc,talk.politics.misc,True,1.0,0.3250661250203848,
3213,comp.os.ms-windows.misc,comp.os.ms-windows.misc,True,0.86,0.24926324997795746,
3214,comp.os.ms-windows.misc,talk.politics.misc,False,0.57,0.2558139589964412,
3215,talk.politics.mideast,talk.politics.mideast,True,1.0,0.25363674998516217,
3216,rec.sport.hockey,rec.sport.hockey,True,1.0,0.39654558297479525,
3217,misc.forsale,misc.forsale,True,1.0,0.2796424170373939,
3218,talk.politics.misc,talk.politics.misc,True,0.82,0.284136458998546,
3219,comp.sys.mac.hardware,comp.sys.mac.hardware,True,1.0,0.27894229197409004,
3220,rec.sport.hockey,rec.sport.hockey,True,1.0,0.36051412497181445,
3221,comp.graphics,comp.graphics,True,1.0,0.39073616702808067,
3222,rec.motorcycles,rec.motorcycles,True,1.0,0.2260355000034906,
3223,talk.politics.guns,talk.politics.misc,False,0.67,0.27287416701437905,
3224,talk.politics.mideast,talk.politics.misc,False,1.0,0.22473600000375882,
3225,rec.motorcycles,rec.motorcycles,True,0.61,0.2752268749754876,
3226,misc.forsale,misc.forsale,True,1.0,0.2521839159890078,
3227,comp.sys.ibm.pc.hardware,comp.sys.ibm.pc.hardware,True,0.69,0.2677712079603225,
3228,talk.religion.misc,talk.politics.misc,False,0.99,0.23973662499338388,
3229,talk.politics.mideast,talk.politics.mideast,True,0.99,0.2713097079540603,
3230,misc.forsale,misc.forsale,True,0.64,0.24654924997594208,
3231,comp.graphics,comp.windows.x,False,0.81,0.2510441249469295,
3232,comp.graphics,comp.graphics,True,1.0,0.27318487502634525,
3233,rec.motorcycles,rec.motorcycles,True,0.98,0.3149692500010133,
3234,rec.motorcycles,rec.motorcycles,True,1.0,0.4186909590498544,
3235,alt.atheism,alt.atheism,True,0.8,0.3283096670056693,
3236,comp.graphics,comp.windows.x,False,0.79,0.33177933300612494,
3237,rec.autos,rec.autos,True,1.0,0.29793008300475776,
3238,comp.windows.x,comp.windows.x,True,0.83,0.300385374983307,
3239,sci.space,sci.space,True,1.0,0.31821420800406486,
3240,sci.space,sci.space,True,0.98,0.27205933298682794,
3241,alt.atheism,talk.religion.misc,False,0.75,0.2628490409697406,
3242,comp.sys.ibm.pc.hardware,comp.sys.ibm.pc.hardware,True,0.89,0.35724687500623986,
3243,rec.autos,rec.autos,True,1.0,0.26869399996940047,
3244,comp.os.ms-windows.misc,comp.sys.ibm.pc.hardware,False,1.0,0.2916576249990612,
3245,rec.autos,rec.autos,True,1.0,0.2861057500122115,
3246,rec.motorcycles,rec.autos,False,0.64,0.3000333340023644,
3247,sci.med,sci.med,True,1.0,0.24331291700946167,
3248,sci.electronics,sci.electronics,True,1.0,0.35520454205106944,
3249,comp.graphics,comp.graphics,True,1.0,0.30982895800843835,
3250,talk.politics.misc,talk.politics.misc,True,0.73,0.2583320830017328,
3251,comp.windows.x,comp.windows.x,True,1.0,0.3031794159905985,
3252,misc.forsale,misc.forsale,True,0.98,0.301621749997139,
3253,rec.motorcycles,rec.motorcycles,True,0.99,0.2658053750055842,
3254,talk.politics.mideast,talk.politics.misc,False,0.81,0.3634030409739353,
3255,talk.politics.mideast,talk.politics.misc,False,0.67,0.3151758330059238,
3256,comp.sys.mac.hardware,comp.sys.mac.hardware,True,0.82,0.26078066596528515,
3257,sci.electronics,sci.electronics,True,1.0,0.27487179095624015,
3258,comp.sys.ibm.pc.hardware,comp.os.ms-windows.misc,False,0.68,0.2700075840111822,
3259,rec.autos,talk.politics.misc,False,0.47,0.5472411250229925,
3260,comp.sys.mac.hardware,comp.sys.mac.hardware,True,1.0,0.2527954580145888,
3261,comp.windows.x,comp.os.ms-windows.misc,False,0.35,0.3112749169813469,
3262,alt.atheism,alt.atheism,True,1.0,0.2884655420202762,
3263,comp.sys.mac.hardware,misc.forsale,False,0.51,0.42108637501951307,
3264,rec.sport.baseball,rec.sport.baseball,True,0.97,0.326806208002381,
3265,rec.sport.baseball,rec.sport.baseball,True,1.0,0.3280069170286879,
3266,talk.religion.misc,talk.religion.misc,True,0.49,0.28049500001361594,
3267,sci.med,sci.med,True,1.0,0.28664754203055054,
3268,rec.sport.baseball,rec.sport.baseball,True,1.0,0.27762716700090095,
3269,sci.electronics,sci.electronics,True,1.0,0.29441754100844264,
3270,rec.autos,rec.autos,True,1.0,0.25691729196114466,
3271,sci.electronics,sci.electronics,True,0.77,0.2871613330207765,
3272,rec.autos,comp.os.ms-windows.misc,False,0.3,0.3228457090444863,
3273,sci.space,talk.politics.misc,False,0.4,0.29365870798937976,
3274,rec.autos,rec.autos,True,1.0,0.25574250001227483,
3275,talk.politics.misc,comp.os.ms-windows.misc,False,0.57,0.35260041698347777,
3276,rec.sport.hockey,rec.sport.hockey,True,1.0,0.368239666975569,
3277,alt.atheism,comp.windows.x,False,0.13,0.3421754580340348,
3278,talk.politics.misc,talk.politics.misc,True,0.99,0.3308240420301445,
3279,sci.electronics,comp.sys.ibm.pc.hardware,False,0.48,0.27475212496938184,
3280,talk.politics.guns,talk.politics.guns,True,0.9,0.2730007080244832,
3281,rec.motorcycles,rec.motorcycles,True,1.0,0.23425833298824728,
3282,rec.autos,talk.politics.misc,False,0.39,0.27020383294438943,
3283,talk.politics.misc,sci.med,False,0.53,0.3456119589973241,
3284,comp.windows.x,comp.windows.x,True,1.0,0.2702741250395775,
3285,sci.crypt,comp.sys.mac.hardware,False,0.67,0.28033304202836007,
3286,comp.sys.ibm.pc.hardware,comp.sys.ibm.pc.hardware,True,0.98,0.2997408750234172,
3287,sci.electronics,sci.electronics,True,0.97,0.34604745800606906,
3288,comp.sys.ibm.pc.hardware,comp.sys.ibm.pc.hardware,True,0.68,0.26680654095252976,
3289,sci.space,sci.space,True,1.0,0.26992074999725446,
3290,rec.sport.baseball,rec.sport.baseball,True,0.99,0.4254763330100104,
3291,comp.os.ms-windows.misc,comp.os.ms-windows.misc,True,0.83,0.3306697920197621,
3292,sci.crypt,sci.crypt,True,1.0,0.3289491669856943,
3293,talk.politics.guns,talk.politics.guns,True,0.98,0.3101170420413837,
3294,talk.religion.misc,soc.religion.christian,False,0.95,0.31475070799933746,
3295,rec.motorcycles,rec.motorcycles,True,1.0,0.2798649999895133,
3296,sci.space,sci.space,True,0.98,0.27349508297629654,
3297,alt.atheism,alt.atheism,True,0.8,0.25617087504360825,
3298,rec.sport.baseball,rec.sport.baseball,True,1.0,0.3178479999769479,
3299,rec.sport.baseball,comp.os.ms-windows.misc,False,0.41,0.38983754196669906,
3300,alt.atheism,sci.space,False,0.49,0.2552704159752466,
3301,talk.politics.guns,talk.politics.guns,True,1.0,0.2906030419981107,
3302,misc.forsale,misc.forsale,True,1.0,0.2654073750018142,
3303,comp.os.ms-windows.misc,comp.os.ms-windows.misc,True,1.0,0.24890333297662437,
3304,rec.motorcycles,rec.motorcycles,True,1.0,0.3457390000112355,
3305,sci.electronics,sci.electronics,True,1.0,0.31000354094430804,
3306,alt.atheism,alt.atheism,True,0.39,0.24646745895734057,
3307,sci.crypt,sci.crypt,True,1.0,0.2518827909952961,
3308,sci.space,sci.space,True,0.97,0.31405566702596843,
3309,sci.crypt,sci.crypt,True,1.0,0.25434045802103356,
3310,comp.sys.ibm.pc.hardware,comp.sys.ibm.pc.hardware,True,1.0,0.2687686660210602,
3311,sci.crypt,talk.politics.misc,False,0.46,0.2933201660052873,
3312,talk.politics.misc,talk.politics.mideast,False,0.7,0.2753179590217769,
3313,talk.politics.guns,talk.politics.misc,False,0.61,0.34016750002047047,
3314,comp.windows.x,comp.windows.x,True,1.0,0.29723166703479365,
3315,comp.os.ms-windows.misc,comp.os.ms-windows.misc,True,0.56,0.2861608330276795,
3316,rec.sport.baseball,rec.sport.baseball,True,0.48,0.29426633403636515,
3317,rec.motorcycles,rec.motorcycles,True,1.0,0.23676341696409509,
3318,sci.electronics,comp.os.ms-windows.misc,False,0.33,0.4222666670102626,
3319,comp.sys.ibm.pc.hardware,comp.os.ms-windows.misc,False,0.56,0.3345600829925388,
3320,comp.sys.mac.hardware,comp.os.ms-windows.misc,False,0.33,0.33394041704013944,
3321,sci.crypt,talk.politics.misc,False,0.44,0.32443645800231025,
3322,rec.motorcycles,rec.autos,False,0.66,0.29447595903184265,
3323,misc.forsale,misc.forsale,True,0.99,0.3138765830080956,
3324,rec.sport.baseball,rec.sport.baseball,True,1.0,0.28443341597449034,
3325,comp.sys.mac.hardware,comp.sys.mac.hardware,True,1.0,0.259844875021372,
3326,sci.electronics,sci.electronics,True,0.65,0.2539882499841042,
3327,talk.politics.misc,talk.politics.misc,True,0.96,0.4079035830218345,
3328,rec.sport.hockey,rec.sport.hockey,True,0.65,0.40150145802181214,
3329,misc.forsale,misc.forsale,True,0.94,0.26534212502883747,
3330,rec.autos,rec.autos,True,1.0,0.3592230840004049,
3331,sci.electronics,sci.electronics,True,0.47,0.35275437496602535,
3332,alt.atheism,alt.atheism,True,1.0,0.24690858297981322,
3333,talk.politics.guns,talk.politics.mideast,False,0.63,0.23604416596936062,
3334,rec.sport.hockey,rec.sport.baseball,False,0.92,0.24526983295800164,
3335,sci.space,misc.forsale,False,1.0,0.28387791698332876,
3336,comp.graphics,comp.graphics,True,0.99,0.41177750000497326,
3337,rec.sport.baseball,rec.sport.baseball,True,1.0,0.28908591700019315,
3338,misc.forsale,misc.forsale,True,1.0,0.3234058750094846,
3339,sci.electronics,comp.os.ms-windows.misc,False,0.32,0.2901808749884367,
3340,sci.crypt,sci.crypt,True,1.0,0.31565129198133945,
3341,comp.graphics,comp.graphics,True,1.0,0.25691183301387355,
3342,soc.religion.christian,soc.religion.christian,True,0.97,0.24780658300733194,
3343,comp.graphics,comp.os.ms-windows.misc,False,0.31,0.2635513750137761,
3344,comp.graphics,comp.graphics,True,0.99,0.2639839159674011,
3345,rec.sport.hockey,rec.sport.hockey,True,1.0,0.5134670829866081,
3346,comp.windows.x,comp.windows.x,True,1.0,0.3276455419836566,
3347,soc.religion.christian,soc.religion.christian,True,0.45,0.32746975001646206,
3348,comp.graphics,comp.graphics,True,1.0,0.32450929196784273,
3349,comp.windows.x,comp.windows.x,True,0.99,0.3420343329780735,
3350,rec.sport.baseball,rec.sport.baseball,True,0.66,0.28582900000037625,
3351,rec.motorcycles,rec.autos,False,0.83,0.2784918750403449,
3352,comp.graphics,comp.graphics,True,1.0,0.31602508295327425,
3353,comp.sys.mac.hardware,comp.sys.mac.hardware,True,0.65,0.4293900839984417,
3354,talk.religion.misc,talk.politics.misc,False,0.5,0.2842689580284059,
3355,talk.politics.guns,comp.os.ms-windows.misc,False,0.34,0.3108516249922104,
3356,sci.med,sci.med,True,1.0,0.389414457953535,
3357,rec.autos,rec.autos,True,1.0,0.3850446659489535,
3358,talk.politics.mideast,talk.politics.misc,False,0.95,0.3757884170045145,
3359,sci.electronics,sci.electronics,True,1.0,0.36280950001673773,
3360,talk.politics.mideast,talk.politics.mideast,True,0.99,0.4407379999756813,
3361,talk.religion.misc,talk.religion.misc,True,0.54,0.27919016702799127,
3362,comp.os.ms-windows.misc,comp.os.ms-windows.misc,True,0.49,0.28858629101887345,
3363,talk.politics.guns,talk.politics.guns,True,0.75,0.3087177920388058,
3364,rec.sport.baseball,rec.sport.baseball,True,1.0,0.2870809169835411,
3365,comp.os.ms-windows.misc,comp.os.ms-windows.misc,True,1.0,0.26183491601841524,
3366,comp.graphics,talk.politics.misc,False,0.18,0.28097525000339374,
3367,alt.atheism,alt.atheism,True,1.0,0.3357524169841781,
3368,rec.sport.baseball,rec.sport.baseball,True,1.0,0.273245207965374,
3369,sci.electronics,alt.atheism,False,0.16,0.31379924999782816,
3370,misc.forsale,misc.forsale,True,1.0,0.31022133299848065,
3371,misc.forsale,misc.forsale,True,1.0,0.3262847499572672,
3372,sci.crypt,sci.crypt,True,1.0,0.33714100002544,
3373,rec.sport.hockey,comp.os.ms-windows.misc,False,0.39,0.33280450000893325,
3374,sci.med,sci.med,True,1.0,0.3329480839893222,
3375,comp.sys.mac.hardware,sci.electronics,False,0.38,0.3285775830154307,
3376,comp.windows.x,comp.windows.x,True,0.69,0.29022049997001886,
3377,misc.forsale,misc.forsale,True,1.0,0.27347416698466986,
3378,alt.atheism,alt.atheism,True,0.74,0.4615526670240797,
3379,comp.windows.x,misc.forsale,False,0.83,0.241579209046904,
3380,rec.motorcycles,talk.politics.misc,False,0.46,0.29686666699126363,
3381,comp.os.ms-windows.misc,comp.os.ms-windows.misc,True,1.0,0.39694091700948775,
3382,talk.politics.misc,talk.politics.misc,True,0.92,0.3898430409608409,
3383,alt.atheism,comp.os.ms-windows.misc,False,0.34,0.23879774997476488,
3384,rec.sport.hockey,rec.sport.hockey,True,1.0,0.33286120800767094,
3385,talk.religion.misc,sci.space,False,1.0,0.3222540420247242,
3386,comp.os.ms-windows.misc,comp.os.ms-windows.misc,True,1.0,0.3217712079640478,
3387,rec.sport.baseball,rec.sport.baseball,True,1.0,0.3461024159914814,
3388,comp.graphics,comp.graphics,True,1.0,0.25191837502643466,
3389,comp.sys.ibm.pc.hardware,comp.sys.ibm.pc.hardware,True,0.94,0.3402458749478683,
3390,comp.sys.ibm.pc.hardware,comp.os.ms-windows.misc,False,0.24,0.23748162505216897,
3391,alt.atheism,talk.politics.misc,False,0.48,0.3550552090164274,
3392,alt.atheism,talk.politics.guns,False,0.61,0.3555519579676911,
3393,misc.forsale,misc.forsale,True,0.93,0.2875298750004731,
3394,sci.crypt,sci.crypt,True,1.0,0.2826246659969911,
3395,comp.sys.mac.hardware,comp.sys.mac.hardware,True,1.0,0.2995969170005992,
3396,comp.sys.mac.hardware,comp.os.ms-windows.misc,False,0.26,0.32603412499884143,
3397,misc.forsale,rec.autos,False,0.52,0.32755962503142655,
3398,comp.sys.mac.hardware,comp.sys.mac.hardware,True,1.0,0.33120308304205537,
3399,talk.politics.mideast,comp.os.ms-windows.misc,False,0.33,0.3314355830079876,
3400,alt.atheism,soc.religion.christian,False,0.77,0.3282656670198776,
3401,sci.med,talk.politics.misc,False,0.33,0.3290202079806477,
3402,rec.motorcycles,rec.motorcycles,True,1.0,0.3029659589519724,
3403,comp.os.ms-windows.misc,comp.os.ms-windows.misc,True,0.96,0.2808457919745706,
3404,talk.politics.mideast,talk.politics.mideast,True,1.0,0.2750000419910066,
3405,misc.forsale,misc.forsale,True,1.0,0.2791456250124611,
3406,talk.politics.misc,talk.politics.misc,True,0.67,0.2758930829586461,
3407,soc.religion.christian,soc.religion.christian,True,0.95,0.3774322920362465,
3408,alt.atheism,talk.politics.misc,False,0.87,0.245681207976304,
3409,comp.os.ms-windows.misc,comp.os.ms-windows.misc,True,1.0,0.3550087090115994,
3410,soc.religion.christian,talk.religion.misc,False,0.57,0.35784191702259704,
3411,rec.sport.baseball,talk.politics.misc,False,0.48,0.24395279202144593,
3412,sci.electronics,sci.electronics,True,0.99,0.31422816700069234,
3413,rec.autos,rec.autos,True,1.0,0.2596192500204779,
3414,alt.atheism,soc.religion.christian,False,0.97,0.24821366602554917,
3415,comp.windows.x,comp.windows.x,True,0.68,0.5913351249764673,
3416,rec.autos,rec.autos,True,0.96,0.3246557920356281,
3417,comp.sys.ibm.pc.hardware,sci.electronics,False,0.46,0.25933924998389557,
3418,comp.os.ms-windows.misc,comp.os.ms-windows.misc,True,1.0,0.3060353330220096,
3419,comp.os.ms-windows.misc,comp.sys.ibm.pc.hardware,False,0.6,0.2733360409620218,
3420,sci.crypt,sci.crypt,True,0.98,0.3146885000169277,
3421,rec.motorcycles,rec.autos,False,0.72,0.30101279099471867,
3422,soc.religion.christian,talk.religion.misc,False,0.61,0.34021458303323016,
3423,rec.autos,rec.autos,True,0.98,0.28909454197855666,
3424,rec.sport.hockey,rec.sport.hockey,True,1.0,0.27313950000097975,
3425,sci.space,sci.space,True,1.0,0.3364042079774663,
3426,comp.sys.ibm.pc.hardware,comp.sys.ibm.pc.hardware,True,0.65,0.33185141696594656,
3427,talk.politics.guns,talk.politics.misc,False,0.14,0.32912970799952745,
3428,rec.motorcycles,talk.politics.misc,False,0.11,0.32198041601805016,
3429,talk.politics.misc,talk.politics.mideast,False,0.35,0.2757571249967441,
3430,sci.electronics,talk.politics.misc,False,0.43,0.30689933302346617,
3431,talk.politics.mideast,talk.politics.mideast,True,0.91,0.2823235829710029,
3432,sci.crypt,sci.crypt,True,1.0,0.2823816250311211,
3433,sci.electronics,sci.electronics,True,0.99,0.4114418749813922,
3434,rec.autos,rec.autos,True,1.0,0.2486787919769995,
3435,comp.os.ms-windows.misc,comp.os.ms-windows.misc,True,0.99,0.39298016601242125,
3436,talk.politics.misc,talk.politics.misc,True,1.0,0.36748354200972244,
3437,sci.space,sci.space,True,0.83,0.3599494160152972,
3438,sci.electronics,sci.electronics,True,0.48,0.35732916701817885,
3439,comp.sys.ibm.pc.hardware,comp.sys.ibm.pc.hardware,True,0.89,0.3150763339945115,
3440,sci.electronics,sci.electronics,True,1.0,0.2395999159780331,
3441,alt.atheism,talk.politics.misc,False,0.43,0.27965599996969104,
3442,misc.forsale,misc.forsale,True,0.52,0.33887245802907273,
3443,comp.windows.x,comp.windows.x,True,0.95,0.27633404097286984,
3444,comp.os.ms-windows.misc,comp.os.ms-windows.misc,True,1.0,0.24430920800659806,
3445,alt.atheism,alt.atheism,True,0.99,0.26709104102337733,
3446,misc.forsale,misc.forsale,True,0.89,0.2588234590366483,
3447,soc.religion.christian,soc.religion.christian,True,0.97,0.24252345802960917,
3448,talk.politics.guns,talk.politics.misc,False,0.29,0.28363616700517014,
3449,talk.politics.guns,talk.politics.misc,False,0.65,0.24208758299937472,
3450,talk.politics.guns,talk.politics.misc,False,0.51,0.33032337500480935,
3451,soc.religion.christian,soc.religion.christian,True,0.94,0.3843450420536101,
3452,rec.sport.hockey,rec.sport.hockey,True,1.0,0.3404439160367474,
3453,comp.windows.x,comp.graphics,False,0.78,0.3371602080296725,
3454,comp.os.ms-windows.misc,comp.os.ms-windows.misc,True,1.0,0.32366900000488386,
3455,talk.religion.misc,talk.religion.misc,True,0.47,0.3219113749801181,
3456,talk.politics.mideast,talk.politics.misc,False,0.59,0.29317079100292176,
3457,sci.crypt,sci.crypt,True,0.6,0.3284431660431437,
3458,sci.crypt,sci.crypt,True,1.0,0.3248360420111567,
3459,talk.politics.mideast,talk.politics.mideast,True,0.98,0.2479085000231862,
3460,rec.sport.baseball,rec.sport.baseball,True,1.0,0.31986854202114046,
3461,talk.politics.misc,talk.politics.guns,False,0.87,0.27546449995134026,
3462,sci.electronics,sci.electronics,True,0.76,0.3150583750102669,
3463,comp.graphics,comp.graphics,True,0.98,0.24817337497370318,
3464,talk.politics.mideast,talk.politics.misc,False,0.5,0.3897203329834156,
3465,rec.autos,rec.autos,True,0.87,0.269385208026506,
3466,talk.politics.mideast,talk.politics.misc,False,0.66,0.2945909579866566,
3467,comp.os.ms-windows.misc,comp.os.ms-windows.misc,True,0.86,0.24686054099583998,
3468,alt.atheism,talk.religion.misc,False,1.0,0.24931537499651313,
3469,comp.sys.ibm.pc.hardware,comp.sys.ibm.pc.hardware,True,0.91,0.30582025001058355,
3470,rec.sport.hockey,rec.sport.hockey,True,1.0,0.298441749997437,
3471,soc.religion.christian,soc.religion.christian,True,0.99,0.3375936670345254,
3472,talk.religion.misc,soc.religion.christian,False,0.99,0.5915451250039041,
3473,talk.politics.guns,talk.politics.mideast,False,0.74,0.2478759580408223,
3474,comp.graphics,comp.sys.ibm.pc.hardware,False,0.95,0.2569485409767367,
3475,soc.religion.christian,talk.religion.misc,False,0.5,0.31689762498717755,
3476,sci.space,sci.space,True,1.0,0.28934091702103615,
3477,comp.os.ms-windows.misc,comp.graphics,False,0.33,0.255729790951591,
3478,talk.religion.misc,alt.atheism,False,0.57,0.32692462496925145,
3479,comp.os.ms-windows.misc,comp.os.ms-windows.misc,True,0.94,0.29265820898581296,
3480,soc.religion.christian,soc.religion.christian,True,0.75,0.29691454203566536,
3481,comp.sys.mac.hardware,comp.os.ms-windows.misc,False,0.4,0.32594912499189377,
3482,rec.motorcycles,rec.motorcycles,True,1.0,0.27140529197640717,
3483,sci.crypt,sci.crypt,True,1.0,0.2863063749973662,
3484,misc.forsale,misc.forsale,True,0.72,0.25406304199714214,
3485,comp.graphics,comp.graphics,True,0.76,0.24717950000194833,
3486,rec.autos,rec.autos,True,0.99,0.286960709025152,
3487,comp.sys.ibm.pc.hardware,misc.forsale,False,0.65,0.29747720900923014,
3488,rec.sport.hockey,rec.sport.hockey,True,1.0,0.28832966700429097,
3489,comp.sys.ibm.pc.hardware,comp.sys.ibm.pc.hardware,True,1.0,0.2543490409734659,
3490,sci.electronics,sci.electronics,True,0.92,0.275696832977701,
3491,rec.autos,rec.autos,True,1.0,0.266019958013203,
3492,comp.os.ms-windows.misc,comp.os.ms-windows.misc,True,1.0,0.3491809170227498,
3493,talk.politics.misc,talk.politics.misc,True,0.99,0.3777319999644533,
3494,comp.sys.ibm.pc.hardware,comp.sys.ibm.pc.hardware,True,0.71,0.33483924996107817,
3495,comp.graphics,comp.graphics,True,0.96,0.3184323339955881,
3496,comp.sys.mac.hardware,comp.sys.mac.hardware,True,1.0,0.3002233749721199,
3497,rec.motorcycles,rec.motorcycles,True,0.9,0.3177768330206163,
3498,alt.atheism,talk.politics.mideast,False,0.92,0.24616320803761482,
3499,comp.windows.x,comp.windows.x,True,1.0,0.40456525003537536,
3500,rec.motorcycles,comp.os.ms-windows.misc,False,0.34,0.3043300000135787,
3501,rec.autos,rec.autos,True,1.0,0.27410091704223305,
3502,talk.politics.mideast,talk.politics.mideast,True,0.87,0.3139174160314724,
3503,comp.os.ms-windows.misc,comp.sys.ibm.pc.hardware,False,0.64,0.25330620899330825,
3504,talk.politics.mideast,talk.politics.mideast,True,1.0,0.2609070000471547,
3505,misc.forsale,misc.forsale,True,1.0,0.2890002079657279,
3506,rec.autos,rec.autos,True,0.87,0.24436854099621996,
3507,soc.religion.christian,soc.religion.christian,True,0.99,0.2758369160001166,
3508,comp.sys.mac.hardware,comp.sys.mac.hardware,True,0.95,0.3320710419793613,
3509,sci.electronics,comp.os.ms-windows.misc,False,0.36,0.3295435000327416,
3510,comp.sys.mac.hardware,comp.sys.mac.hardware,True,1.0,0.32202791702002287,
3511,rec.autos,rec.autos,True,1.0,0.29519516602158546,
3512,comp.windows.x,comp.os.ms-windows.misc,False,0.15,0.2641775829833932,
3513,misc.forsale,comp.sys.ibm.pc.hardware,False,0.64,0.24585183296585456,
3514,sci.crypt,sci.crypt,True,1.0,0.25878345902310684,
3515,sci.med,sci.med,True,1.0,0.44507987500401214,
3516,alt.atheism,talk.religion.misc,False,0.66,0.261458707973361,
3517,sci.crypt,talk.politics.misc,False,0.91,0.2566972079803236,
3518,soc.religion.christian,soc.religion.christian,True,0.99,0.2534342920407653,
3519,talk.politics.guns,talk.politics.guns,True,0.45,0.2827793339965865,
3520,rec.autos,rec.autos,True,1.0,0.39179229200817645,
3521,comp.windows.x,comp.windows.x,True,1.0,0.38860837498214096,
3522,rec.sport.hockey,rec.sport.hockey,True,1.0,0.3818573749740608,
3523,soc.religion.christian,soc.religion.christian,True,0.9,0.3455001669935882,
3524,comp.windows.x,comp.windows.x,True,1.0,0.2434121660189703,
3525,sci.crypt,sci.crypt,True,1.0,0.2982550000306219,
3526,sci.electronics,comp.sys.ibm.pc.hardware,False,0.89,0.2746228339965455,
3527,sci.med,sci.med,True,0.97,0.2809644999797456,
3528,rec.motorcycles,rec.motorcycles,True,0.97,0.29236754099838436,
3529,talk.religion.misc,talk.religion.misc,True,0.95,0.3180502920295112,
3530,rec.sport.hockey,rec.sport.hockey,True,1.0,0.274948249978479,
3531,comp.windows.x,comp.graphics,False,0.25,0.23828049999428913,
3532,rec.autos,rec.autos,True,1.0,0.22995004197582603,
3533,sci.med,sci.med,True,1.0,0.2736398749984801,
3534,talk.politics.misc,sci.med,False,0.57,0.2607467499910854,
3535,sci.electronics,sci.electronics,True,0.95,0.28714866703376174,
3536,rec.sport.baseball,rec.sport.baseball,True,1.0,0.2872253339737654,
3537,comp.graphics,comp.graphics,True,0.48,0.3280006250133738,
3538,sci.med,talk.politics.misc,False,0.57,0.28610262501752004,
3539,sci.crypt,sci.crypt,True,1.0,0.313387917005457,
3540,rec.motorcycles,rec.motorcycles,True,0.15,0.31771641701925546,
3541,misc.forsale,misc.forsale,True,1.0,0.4435099170077592,
3542,rec.sport.baseball,talk.politics.misc,False,0.26,0.26323137496365234,
3543,sci.electronics,sci.electronics,True,0.9,0.2430292919743806,
3544,soc.religion.christian,soc.religion.christian,True,0.94,0.260338333027903,
3545,alt.atheism,comp.os.ms-windows.misc,False,0.37,0.3020435409853235,
3546,alt.atheism,talk.religion.misc,False,0.58,0.28554137505125254,
3547,rec.sport.baseball,rec.sport.baseball,True,1.0,0.25302050000755116,
3548,sci.electronics,sci.crypt,False,0.73,0.28762504196492955,
3549,sci.space,sci.space,True,1.0,0.26035820797551423,
3550,rec.sport.hockey,rec.sport.hockey,True,0.97,0.2543711250182241,
3551,misc.forsale,misc.forsale,True,1.0,0.293134875013493,
3552,comp.windows.x,comp.windows.x,True,0.97,0.2419630839722231,
3553,rec.autos,rec.autos,True,1.0,0.2513438750174828,
3554,misc.forsale,misc.forsale,True,0.7,0.30235629196977243,
3555,sci.crypt,sci.crypt,True,0.99,0.25394920801045373,
3556,comp.sys.ibm.pc.hardware,talk.politics.misc,False,0.31,0.3468483749893494,
3557,sci.med,sci.med,True,1.0,0.29009283398045227,
3558,talk.politics.guns,talk.politics.guns,True,0.95,0.3091419580159709,
3559,misc.forsale,misc.forsale,True,1.0,0.26421141700120643,
3560,soc.religion.christian,talk.religion.misc,False,0.81,0.2648677499964833,
3561,comp.sys.ibm.pc.hardware,comp.os.ms-windows.misc,False,0.52,0.2799157500267029,
3562,sci.crypt,sci.crypt,True,1.0,0.28990316699491814,
3563,soc.religion.christian,soc.religion.christian,True,0.94,0.2654823330231011,
3564,talk.politics.guns,talk.politics.guns,True,0.91,0.3287757500074804,
3565,comp.sys.mac.hardware,comp.sys.mac.hardware,True,1.0,0.3059959159581922,
3566,comp.windows.x,comp.windows.x,True,1.0,0.3255922090029344,
3567,sci.med,sci.med,True,0.99,0.316005332977511,
3568,comp.sys.ibm.pc.hardware,comp.sys.ibm.pc.hardware,True,0.99,0.2826309999800287,
3569,talk.politics.mideast,talk.politics.misc,False,0.86,0.2910372919868678,
3570,soc.religion.christian,soc.religion.christian,True,0.99,0.30642754200380296,
3571,comp.windows.x,comp.os.ms-windows.misc,False,0.66,0.34118183399550617,
3572,sci.electronics,sci.electronics,True,1.0,0.2980623340117745,
3573,talk.politics.misc,talk.politics.misc,True,1.0,0.25197770801605657,
3574,comp.sys.mac.hardware,comp.sys.ibm.pc.hardware,False,0.44,0.28907037497265264,
3575,comp.graphics,comp.graphics,True,0.99,0.2425095409853384,
3576,sci.electronics,sci.electronics,True,1.0,0.243300249974709,
3577,alt.atheism,talk.politics.mideast,False,0.52,0.2850322080194019,
3578,sci.crypt,sci.crypt,True,0.99,0.3103427079622634,
3579,talk.politics.misc,talk.politics.guns,False,0.74,0.28971933299908414,
3580,sci.space,sci.space,True,1.0,0.25948920799419284,
3581,comp.graphics,comp.graphics,True,1.0,0.3276321250014007,
3582,rec.autos,rec.autos,True,1.0,0.30025500000920147,
3583,sci.med,sci.med,True,1.0,0.2575328330276534,
3584,talk.politics.mideast,talk.politics.mideast,True,1.0,0.3895836250158027,
3585,rec.motorcycles,rec.motorcycles,True,0.77,0.24106262502027676,
3586,talk.politics.misc,talk.politics.misc,True,0.61,0.2523486250429414,
3587,comp.sys.mac.hardware,comp.sys.mac.hardware,True,1.0,0.23281000001588836,
3588,comp.windows.x,comp.windows.x,True,0.48,0.2701977910473943,
3589,sci.space,sci.space,True,1.0,0.27728116704383865,
3590,rec.motorcycles,rec.motorcycles,True,0.98,0.25985908397706226,
3591,talk.religion.misc,soc.religion.christian,False,0.9,0.28302195901051164,
3592,soc.religion.christian,soc.religion.christian,True,0.88,0.2623276250087656,
3593,comp.os.ms-windows.misc,comp.sys.ibm.pc.hardware,False,0.92,0.3977442920440808,
3594,comp.graphics,comp.graphics,True,1.0,0.2549746669828892,
3595,sci.crypt,sci.crypt,True,1.0,0.3800099579966627,
3596,soc.religion.christian,soc.religion.christian,True,0.99,0.36938950000330806,
3597,sci.electronics,sci.electronics,True,1.0,0.3058295830269344,
3598,rec.sport.hockey,rec.sport.hockey,True,1.0,0.2795350420055911,
3599,comp.sys.mac.hardware,comp.sys.mac.hardware,True,0.87,0.3304618340334855,
3600,sci.space,sci.space,True,1.0,0.2616220419877209,
3601,talk.politics.guns,talk.politics.misc,False,0.99,0.23783458297839388,
3602,sci.crypt,sci.crypt,True,1.0,0.26598574995296076,
3603,sci.med,sci.med,True,1.0,0.276938208960928,
3604,talk.religion.misc,soc.religion.christian,False,0.9,0.3063959589926526,
3605,sci.med,sci.med,True,1.0,0.27504658402176574,
3606,talk.religion.misc,alt.atheism,False,0.94,0.3408718749997206,
3607,rec.sport.hockey,talk.politics.misc,False,0.32,0.31261516601080075,
3608,sci.space,misc.forsale,False,0.66,0.26993766700616106,
3609,rec.sport.hockey,rec.sport.hockey,True,1.0,0.2999318329966627,
3610,comp.os.ms-windows.misc,sci.space,False,0.84,0.24974283302435651,
3611,talk.politics.mideast,talk.politics.mideast,True,0.52,0.2980324579984881,
3612,talk.politics.misc,talk.politics.guns,False,0.93,0.2558454999816604,
3613,talk.politics.guns,talk.politics.guns,True,1.0,0.3229620410129428,
3614,soc.religion.christian,soc.religion.christian,True,0.98,0.30422941700089723,
3615,rec.motorcycles,talk.politics.misc,False,0.38,0.30102016701130196,
3616,rec.motorcycles,rec.motorcycles,True,0.99,0.24629654199816287,
3617,talk.politics.mideast,talk.politics.mideast,True,0.95,0.2711977500002831,
3618,comp.windows.x,comp.windows.x,True,1.0,0.24738895799964666,
3619,rec.autos,rec.autos,True,1.0,0.3063030000193976,
3620,sci.electronics,sci.electronics,True,1.0,0.29050175001611933,
3621,sci.med,sci.med,True,1.0,0.40708099998300895,
3622,comp.sys.ibm.pc.hardware,comp.sys.ibm.pc.hardware,True,1.0,0.3949216249748133,
3623,comp.sys.mac.hardware,comp.os.ms-windows.misc,False,0.55,0.3737269169650972,
3624,rec.motorcycles,rec.motorcycles,True,1.0,0.2366231660125777,
3625,sci.electronics,sci.electronics,True,0.9,0.3356135420035571,
3626,talk.politics.misc,talk.politics.misc,True,0.95,0.3267755840206519,
3627,comp.os.ms-windows.misc,comp.os.ms-windows.misc,True,1.0,0.28620149998459965,
3628,talk.politics.mideast,talk.politics.mideast,True,0.87,0.26873504201648757,
3629,comp.os.ms-windows.misc,comp.os.ms-windows.misc,True,0.8,0.24396591703407466,
3630,misc.forsale,misc.forsale,True,0.99,0.262578374997247,
3631,sci.electronics,comp.os.ms-windows.misc,False,0.29,0.25946366699645296,
3632,sci.crypt,sci.crypt,True,1.0,0.24770187499234453,
3633,rec.autos,rec.autos,True,0.97,0.2823533749906346,
3634,sci.med,sci.med,True,0.85,0.30515866697533056,
3635,rec.sport.hockey,rec.sport.hockey,True,1.0,0.27465887495782226,
3636,soc.religion.christian,talk.religion.misc,False,0.58,0.2848750840057619,
3637,sci.crypt,sci.crypt,True,0.93,0.27899466699454933,
3638,comp.os.ms-windows.misc,comp.os.ms-windows.misc,True,0.96,0.32896504196105525,
3639,rec.motorcycles,rec.motorcycles,True,0.77,0.32940208399668336,
3640,misc.forsale,misc.forsale,True,0.99,0.5112406249972992,
3641,talk.politics.mideast,talk.politics.mideast,True,0.99,0.31170058401767164,
3642,talk.politics.misc,talk.politics.guns,False,0.95,0.359207916946616,
3643,comp.sys.ibm.pc.hardware,comp.sys.ibm.pc.hardware,True,1.0,0.33225458301603794,
3644,soc.religion.christian,soc.religion.christian,True,0.71,0.34218012500787154,
3645,comp.sys.mac.hardware,comp.sys.mac.hardware,True,1.0,0.2564569170353934,
3646,talk.politics.mideast,talk.politics.mideast,True,0.67,0.3259395830100402,
3647,rec.autos,rec.autos,True,0.99,0.31324608298018575,
3648,talk.politics.misc,talk.politics.misc,True,0.71,0.27735529199708253,
3649,alt.atheism,alt.atheism,True,0.6,0.2570294170291163,
3650,rec.sport.hockey,rec.sport.hockey,True,1.0,0.283572458953131,
3651,sci.space,sci.space,True,1.0,0.2852322499966249,
3652,rec.sport.hockey,rec.sport.hockey,True,1.0,0.24597391701536253,
3653,comp.os.ms-windows.misc,comp.os.ms-windows.misc,True,0.99,0.34661537496140227,
3654,comp.windows.x,comp.windows.x,True,1.0,0.22573595901485533,
3655,misc.forsale,sci.electronics,False,0.71,0.25921091600321233,
3656,sci.electronics,sci.electronics,True,0.89,0.26556908298516646,
3657,comp.sys.mac.hardware,comp.sys.mac.hardware,True,0.64,0.28462312498595566,
3658,comp.graphics,comp.sys.mac.hardware,False,0.67,0.29647258401382715,
3659,comp.sys.mac.hardware,comp.sys.mac.hardware,True,1.0,0.2814952089684084,
3660,talk.politics.guns,talk.politics.guns,True,0.92,0.27991129097063094,
3661,sci.electronics,talk.politics.misc,False,0.59,0.27568587503628805,
3662,talk.politics.guns,talk.religion.misc,False,0.67,0.27686704200459644,
3663,comp.windows.x,comp.windows.x,True,0.45,0.27780170796904713,
3664,rec.autos,rec.autos,True,1.0,0.2585767079726793,
3665,comp.sys.mac.hardware,talk.politics.misc,False,0.62,0.24721341696567833,
3666,comp.sys.mac.hardware,comp.sys.mac.hardware,True,1.0,0.2446101660025306,
3667,comp.windows.x,comp.windows.x,True,1.0,0.3025883749942295,
3668,rec.autos,rec.autos,True,0.83,0.24829379102448002,
3669,soc.religion.christian,soc.religion.christian,True,0.96,0.3833299170364626,
3670,sci.space,sci.space,True,0.99,0.22068712499458343,
3671,misc.forsale,misc.forsale,True,1.0,0.31027079198975116,
3672,soc.religion.christian,soc.religion.christian,True,0.92,0.3005071660154499,
3673,alt.atheism,talk.religion.misc,False,0.94,0.3247464169980958,
3674,comp.graphics,comp.graphics,True,0.83,0.2578030419535935,
3675,rec.sport.baseball,rec.sport.baseball,True,1.0,0.2616937500424683,
3676,rec.sport.hockey,rec.sport.hockey,True,0.84,0.23076695803320035,
3677,comp.graphics,sci.med,False,0.14,0.2264076250139624,
3678,comp.windows.x,comp.windows.x,True,1.0,0.3035327499965206,
3679,talk.politics.mideast,talk.politics.mideast,True,0.97,0.26544545899378136,
3680,comp.windows.x,comp.windows.x,True,1.0,0.2393528749817051,
3681,sci.space,sci.space,True,1.0,0.272859749966301,
3682,comp.graphics,misc.forsale,False,0.68,0.2916037089889869,
3683,talk.politics.misc,comp.os.ms-windows.misc,False,0.15,0.3187235409859568,
3684,soc.religion.christian,soc.religion.christian,True,0.99,0.29435550002381206,
3685,comp.windows.x,comp.windows.x,True,0.8,0.27719429199351,
3686,comp.sys.mac.hardware,comp.sys.mac.hardware,True,1.0,0.2917385830078274,
3687,talk.politics.guns,talk.politics.guns,True,0.5,0.2932511249673553,
3688,rec.autos,comp.sys.ibm.pc.hardware,False,0.54,0.29572162503609434,
3689,soc.religion.christian,soc.religion.christian,True,0.99,0.31272162502864376,
3690,sci.med,sci.med,True,1.0,0.24107295798603445,
3691,comp.graphics,comp.os.ms-windows.misc,False,0.74,0.27663254097569734,
3692,rec.motorcycles,rec.motorcycles,True,0.86,0.23560983396600932,
3693,comp.sys.ibm.pc.hardware,comp.sys.ibm.pc.hardware,True,0.99,0.27901924995239824,
3694,comp.windows.x,comp.windows.x,True,0.97,0.2389919999986887,
3695,comp.graphics,comp.graphics,True,1.0,0.2969264159910381,
3696,soc.religion.christian,soc.religion.christian,True,0.98,0.2721200829837471,
3697,rec.autos,rec.autos,True,0.39,0.28981875005410984,
3698,comp.sys.ibm.pc.hardware,comp.sys.ibm.pc.hardware,True,0.88,0.24230354197788984,
3699,comp.windows.x,comp.windows.x,True,1.0,0.23227333300746977,
3700,rec.sport.baseball,rec.sport.baseball,True,1.0,0.2781563749886118,
3701,sci.crypt,talk.politics.misc,False,0.16,0.25530770799377933,
3702,rec.autos,rec.autos,True,1.0,0.2597762920195237,
3703,rec.autos,rec.autos,True,0.99,0.2768564160214737,
3704,soc.religion.christian,soc.religion.christian,True,0.98,0.2486047919956036,
3705,misc.forsale,misc.forsale,True,1.0,0.2980403749970719,
3706,sci.crypt,talk.politics.misc,False,0.95,0.2790223329793662,
3707,talk.politics.guns,talk.politics.misc,False,0.91,0.40448675001971424,
3708,rec.autos,rec.autos,True,1.0,0.2585427080048248,
3709,comp.graphics,sci.crypt,False,0.64,0.26989716599928215,
3710,comp.sys.ibm.pc.hardware,sci.electronics,False,0.45,0.38286408298881724,
3711,sci.space,comp.os.ms-windows.misc,False,0.31,0.3793458330328576,
3712,rec.sport.hockey,rec.sport.hockey,True,0.99,0.25753041700227186,
3713,rec.sport.baseball,rec.sport.baseball,True,0.98,0.26259058399591595,
3714,sci.space,sci.space,True,1.0,0.34462549997260794,
3715,rec.motorcycles,misc.forsale,False,0.98,0.301390792010352,
3716,alt.atheism,alt.atheism,True,0.74,0.2768098340020515,
3717,talk.politics.mideast,talk.politics.misc,False,0.98,0.2538130829925649,
3718,comp.sys.ibm.pc.hardware,comp.sys.ibm.pc.hardware,True,0.59,0.29119824996450916,
3719,comp.os.ms-windows.misc,comp.os.ms-windows.misc,True,0.86,0.27323208295274526,
3720,sci.electronics,sci.electronics,True,0.99,0.3619872499839403,
3721,comp.graphics,comp.graphics,True,0.99,0.4415394169627689,
3722,comp.os.ms-windows.misc,comp.os.ms-windows.misc,True,0.99,0.262061583052855,
3723,soc.religion.christian,soc.religion.christian,True,0.97,0.25928962498437613,
3724,sci.space,sci.space,True,1.0,0.28438533400185406,
3725,talk.politics.guns,talk.politics.guns,True,1.0,0.24328024999704212,
3726,rec.autos,rec.autos,True,1.0,0.40009862498845905,
3727,sci.space,sci.space,True,1.0,0.2551241249893792,
3728,sci.electronics,sci.electronics,True,0.97,0.3178068340057507,
3729,sci.crypt,sci.crypt,True,1.0,0.2852301250095479,
3730,rec.sport.hockey,rec.sport.hockey,True,1.0,0.3269857499981299,
3731,soc.religion.christian,soc.religion.christian,True,0.65,0.24156716698780656,
3732,sci.space,sci.space,True,0.6,0.3296181670157239,
3733,soc.religion.christian,soc.religion.christian,True,0.79,0.28868262498872355,
3734,rec.sport.baseball,rec.sport.baseball,True,1.0,0.2517113329959102,
3735,sci.electronics,sci.electronics,True,1.0,0.2863589170156047,
3736,rec.motorcycles,talk.politics.misc,False,0.35,0.2838218339602463,
3737,sci.crypt,sci.crypt,True,0.89,0.21292491705389693,
3738,comp.os.ms-windows.misc,comp.os.ms-windows.misc,True,0.98,0.26876666699536145,
3739,rec.autos,rec.autos,True,1.0,0.3536387089989148,
3740,misc.forsale,misc.forsale,True,0.78,0.32922566699562594,
3741,comp.windows.x,comp.windows.x,True,1.0,0.2767727919854224,
3742,alt.atheism,talk.religion.misc,False,0.45,0.27251320803770795,
3743,rec.sport.hockey,rec.sport.hockey,True,1.0,0.48069649998797104,
3744,sci.crypt,sci.crypt,True,0.92,0.23178949998691678,
3745,sci.electronics,sci.electronics,True,0.97,0.2829029999556951,
3746,rec.sport.baseball,rec.sport.baseball,True,1.0,0.25442579202353954,
3747,misc.forsale,misc.forsale,True,1.0,0.2629319170373492,
3748,soc.religion.christian,talk.religion.misc,False,0.57,0.3782200419809669,
3749,talk.politics.mideast,alt.atheism,False,0.45,0.26335137500427663,
3750,rec.motorcycles,rec.autos,False,0.79,0.28201758302748203,
3751,alt.atheism,soc.religion.christian,False,0.88,0.2827826249995269,
3752,comp.sys.ibm.pc.hardware,comp.sys.ibm.pc.hardware,True,0.99,0.24747254099929705,
3753,misc.forsale,misc.forsale,True,1.0,0.24923904100432992,
3754,talk.politics.guns,talk.politics.misc,False,0.57,0.22363779100123793,
3755,talk.religion.misc,talk.religion.misc,True,0.47,0.2718418330186978,
3756,rec.sport.hockey,rec.sport.hockey,True,1.0,0.30210279201855883,
3757,rec.autos,rec.autos,True,1.0,0.3222251249826513,
3758,sci.space,sci.med,False,0.69,0.2781987090129405,
3759,talk.religion.misc,soc.religion.christian,False,0.99,0.3097454580129124,
3760,comp.os.ms-windows.misc,comp.os.ms-windows.misc,True,0.95,0.24380516697419807,
3761,soc.religion.christian,comp.os.ms-windows.misc,False,0.33,0.3323270829860121,
3762,rec.sport.hockey,rec.sport.hockey,True,1.0,0.2979230000055395,
3763,comp.os.ms-windows.misc,comp.os.ms-windows.misc,True,1.0,0.2994492909638211,
3764,rec.motorcycles,rec.motorcycles,True,0.82,0.2429234579904005,
3765,rec.sport.hockey,rec.sport.hockey,True,1.0,0.2684759590192698,
3766,alt.atheism,talk.politics.misc,False,0.71,0.2792892080033198,
3767,comp.graphics,comp.graphics,True,1.0,0.26011579198529944,
3768,soc.religion.christian,soc.religion.christian,True,0.99,0.2622302499949001,
3769,comp.sys.ibm.pc.hardware,comp.sys.ibm.pc.hardware,True,1.0,0.33755108300829306,
3770,rec.sport.hockey,rec.sport.hockey,True,1.0,0.30188670800998807,
3771,talk.politics.misc,talk.religion.misc,False,0.34,0.2575197499827482,
3772,rec.sport.baseball,rec.sport.baseball,True,1.0,0.2731026669498533,
3773,soc.religion.christian,soc.religion.christian,True,0.99,0.25161591701908037,
3774,rec.motorcycles,sci.crypt,False,0.28,0.29384433303494006,
3775,alt.atheism,talk.politics.misc,False,0.56,0.2669264170108363,
3776,comp.graphics,comp.graphics,True,1.0,0.24565929197706282,
3777,sci.med,sci.med,True,0.96,0.2142114580492489,
3778,sci.electronics,sci.electronics,True,0.96,0.2652509170002304,
3779,comp.graphics,comp.graphics,True,0.98,0.2794232080341317,
3780,sci.electronics,sci.electronics,True,1.0,0.23964145802892745,
3781,talk.politics.misc,talk.politics.guns,False,0.99,0.2971688329707831,
3782,comp.windows.x,comp.windows.x,True,1.0,0.3309658750076778,
3783,alt.atheism,alt.atheism,True,0.43,0.30159112496767193,
3784,sci.med,sci.med,True,1.0,0.27027591702062637,
3785,comp.os.ms-windows.misc,comp.graphics,False,0.53,0.26633666700217873,
3786,rec.sport.hockey,rec.sport.hockey,True,1.0,0.26684574998216704,
3787,comp.windows.x,comp.windows.x,True,1.0,0.2766904589952901,
3788,alt.atheism,alt.atheism,True,0.56,0.28046812501270324,
3789,rec.motorcycles,rec.motorcycles,True,0.97,0.261412666994147,
3790,talk.politics.misc,talk.politics.guns,False,0.86,0.24671174999093637,
3791,rec.autos,comp.sys.ibm.pc.hardware,False,0.25,0.28485558298416436,
3792,talk.politics.guns,rec.autos,False,0.52,0.24178070802008733,
3793,comp.os.ms-windows.misc,comp.os.ms-windows.misc,True,1.0,0.26680141600081697,
3794,comp.sys.mac.hardware,comp.sys.mac.hardware,True,0.81,0.2489910420263186,
3795,talk.politics.guns,talk.politics.mideast,False,0.87,0.2890037919860333,
3796,comp.os.ms-windows.misc,comp.os.ms-windows.misc,True,1.0,0.26496649999171495,
3797,comp.graphics,comp.graphics,True,1.0,0.2782794170198031,
3798,talk.politics.guns,talk.politics.misc,False,0.7,0.36807124997721985,
3799,alt.atheism,comp.os.ms-windows.misc,False,0.46,0.3540671250084415,
3800,rec.sport.baseball,rec.sport.baseball,True,1.0,0.326511749997735,
3801,comp.sys.ibm.pc.hardware,comp.os.ms-windows.misc,False,0.96,0.28062929201405495,
3802,comp.sys.ibm.pc.hardware,comp.sys.mac.hardware,False,0.74,0.26176895800745115,
3803,rec.sport.baseball,comp.os.ms-windows.misc,False,0.87,0.2493464169674553,
3804,soc.religion.christian,soc.religion.christian,True,0.83,0.2689100420102477,
3805,rec.autos,rec.autos,True,1.0,0.25325000000884756,
3806,sci.crypt,sci.electronics,False,0.6,0.30210437497589737,
3807,talk.politics.guns,rec.motorcycles,False,0.53,0.2580814579850994,
3808,talk.politics.misc,talk.politics.misc,True,0.98,0.29351029195822775,
3809,sci.space,sci.space,True,1.0,0.32140483398688957,
3810,talk.politics.mideast,talk.politics.mideast,True,0.98,0.23023474996443838,
3811,talk.politics.mideast,talk.politics.mideast,True,0.99,0.27353758295066655,
3812,soc.religion.christian,alt.atheism,False,0.98,0.25395954196574166,
3813,comp.graphics,comp.graphics,True,0.99,0.2848325410159305,
3814,rec.motorcycles,rec.motorcycles,True,1.0,0.23058237502118573,
3815,comp.sys.ibm.pc.hardware,comp.sys.ibm.pc.hardware,True,0.87,0.25480783300008625,
3816,rec.autos,rec.autos,True,0.48,0.2812594580464065,
3817,sci.space,sci.space,True,1.0,0.35277208301704377,
3818,misc.forsale,misc.forsale,True,1.0,0.2580051670083776,
3819,comp.sys.mac.hardware,comp.sys.mac.hardware,True,0.66,0.30083679204108194,
3820,rec.sport.baseball,rec.sport.baseball,True,0.83,0.24172404204728082,
3821,comp.windows.x,comp.windows.x,True,1.0,0.37409774999832734,
3822,soc.religion.christian,comp.os.ms-windows.misc,False,0.36,0.2908776659751311,
3823,talk.religion.misc,comp.os.ms-windows.misc,False,0.35,0.24633929098490626,
3824,talk.politics.misc,talk.politics.misc,True,0.93,0.28101670800242573,
3825,talk.politics.mideast,talk.politics.mideast,True,0.91,0.3236143750254996,
3826,talk.politics.misc,sci.med,False,0.59,0.2311170000466518,
3827,rec.motorcycles,comp.os.ms-windows.misc,False,0.36,0.3859373329905793,
3828,soc.religion.christian,soc.religion.christian,True,0.82,0.3811748329899274,
3829,rec.sport.hockey,rec.sport.hockey,True,1.0,0.34338466700864956,
3830,talk.politics.mideast,talk.politics.mideast,True,0.95,0.3107634170446545,
3831,talk.politics.guns,talk.politics.guns,True,0.79,0.2757237919722684,
3832,talk.politics.guns,talk.politics.guns,True,0.97,0.26288458303315565,
3833,talk.politics.guns,talk.politics.guns,True,0.51,0.2586652089958079,
3834,talk.politics.guns,talk.politics.misc,False,0.69,0.3201137080322951,
3835,rec.autos,rec.autos,True,0.95,0.2989545839955099,
3836,rec.sport.hockey,rec.sport.hockey,True,1.0,0.2814744580537081,
3837,talk.politics.mideast,talk.politics.mideast,True,0.82,0.2608378329896368,
3838,talk.politics.misc,talk.politics.misc,True,0.93,0.24871608399553224,
3839,talk.politics.mideast,talk.politics.mideast,True,0.97,0.2555622080108151,
3840,rec.sport.hockey,rec.sport.hockey,True,1.0,0.24769583297893405,
3841,sci.crypt,sci.crypt,True,1.0,0.2887818749877624,
3842,comp.os.ms-windows.misc,comp.os.ms-windows.misc,True,0.99,0.24747529195155948,
3843,misc.forsale,misc.forsale,True,1.0,0.28652745799627155,
3844,talk.politics.mideast,talk.politics.misc,False,0.62,0.2513067090185359,
3845,comp.sys.mac.hardware,misc.forsale,False,0.61,0.250614584016148,
3846,comp.graphics,comp.graphics,True,1.0,0.23933266702806577,
3847,comp.sys.ibm.pc.hardware,comp.sys.ibm.pc.hardware,True,1.0,0.25585229200078174,
3848,rec.sport.baseball,rec.sport.baseball,True,1.0,0.30389395798556507,
3849,comp.sys.mac.hardware,comp.sys.mac.hardware,True,1.0,0.41224154096562415,
3850,comp.windows.x,comp.windows.x,True,1.0,0.30608033400494605,
3851,sci.electronics,sci.electronics,True,1.0,0.27122679201420397,
3852,talk.politics.mideast,talk.politics.mideast,True,1.0,0.300902999995742,
3853,comp.sys.mac.hardware,comp.sys.mac.hardware,True,1.0,0.25762525002937764,
3854,comp.windows.x,comp.windows.x,True,0.98,0.2693677500355989,
3855,rec.autos,rec.autos,True,1.0,0.28181958303321153,
3856,soc.religion.christian,soc.religion.christian,True,0.61,0.27851195802213624,
3857,rec.sport.hockey,rec.sport.hockey,True,1.0,0.2638912920374423,
3858,rec.sport.hockey,rec.sport.hockey,True,1.0,0.3510494590154849,
3859,sci.crypt,comp.os.ms-windows.misc,False,0.32,0.3225336669711396,
3860,comp.graphics,comp.graphics,True,1.0,0.32027954200748354,
3861,rec.autos,rec.autos,True,1.0,0.3373763329582289,
3862,misc.forsale,misc.forsale,True,1.0,0.30644595803460106,
3863,comp.sys.mac.hardware,comp.sys.mac.hardware,True,0.99,0.30013691599015146,
3864,talk.politics.guns,talk.politics.guns,True,0.97,0.3577836250187829,
3865,sci.crypt,sci.crypt,True,1.0,0.2698028329759836,
3866,comp.os.ms-windows.misc,comp.os.ms-windows.misc,True,1.0,0.26909899996826425,
3867,rec.sport.hockey,rec.sport.hockey,True,1.0,0.25659254199126735,
3868,sci.crypt,sci.crypt,True,0.52,0.2492604159633629,
3869,talk.politics.mideast,talk.politics.mideast,True,0.99,0.24305162497330457,
3870,soc.religion.christian,alt.atheism,False,0.87,0.337823124951683,
3871,sci.space,sci.space,True,0.99,0.2951370840310119,
3872,talk.politics.misc,talk.politics.guns,False,0.94,0.2785800410201773,
3873,sci.crypt,talk.politics.misc,False,0.74,0.2565903330105357,
3874,rec.motorcycles,rec.motorcycles,True,1.0,0.3229335839860141,
3875,comp.os.ms-windows.misc,comp.sys.ibm.pc.hardware,False,0.98,0.33248283399734646,
3876,talk.politics.guns,talk.politics.guns,True,0.95,0.2711599579779431,
3877,rec.autos,rec.autos,True,1.0,0.33893445803551003,
3878,sci.med,talk.politics.misc,False,0.62,0.3107916670269333,
3879,comp.graphics,comp.windows.x,False,0.65,0.3080395419965498,
3880,rec.sport.hockey,talk.politics.guns,False,0.76,0.2985641669947654,
3881,comp.os.ms-windows.misc,comp.os.ms-windows.misc,True,1.0,0.26973804202862084,
3882,sci.med,sci.med,True,1.0,0.22870454197982326,
3883,sci.space,sci.space,True,1.0,0.23546208400512114,
3884,talk.politics.misc,talk.politics.misc,True,1.0,0.30495145899476483,
3885,rec.sport.baseball,rec.sport.baseball,True,1.0,0.28862612502416596,
3886,rec.sport.hockey,rec.sport.hockey,True,0.99,0.38438258302630857,
3887,comp.sys.ibm.pc.hardware,misc.forsale,False,0.8,0.3666504999855533,
3888,comp.sys.mac.hardware,comp.sys.mac.hardware,True,1.0,0.35502508404897526,
3889,sci.med,sci.med,True,0.85,0.34016354102641344,
3890,comp.graphics,comp.graphics,True,0.76,0.25967558298725635,
3891,sci.med,sci.med,True,0.99,0.24160383397247642,
3892,comp.windows.x,comp.windows.x,True,1.0,0.24435674998676404,
3893,talk.politics.misc,talk.politics.misc,True,0.97,0.32629933301359415,
3894,rec.autos,misc.forsale,False,0.75,0.2999132500262931,
3895,comp.graphics,comp.graphics,True,1.0,0.2851187500054948,
3896,sci.med,sci.med,True,1.0,0.27792670897906646,
3897,sci.crypt,talk.politics.misc,False,1.0,0.33134662499651313,
3898,sci.crypt,talk.politics.guns,False,0.24,0.2689105419558473,
3899,sci.med,sci.med,True,1.0,0.32293054199544713,
3900,soc.religion.christian,talk.religion.misc,False,0.99,0.24165899999206886,
3901,comp.os.ms-windows.misc,comp.sys.ibm.pc.hardware,False,0.55,0.37479875003919005,
3902,misc.forsale,misc.forsale,True,0.85,0.29637300001922995,
3903,talk.politics.guns,talk.politics.guns,True,0.55,0.3005026250029914,
3904,talk.religion.misc,comp.os.ms-windows.misc,False,0.32,0.2531993330339901,
3905,sci.electronics,rec.autos,False,0.65,0.2662537500145845,
3906,soc.religion.christian,soc.religion.christian,True,0.96,0.296398583042901,
3907,sci.crypt,sci.crypt,True,1.0,0.25311437499476597,
3908,talk.religion.misc,talk.politics.guns,False,0.58,0.25396916596218944,
3909,comp.sys.ibm.pc.hardware,comp.sys.ibm.pc.hardware,True,1.0,0.2459742920473218,
3910,talk.politics.misc,talk.politics.mideast,False,0.56,0.3991648340015672,
3911,soc.religion.christian,alt.atheism,False,0.57,0.2993519580340944,
3912,comp.sys.mac.hardware,comp.sys.mac.hardware,True,1.0,0.293083457974717,
3913,sci.crypt,sci.crypt,True,1.0,0.27347379201091826,
3914,rec.motorcycles,rec.motorcycles,True,1.0,0.2837893339456059,
3915,rec.sport.baseball,rec.sport.baseball,True,1.0,0.34314358298433945,
3916,soc.religion.christian,soc.religion.christian,True,0.93,0.3419136250158772,
3917,alt.atheism,alt.atheism,True,0.86,0.33675554202636704,
3918,comp.sys.mac.hardware,comp.windows.x,False,0.47,0.28063325001858175,
3919,comp.windows.x,comp.windows.x,True,1.0,0.3175279590068385,
3920,sci.crypt,sci.crypt,True,1.0,0.28275266697164625,
3921,sci.crypt,sci.electronics,False,0.5,0.2796268750098534,
3922,comp.windows.x,comp.windows.x,True,0.55,0.3122992920107208,
3923,rec.sport.hockey,rec.sport.hockey,True,0.98,0.2549146660021506,
3924,talk.politics.misc,sci.med,False,0.85,0.2561602499918081,
3925,misc.forsale,misc.forsale,True,1.0,0.28537699999287724,
3926,talk.religion.misc,talk.politics.guns,False,0.74,0.25285745901055634,
3927,soc.religion.christian,soc.religion.christian,True,0.98,0.27295937499729916,
3928,rec.autos,talk.politics.misc,False,0.3,0.29501362500013784,
3929,rec.autos,rec.autos,True,0.48,0.24103887501405552,
3930,comp.os.ms-windows.misc,comp.os.ms-windows.misc,True,0.99,0.26936325000133365,
3931,misc.forsale,misc.forsale,True,1.0,0.2510652090422809,
3932,talk.politics.mideast,talk.politics.mideast,True,1.0,0.28473229199880734,
3933,rec.autos,rec.autos,True,1.0,0.2760019589914009,
3934,sci.med,sci.med,True,1.0,0.3450227500288747,
3935,sci.electronics,sci.crypt,False,0.6,0.3361601249780506,
3936,alt.atheism,talk.religion.misc,False,0.63,0.316588582994882,
3937,rec.autos,comp.os.ms-windows.misc,False,0.36,0.265781165973749,
3938,rec.autos,rec.autos,True,0.9,0.25856695900438353,
3939,sci.crypt,comp.os.ms-windows.misc,False,0.33,0.44724233396118507,
3940,rec.sport.baseball,rec.sport.baseball,True,1.0,0.3180604169610888,
3941,comp.os.ms-windows.misc,comp.windows.x,False,0.45,0.25612112501403317,
3942,soc.religion.christian,soc.religion.christian,True,0.94,0.2619735829648562,
3943,comp.sys.mac.hardware,comp.sys.mac.hardware,True,1.0,0.27085074997739866,
3944,alt.atheism,alt.atheism,True,0.86,0.36093391600297764,
3945,comp.sys.mac.hardware,comp.sys.mac.hardware,True,1.0,0.33047987503232434,
3946,alt.atheism,alt.atheism,True,0.83,0.27574491599807516,
3947,talk.politics.misc,talk.politics.misc,True,1.0,0.2598449159995653,
3948,talk.politics.misc,talk.politics.misc,True,0.92,0.29755004099570215,
3949,talk.politics.guns,talk.politics.misc,False,0.95,0.2908189590089023,
3950,talk.politics.guns,talk.religion.misc,False,0.91,0.2432112920214422,
3951,sci.med,sci.med,True,0.93,0.3204216249869205,
3952,sci.med,sci.med,True,1.0,0.26732433296274394,
3953,rec.autos,talk.politics.misc,False,0.71,0.24543466698378325,
3954,soc.religion.christian,soc.religion.christian,True,0.66,0.2563691250397824,
3955,comp.os.ms-windows.misc,comp.os.ms-windows.misc,True,1.0,0.24067845800891519,
3956,comp.sys.mac.hardware,comp.sys.mac.hardware,True,0.99,0.2734580829855986,
3957,rec.motorcycles,rec.motorcycles,True,0.69,0.31398429203545675,
3958,comp.windows.x,comp.windows.x,True,1.0,0.3247105000191368,
3959,misc.forsale,misc.forsale,True,1.0,0.2639762909966521,
3960,alt.atheism,sci.med,False,0.81,0.2704686669749208,
3961,talk.politics.mideast,talk.politics.mideast,True,0.96,0.2674433750216849,
3962,comp.windows.x,comp.windows.x,True,1.0,0.2677493749652058,
3963,rec.sport.baseball,rec.sport.baseball,True,0.62,0.265817417006474,
3964,comp.os.ms-windows.misc,comp.os.ms-windows.misc,True,1.0,0.23317945800954476,
3965,talk.politics.mideast,talk.politics.mideast,True,1.0,0.2833565410110168,
3966,misc.forsale,misc.forsale,True,1.0,0.26539954205509275,
3967,comp.sys.ibm.pc.hardware,comp.sys.ibm.pc.hardware,True,1.0,0.31662574998335913,
3968,soc.religion.christian,soc.religion.christian,True,0.52,0.25774104200536385,
3969,rec.autos,rec.autos,True,1.0,0.2281100829713978,
3970,rec.autos,rec.autos,True,1.0,0.2627334580174647,
3971,comp.os.ms-windows.misc,comp.graphics,False,0.65,0.28947199997492135,
3972,sci.space,sci.electronics,False,0.96,0.2595974590512924,
3973,soc.religion.christian,soc.religion.christian,True,0.97,0.3310209580231458,
3974,comp.sys.mac.hardware,comp.sys.mac.hardware,True,0.55,0.30731966701569036,
3975,sci.crypt,sci.crypt,True,1.0,0.2631602499750443,
3976,sci.electronics,sci.electronics,True,1.0,0.2895108750090003,
3977,comp.sys.mac.hardware,comp.sys.mac.hardware,True,0.67,0.2583242499968037,
3978,talk.politics.guns,talk.politics.guns,True,0.87,0.27259766700444743,
3979,talk.politics.misc,talk.politics.misc,True,0.74,0.2526687500067055,
3980,rec.autos,rec.motorcycles,False,0.95,0.2555628750124015,
3981,comp.graphics,comp.graphics,True,0.99,0.2342327919905074,
3982,rec.sport.hockey,rec.sport.hockey,True,1.0,0.3142830840079114,
3983,comp.windows.x,comp.windows.x,True,1.0,0.2974087079637684,
3984,sci.med,sci.med,True,1.0,0.33972112502669916,
3985,comp.sys.ibm.pc.hardware,comp.sys.ibm.pc.hardware,True,0.95,0.24362608400406316,
3986,talk.religion.misc,soc.religion.christian,False,0.97,0.25891479197889566,
3987,misc.forsale,misc.forsale,True,1.0,0.26222066703485325,
3988,talk.politics.guns,talk.politics.misc,False,0.95,0.252466292004101,
3989,sci.crypt,sci.crypt,True,0.8,0.3081680830218829,
3990,comp.os.ms-windows.misc,comp.os.ms-windows.misc,True,0.96,0.30426558305043727,
3991,sci.electronics,sci.electronics,True,1.0,0.2760261250077747,
3992,sci.crypt,talk.politics.misc,False,1.0,0.3449104159954004,
3993,rec.autos,rec.autos,True,1.0,0.2555182919604704,
3994,comp.windows.x,comp.windows.x,True,0.53,0.2885065830196254,
3995,talk.politics.misc,talk.politics.misc,True,0.82,0.26788674999261275,
3996,rec.sport.hockey,rec.sport.baseball,False,0.54,0.2644900410086848,
3997,comp.sys.mac.hardware,comp.sys.mac.hardware,True,1.0,0.27439124998636544,
3998,comp.sys.ibm.pc.hardware,comp.sys.ibm.pc.hardware,True,0.86,0.24523133400361985,
3999,sci.electronics,sci.electronics,True,0.92,0.2862318750121631,
4000,sci.space,sci.space,True,1.0,0.2788962500053458,
4001,rec.motorcycles,talk.politics.misc,False,0.66,0.27816245798021555,
4002,comp.windows.x,comp.graphics,False,1.0,0.3800713330274448,
4003,sci.space,sci.space,True,1.0,0.2661809579585679,
4004,comp.sys.ibm.pc.hardware,comp.sys.ibm.pc.hardware,True,1.0,0.24493283400079235,
4005,comp.sys.ibm.pc.hardware,sci.electronics,False,0.72,0.2621380420168862,
4006,comp.sys.ibm.pc.hardware,comp.os.ms-windows.misc,False,0.97,0.2504285839968361,
4007,talk.politics.misc,talk.politics.misc,True,0.96,0.25539824995212257,
4008,sci.med,sci.electronics,False,0.57,0.2867717919871211,
4009,talk.religion.misc,alt.atheism,False,0.98,0.4128211250063032,
4010,sci.med,sci.med,True,1.0,0.35269662499194965,
4011,rec.autos,rec.autos,True,1.0,0.31112645799294114,
4012,sci.space,sci.space,True,1.0,0.26400466600898653,
4013,comp.sys.mac.hardware,comp.sys.mac.hardware,True,1.0,0.26403054199181497,
4014,misc.forsale,misc.forsale,True,0.93,0.2912192500079982,
4015,alt.atheism,talk.politics.misc,False,0.32,0.2547413749853149,
4016,comp.sys.ibm.pc.hardware,comp.sys.ibm.pc.hardware,True,1.0,0.27293262496823445,
4017,comp.os.ms-windows.misc,comp.os.ms-windows.misc,True,0.68,0.2614036669838242,
4018,comp.sys.ibm.pc.hardware,comp.sys.ibm.pc.hardware,True,1.0,0.2738742090296,
4019,comp.windows.x,comp.windows.x,True,1.0,0.2742742080008611,
4020,comp.sys.mac.hardware,comp.sys.mac.hardware,True,0.98,0.2752799579757266,
4021,sci.med,sci.med,True,1.0,0.2935544590000063,
4022,talk.politics.mideast,talk.politics.misc,False,0.86,0.24373395898146555,
4023,talk.politics.guns,talk.politics.guns,True,0.74,0.267334749980364,
4024,comp.sys.mac.hardware,comp.sys.mac.hardware,True,0.99,0.3054078749846667,
4025,talk.religion.misc,talk.politics.mideast,False,0.76,0.258504833036568,
4026,sci.space,sci.space,True,1.0,0.2612230410450138,
4027,talk.religion.misc,alt.atheism,False,0.82,0.2510277919936925,
4028,sci.crypt,sci.crypt,True,0.97,0.2723937919945456,
4029,sci.space,sci.space,True,0.93,0.25701200001640245,
4030,sci.crypt,sci.crypt,True,1.0,0.4203354170313105,
4031,sci.electronics,sci.electronics,True,1.0,0.37073962501017377,
4032,sci.crypt,sci.crypt,True,0.93,0.3839328750036657,
4033,comp.sys.mac.hardware,sci.electronics,False,0.51,0.35576812498038635,
4034,rec.autos,rec.autos,True,1.0,0.2770406670169905,
4035,talk.religion.misc,talk.religion.misc,True,0.87,0.31152062502224,
4036,talk.politics.mideast,talk.politics.mideast,True,0.97,0.279188833956141,
4037,comp.graphics,comp.graphics,True,1.0,0.2973140830290504,
4038,misc.forsale,misc.forsale,True,1.0,0.2796103750006296,
4039,comp.sys.ibm.pc.hardware,comp.sys.ibm.pc.hardware,True,0.92,0.24403170798905194,
4040,soc.religion.christian,soc.religion.christian,True,0.91,0.270996458013542,
4041,sci.space,comp.sys.mac.hardware,False,0.98,0.23770587501348928,
4042,talk.politics.guns,talk.politics.guns,True,0.99,0.26102933299262077,
4043,sci.electronics,sci.electronics,True,1.0,0.27908324997406453,
4044,soc.religion.christian,soc.religion.christian,True,0.94,0.24534041702281684,
4045,sci.electronics,comp.os.ms-windows.misc,False,0.46,0.2645701249712147,
4046,rec.motorcycles,rec.motorcycles,True,1.0,0.3157022089581005,
4047,sci.med,sci.med,True,0.93,0.40989633405115455,
4048,talk.religion.misc,soc.religion.christian,False,0.84,0.2629691250040196,
4049,rec.autos,rec.autos,True,1.0,0.30225366697413847,
4050,talk.religion.misc,talk.politics.misc,False,0.61,0.29336999997030944,
4051,sci.crypt,sci.crypt,True,1.0,0.2989126250031404,
4052,comp.graphics,sci.crypt,False,0.38,0.2942403329652734,
4053,alt.atheism,alt.atheism,True,0.8,0.28651529096532613,
4054,talk.religion.misc,comp.os.ms-windows.misc,False,0.29,0.2814935839851387,
4055,comp.os.ms-windows.misc,comp.os.ms-windows.misc,True,0.93,0.2721616250346415,
4056,comp.graphics,sci.crypt,False,0.54,0.27466079202713445,
4057,comp.os.ms-windows.misc,comp.os.ms-windows.misc,True,1.0,0.2546564579824917,
4058,soc.religion.christian,soc.religion.christian,True,0.77,0.27355604100739583,
4059,talk.politics.guns,talk.politics.misc,False,0.96,0.3164912090287544,
4060,soc.religion.christian,soc.religion.christian,True,0.75,0.289083625015337,
4061,talk.politics.guns,talk.politics.mideast,False,0.56,0.3928394580143504,
4062,sci.electronics,sci.electronics,True,1.0,0.2923764580045827,
4063,talk.religion.misc,talk.religion.misc,True,0.62,0.26917629200033844,
4064,talk.religion.misc,talk.religion.misc,True,0.85,0.3089453330030665,
4065,rec.autos,sci.electronics,False,0.34,0.25862562499241903,
4066,comp.graphics,comp.windows.x,False,1.0,0.28372499998658895,
4067,rec.autos,rec.autos,True,1.0,0.2758158749784343,
4068,misc.forsale,misc.forsale,True,0.94,0.29150400002254173,
4069,soc.religion.christian,soc.religion.christian,True,0.8,0.27063225000165403,
4070,soc.religion.christian,soc.religion.christian,True,0.99,0.3617728329845704,
4071,comp.sys.ibm.pc.hardware,comp.sys.ibm.pc.hardware,True,0.71,0.28665949997957796,
4072,talk.politics.mideast,talk.politics.mideast,True,0.93,0.26107250002678484,
4073,talk.politics.mideast,talk.politics.misc,False,0.5,0.3022567500011064,
4074,soc.religion.christian,soc.religion.christian,True,0.91,0.28389283298747614,
4075,rec.sport.hockey,rec.sport.hockey,True,1.0,0.2717318749637343,
4076,rec.sport.hockey,rec.sport.hockey,True,0.93,0.3331624580314383,
4077,talk.politics.guns,talk.politics.guns,True,0.86,0.25211224996019155,
4078,sci.space,sci.space,True,1.0,0.29695129196625203,
4079,sci.crypt,sci.crypt,True,0.67,0.25847466598497704,
4080,rec.sport.hockey,rec.sport.hockey,True,0.48,0.25470637500984594,
4081,comp.sys.ibm.pc.hardware,comp.sys.ibm.pc.hardware,True,1.0,0.3273369999951683,
4082,comp.windows.x,sci.crypt,False,0.29,0.25447154097491875,
4083,misc.forsale,misc.forsale,True,0.59,0.2857923330157064,
4084,sci.crypt,sci.electronics,False,0.63,0.31278537499019876,
4085,comp.sys.ibm.pc.hardware,comp.sys.ibm.pc.hardware,True,1.0,0.2777538330410607,
4086,talk.politics.mideast,talk.politics.misc,False,0.74,0.32375191600294784,
4087,sci.electronics,sci.electronics,True,0.96,0.25385654100682586,
4088,comp.windows.x,comp.os.ms-windows.misc,False,0.5,0.39191624999511987,
4089,alt.atheism,talk.politics.misc,False,0.94,0.24946887500118464,
4090,comp.sys.ibm.pc.hardware,comp.sys.ibm.pc.hardware,True,0.91,0.2541079170187004,
4091,talk.politics.guns,talk.politics.misc,False,0.82,0.27239699999336153,
4092,soc.religion.christian,soc.religion.christian,True,1.0,0.2899350000079721,
4093,sci.crypt,sci.crypt,True,1.0,0.2841035000164993,
4094,rec.autos,rec.autos,True,1.0,0.26245612499769777,
4095,rec.sport.baseball,rec.sport.baseball,True,1.0,0.27346779097570106,
4096,talk.politics.mideast,talk.politics.mideast,True,0.99,0.23344616597751155,
4097,rec.motorcycles,rec.motorcycles,True,1.0,0.23206199996639043,
4098,sci.space,sci.space,True,0.92,0.25569399999221787,
4099,soc.religion.christian,soc.religion.christian,True,0.99,0.30722008302109316,
4100,comp.sys.ibm.pc.hardware,comp.sys.ibm.pc.hardware,True,1.0,0.27800795796792954,
4101,talk.politics.guns,talk.politics.guns,True,1.0,0.3184605420101434,
4102,sci.electronics,comp.os.ms-windows.misc,False,0.43,0.2610498750000261,
4103,soc.religion.christian,soc.religion.christian,True,0.99,0.26700225000968203,
4104,misc.forsale,misc.forsale,True,0.99,0.27526179200503975,
4105,comp.sys.ibm.pc.hardware,comp.os.ms-windows.misc,False,0.49,0.3071901250514202,
4106,comp.sys.mac.hardware,comp.sys.mac.hardware,True,0.97,0.34881350002251565,
4107,rec.sport.hockey,rec.sport.hockey,True,1.0,0.269021124986466,
4108,sci.crypt,sci.crypt,True,1.0,0.26380333298584446,
4109,alt.atheism,alt.atheism,True,0.97,0.2630596249946393,
4110,comp.os.ms-windows.misc,comp.graphics,False,0.74,0.24430658301571384,
4111,alt.atheism,soc.religion.christian,False,0.66,0.22045316599542275,
4112,rec.motorcycles,rec.motorcycles,True,0.72,0.2512612499995157,
4113,misc.forsale,misc.forsale,True,0.99,0.32895825000014156,
4114,sci.crypt,sci.crypt,True,1.0,0.24434791697422042,
4115,rec.sport.baseball,rec.sport.baseball,True,1.0,0.28262454096693546,
4116,sci.med,sci.med,True,1.0,0.3963749589747749,
4117,sci.electronics,sci.electronics,True,1.0,0.298092125041876,
4118,misc.forsale,misc.forsale,True,1.0,0.2562188750016503,
4119,talk.politics.mideast,talk.politics.mideast,True,0.61,0.3668303749873303,
4120,rec.sport.hockey,rec.sport.hockey,True,1.0,0.38384537503588945,
4121,comp.sys.ibm.pc.hardware,comp.sys.ibm.pc.hardware,True,1.0,0.3282752080122009,
4122,talk.politics.mideast,talk.politics.mideast,True,1.0,0.30195120797725394,
4123,rec.sport.hockey,rec.sport.hockey,True,1.0,0.2850955839967355,
4124,comp.sys.ibm.pc.hardware,comp.sys.ibm.pc.hardware,True,1.0,0.2843044580076821,
4125,comp.graphics,comp.sys.ibm.pc.hardware,False,0.88,0.31032687495462596,
4126,rec.autos,comp.os.ms-windows.misc,False,0.31,0.2887778750155121,
4127,comp.windows.x,comp.windows.x,True,1.0,0.30176354199647903,
4128,talk.politics.misc,talk.politics.misc,True,0.99,0.25348950002808124,
4129,talk.religion.misc,alt.atheism,False,0.95,0.28422770800534636,
4130,rec.motorcycles,talk.politics.misc,False,0.98,0.25642674998380244,
4131,talk.religion.misc,soc.religion.christian,False,0.69,0.3027238749782555,
4132,alt.atheism,alt.atheism,True,0.85,0.9742375410278328,
4133,rec.motorcycles,rec.motorcycles,True,0.97,0.37198179098777473,
4134,rec.sport.baseball,rec.sport.baseball,True,1.0,0.33037820900790393,
4135,comp.sys.mac.hardware,comp.sys.ibm.pc.hardware,False,0.8,0.2609676669817418,
4136,comp.windows.x,comp.windows.x,True,1.0,0.31357283401302993,
4137,rec.sport.hockey,rec.sport.hockey,True,1.0,0.28141091600991786,
4138,rec.motorcycles,rec.motorcycles,True,1.0,0.2723550000227988,
4139,rec.sport.hockey,rec.sport.hockey,True,1.0,0.2420336669893004,
4140,rec.motorcycles,talk.politics.misc,False,0.72,0.29168112500337884,
4141,talk.politics.guns,talk.politics.guns,True,0.79,0.24877804203424603,
4142,sci.space,talk.politics.misc,False,1.0,0.29138254100689664,
4143,talk.politics.guns,talk.politics.guns,True,0.5,0.2875275829574093,
4144,misc.forsale,misc.forsale,True,0.49,0.33859037497313693,
4145,talk.politics.mideast,talk.politics.mideast,True,0.58,0.2821895829983987,
4146,talk.religion.misc,talk.religion.misc,True,0.53,0.2822890839888714,
4147,misc.forsale,misc.forsale,True,1.0,0.3510309999692254,
4148,talk.politics.mideast,talk.politics.mideast,True,0.76,0.2678385420003906,
4149,sci.space,sci.space,True,1.0,0.2655382090015337,
4150,sci.med,alt.atheism,False,0.38,0.29125762498006225,
4151,talk.politics.misc,talk.politics.misc,True,0.95,0.3167066660244018,
4152,rec.sport.hockey,rec.sport.hockey,True,1.0,0.26102016697404906,
4153,rec.motorcycles,rec.motorcycles,True,0.99,0.3455469170003198,
4154,rec.sport.baseball,rec.sport.baseball,True,1.0,0.23400541697628796,
4155,rec.motorcycles,rec.motorcycles,True,0.99,0.9191732089966536,
4156,sci.crypt,sci.crypt,True,0.97,0.2670109170139767,
4157,rec.autos,rec.autos,True,1.0,0.317355791979935,
4158,talk.politics.misc,talk.politics.misc,True,0.82,0.2915505829732865,
4159,comp.windows.x,comp.graphics,False,1.0,0.31558120797853917,
4160,sci.crypt,talk.politics.misc,False,0.33,0.8649477080325596,
4161,talk.religion.misc,sci.electronics,False,0.56,0.3255673329695128,
4162,comp.sys.ibm.pc.hardware,comp.os.ms-windows.misc,False,0.91,0.25506062497152016,
4163,talk.politics.guns,talk.politics.misc,False,0.44,0.23870891699334607,
4164,rec.sport.hockey,rec.sport.hockey,True,1.0,0.3116423329920508,
4165,alt.atheism,talk.politics.misc,False,0.48,0.23649645800469443,
4166,comp.sys.ibm.pc.hardware,comp.sys.ibm.pc.hardware,True,1.0,0.24639662500703707,
4167,comp.sys.mac.hardware,comp.sys.mac.hardware,True,0.98,0.24992316600400954,
4168,comp.sys.mac.hardware,rec.autos,False,0.65,0.3000217500375584,
4169,comp.sys.ibm.pc.hardware,comp.windows.x,False,0.66,0.2434079999802634,
4170,rec.motorcycles,rec.autos,False,0.95,0.25924233300611377,
4171,rec.sport.baseball,rec.sport.baseball,True,0.92,0.2657612080220133,
4172,talk.politics.guns,talk.politics.guns,True,0.99,0.25648466602433473,
4173,sci.crypt,sci.crypt,True,1.0,0.25148608296876773,
4174,sci.crypt,sci.crypt,True,0.88,0.3327613329747692,
4175,alt.atheism,alt.atheism,True,0.42,0.3777451670030132,
4176,comp.windows.x,comp.windows.x,True,1.0,0.27257983305025846,
4177,rec.motorcycles,rec.motorcycles,True,0.99,0.27055583300534636,
4178,talk.politics.mideast,talk.politics.mideast,True,0.88,0.2558150839759037,
4179,rec.motorcycles,rec.motorcycles,True,1.0,0.3688070419593714,
4180,comp.os.ms-windows.misc,comp.os.ms-windows.misc,True,1.0,0.3496632910100743,
4181,misc.forsale,misc.forsale,True,0.71,0.29415129096014425,
4182,comp.graphics,comp.graphics,True,1.0,0.28043425001669675,
4183,talk.religion.misc,comp.os.ms-windows.misc,False,0.37,0.29807737498776987,
4184,comp.sys.ibm.pc.hardware,comp.sys.ibm.pc.hardware,True,0.82,0.26966962503502145,
4185,comp.os.ms-windows.misc,misc.forsale,False,0.24,0.2334112499956973,
4186,misc.forsale,misc.forsale,True,1.0,0.29427208297420293,
4187,sci.crypt,talk.politics.misc,False,0.52,0.24144908401649445,
4188,rec.autos,talk.politics.misc,False,0.53,0.26038104097824544,
4189,comp.sys.ibm.pc.hardware,comp.sys.ibm.pc.hardware,True,0.99,0.23452983400784433,
4190,sci.space,sci.space,True,0.6,0.2919642079505138,
4191,alt.atheism,alt.atheism,True,0.43,0.25014212500536814,
4192,comp.sys.mac.hardware,sci.electronics,False,0.58,0.2692792910384014,
4193,sci.crypt,sci.crypt,True,0.99,0.3448994579957798,
4194,sci.med,talk.politics.misc,False,0.49,0.30253629200160503,
4195,rec.sport.hockey,rec.sport.hockey,True,1.0,0.4354349589557387,
4196,comp.sys.mac.hardware,comp.sys.ibm.pc.hardware,False,0.83,0.2773881669854745,
4197,sci.space,sci.space,True,0.94,0.40518750000046566,
4198,comp.os.ms-windows.misc,comp.os.ms-windows.misc,True,0.84,0.2526509170420468,
4199,rec.sport.baseball,rec.sport.baseball,True,1.0,0.387568750011269,
4200,talk.religion.misc,alt.atheism,False,0.43,0.25944037502631545,
4201,rec.sport.hockey,rec.sport.hockey,True,1.0,0.37890408298699185,
4202,rec.autos,rec.autos,True,1.0,0.3441345830215141,
4203,rec.motorcycles,rec.motorcycles,True,0.56,0.33167762495577335,
4204,sci.electronics,sci.crypt,False,0.22,0.29954591701971367,
4205,soc.religion.christian,soc.religion.christian,True,0.99,0.2819956250023097,
4206,talk.politics.misc,talk.politics.misc,True,1.0,0.3142370830173604,
4207,sci.med,sci.med,True,1.0,0.3009046249790117,
4208,sci.electronics,comp.os.ms-windows.misc,False,0.4,0.28152120899176225,
4209,rec.autos,rec.autos,True,1.0,0.2931242500199005,
4210,talk.politics.mideast,talk.politics.mideast,True,1.0,0.2892802500282414,
4211,talk.politics.guns,alt.atheism,False,0.35,0.33534070901805535,
4212,talk.politics.mideast,talk.politics.mideast,True,1.0,0.28690233401721343,
4213,talk.politics.mideast,alt.atheism,False,0.27,0.32222274999367073,
4214,comp.sys.mac.hardware,comp.sys.mac.hardware,True,0.96,0.26430754200555384,
4215,rec.autos,rec.autos,True,1.0,0.26886741595808417,
4216,sci.med,sci.electronics,False,0.91,0.2788073749979958,
4217,misc.forsale,misc.forsale,True,1.0,0.28323141700821,
4218,comp.graphics,comp.graphics,True,0.71,0.23688079096609727,
4219,sci.electronics,rec.autos,False,0.45,0.301535916980356,
4220,rec.sport.baseball,rec.sport.baseball,True,1.0,0.2674852079944685,
4221,comp.sys.mac.hardware,comp.sys.mac.hardware,True,0.55,0.2973171249614097,
4222,sci.med,sci.med,True,1.0,0.29243866697652265,
4223,rec.sport.hockey,rec.sport.hockey,True,1.0,0.2688143340055831,
4224,sci.med,sci.med,True,0.69,0.28260920802131295,
4225,rec.autos,rec.autos,True,0.98,0.2585859579849057,
4226,comp.sys.mac.hardware,comp.sys.mac.hardware,True,0.67,0.3691872910130769,
4227,sci.med,sci.med,True,0.98,0.24331824999535456,
4228,misc.forsale,comp.sys.ibm.pc.hardware,False,0.72,0.32120537501759827,
4229,sci.electronics,sci.electronics,True,1.0,0.29590225004358217,
4230,sci.space,sci.space,True,1.0,0.2964550830074586,
4231,sci.electronics,sci.electronics,True,1.0,0.2641511249821633,
4232,sci.electronics,comp.os.ms-windows.misc,False,0.64,0.27870149997761473,
4233,comp.graphics,sci.electronics,False,0.89,0.3107701249537058,
4234,sci.med,sci.med,True,0.63,0.24658350000390783,
4235,talk.politics.mideast,talk.politics.mideast,True,0.87,0.3313884579692967,
4236,comp.sys.ibm.pc.hardware,comp.sys.ibm.pc.hardware,True,0.9,0.2582970410003327,
4237,talk.politics.misc,talk.politics.misc,True,0.66,0.2558640000061132,
4238,sci.crypt,sci.crypt,True,1.0,0.2983029580209404,
4239,sci.space,sci.space,True,1.0,0.24778633296955377,
4240,sci.med,sci.med,True,1.0,0.26813120796578005,
4241,talk.politics.mideast,talk.politics.mideast,True,1.0,0.2741802089731209,
4242,misc.forsale,misc.forsale,True,1.0,0.24938854202628136,
4243,alt.atheism,alt.atheism,True,0.61,0.2613233749871142,
4244,talk.religion.misc,talk.religion.misc,True,0.99,0.3391202499624342,
4245,sci.crypt,sci.crypt,True,0.73,0.2863846250111237,
4246,sci.space,sci.space,True,1.0,0.267308457987383,
4247,sci.electronics,sci.electronics,True,1.0,0.26955320802517235,
4248,talk.religion.misc,talk.religion.misc,True,0.51,0.28902166697662324,
4249,soc.religion.christian,soc.religion.christian,True,0.99,0.38938279199646786,
4250,comp.windows.x,comp.windows.x,True,1.0,0.28965966700343415,
4251,sci.electronics,sci.crypt,False,0.86,0.2649631660315208,
4252,talk.religion.misc,soc.religion.christian,False,0.93,0.3082278750371188,
4253,comp.os.ms-windows.misc,comp.sys.mac.hardware,False,0.28,0.26130770798772573,
4254,talk.politics.misc,talk.politics.misc,True,0.84,0.4302330409991555,
4255,talk.politics.mideast,sci.med,False,0.42,0.2406628750031814,
4256,soc.religion.christian,soc.religion.christian,True,0.98,0.39734312501968816,
4257,comp.os.ms-windows.misc,comp.os.ms-windows.misc,True,0.98,0.2407279159524478,
4258,alt.atheism,misc.forsale,False,0.49,0.36754466698039323,
4259,misc.forsale,misc.forsale,True,0.93,0.2675356660038233,
4260,comp.graphics,comp.graphics,True,1.0,0.38023066701134667,
4261,comp.sys.mac.hardware,comp.sys.ibm.pc.hardware,False,0.97,0.31502241699490696,
4262,comp.sys.ibm.pc.hardware,comp.sys.ibm.pc.hardware,True,1.0,0.3076896669808775,
4263,comp.graphics,comp.graphics,True,1.0,0.2571088749682531,
4264,comp.graphics,comp.graphics,True,1.0,0.32564441597787663,
4265,sci.space,sci.space,True,1.0,0.2506443330203183,
4266,talk.politics.misc,talk.politics.misc,True,0.77,0.24926654202863574,
4267,sci.electronics,sci.crypt,False,0.97,0.2766134580015205,
4268,sci.electronics,sci.electronics,True,1.0,0.27308516699122265,
4269,sci.space,talk.politics.misc,False,0.76,0.2392144160112366,
4270,sci.crypt,sci.crypt,True,0.64,0.27036483405390754,
4271,rec.sport.hockey,rec.sport.hockey,True,1.0,0.29769941698759794,
4272,comp.sys.mac.hardware,comp.sys.mac.hardware,True,0.99,0.31250116700539365,
4273,sci.space,sci.space,True,0.32,0.30694462498649955,
4274,misc.forsale,misc.forsale,True,0.99,0.326441542012617,
4275,rec.motorcycles,rec.motorcycles,True,1.0,0.25397612497908995,
4276,comp.windows.x,comp.windows.x,True,1.0,0.30404754099436104,
4277,alt.atheism,talk.religion.misc,False,0.82,0.265508167038206,
4278,comp.windows.x,comp.windows.x,True,1.0,0.28526587499072775,
4279,comp.windows.x,comp.windows.x,True,1.0,0.3275712910108268,
4280,comp.os.ms-windows.misc,comp.os.ms-windows.misc,True,0.61,0.2696502080070786,
4281,soc.religion.christian,soc.religion.christian,True,0.78,0.2723952910164371,
4282,comp.graphics,talk.religion.misc,False,0.61,0.29482287500286475,
4283,sci.electronics,sci.electronics,True,1.0,0.27229250001255423,
4284,talk.religion.misc,talk.religion.misc,True,0.75,0.2885692080017179,
4285,comp.sys.mac.hardware,comp.sys.mac.hardware,True,1.0,0.2696487089851871,
4286,sci.electronics,sci.electronics,True,1.0,0.23018737498205155,
4287,comp.os.ms-windows.misc,comp.os.ms-windows.misc,True,0.92,0.3324311670148745,
4288,rec.motorcycles,rec.autos,False,1.0,0.29729854204924777,
4289,talk.religion.misc,talk.politics.misc,False,0.43,0.2863786250236444,
4290,sci.med,sci.med,True,1.0,0.30063554097432643,
4291,comp.sys.mac.hardware,comp.graphics,False,1.0,0.3198461660067551,
4292,misc.forsale,misc.forsale,True,0.55,0.2665665840031579,
4293,talk.politics.misc,comp.os.ms-windows.misc,False,0.32,0.2863134579965845,
4294,misc.forsale,misc.forsale,True,0.99,0.31611141696339473,
4295,rec.sport.baseball,rec.sport.baseball,True,1.0,0.28969674999825656,
4296,comp.graphics,comp.graphics,True,0.57,0.2578694580006413,
4297,sci.electronics,sci.electronics,True,1.0,0.35074854095000774,
4298,sci.med,sci.med,True,1.0,0.48599245899822563,
4299,sci.electronics,sci.electronics,True,0.73,0.43220458301948383,
4300,comp.windows.x,comp.windows.x,True,1.0,0.33327574998838827,
4301,comp.graphics,comp.sys.ibm.pc.hardware,False,0.75,0.27180483302799985,
4302,misc.forsale,misc.forsale,True,0.56,0.39898479101248085,
4303,comp.os.ms-windows.misc,comp.os.ms-windows.misc,True,1.0,0.30723945796489716,
4304,rec.sport.hockey,rec.sport.hockey,True,1.0,0.2857161670108326,
4305,comp.windows.x,comp.windows.x,True,1.0,0.4564850000315346,
4306,sci.crypt,sci.crypt,True,0.93,0.2618155410164036,
4307,talk.politics.guns,talk.politics.guns,True,0.41,0.31165887496899813,
4308,soc.religion.christian,soc.religion.christian,True,0.67,0.26913029100978747,
4309,misc.forsale,misc.forsale,True,1.0,0.42010916699655354,
4310,rec.sport.baseball,rec.sport.baseball,True,1.0,0.3138823329936713,
4311,comp.sys.mac.hardware,comp.graphics,False,0.59,0.3059810840059072,
4312,sci.med,sci.med,True,1.0,0.29929904197342694,
4313,soc.religion.christian,talk.politics.misc,False,0.71,0.3822517499793321,
4314,comp.graphics,comp.graphics,True,0.73,0.431336542009376,
4315,sci.med,sci.med,True,1.0,0.32356454199180007,
4316,comp.os.ms-windows.misc,comp.os.ms-windows.misc,True,0.54,0.2616968330112286,
4317,soc.religion.christian,sci.space,False,0.69,0.26275270798942074,
4318,rec.motorcycles,misc.forsale,False,0.52,0.3683601659722626,
4319,sci.med,sci.electronics,False,0.77,0.2660637079970911,
4320,talk.politics.mideast,talk.politics.guns,False,0.82,0.28975341602927074,
4321,sci.med,sci.med,True,1.0,0.38803787500364706,
4322,comp.sys.mac.hardware,comp.sys.ibm.pc.hardware,False,0.86,0.24251329200342298,
4323,comp.os.ms-windows.misc,comp.os.ms-windows.misc,True,1.0,0.34085245901951566,
4324,talk.politics.guns,talk.politics.misc,False,0.66,0.3973594589624554,
4325,sci.space,talk.politics.misc,False,0.88,0.31806237500859424,
4326,talk.politics.guns,talk.religion.misc,False,0.49,0.35313599999062717,
4327,misc.forsale,misc.forsale,True,1.0,0.2867832920164801,
4328,talk.politics.misc,talk.politics.guns,False,0.85,0.2752673750510439,
4329,sci.space,misc.forsale,False,0.96,0.37973816704470664,
4330,comp.graphics,comp.graphics,True,0.99,0.32228304201271385,
4331,comp.os.ms-windows.misc,comp.graphics,False,0.96,0.2774957079673186,
4332,talk.politics.misc,talk.politics.misc,True,0.77,0.30736308300402015,
4333,talk.politics.mideast,misc.forsale,False,0.4,0.23828937497455627,
4334,comp.sys.ibm.pc.hardware,comp.sys.ibm.pc.hardware,True,0.93,0.2608250000048429,
4335,talk.religion.misc,talk.religion.misc,True,0.74,0.253131834033411,
4336,comp.graphics,comp.graphics,True,1.0,0.2789751670206897,
4337,sci.crypt,talk.politics.misc,False,0.99,0.37472733296453953,
4338,talk.politics.misc,talk.politics.misc,True,1.0,0.32622508297208697,
4339,rec.sport.baseball,rec.sport.baseball,True,1.0,0.3342392919585109,
4340,comp.sys.ibm.pc.hardware,comp.os.ms-windows.misc,False,0.6,0.3096189579810016,
4341,comp.os.ms-windows.misc,comp.os.ms-windows.misc,True,0.32,0.2674394170171581,
4342,talk.politics.misc,talk.politics.misc,True,1.0,0.31733233301201835,
4343,soc.religion.christian,soc.religion.christian,True,0.63,0.3919030419783667,
4344,sci.crypt,talk.politics.misc,False,0.93,0.3270142920082435,
4345,talk.politics.misc,talk.politics.guns,False,0.86,0.28849025000818074,
4346,rec.sport.hockey,rec.sport.hockey,True,0.96,0.2901648330152966,
4347,rec.sport.hockey,rec.sport.hockey,True,0.95,0.24580433400114998,
4348,comp.graphics,comp.graphics,True,0.78,0.2575315000140108,
4349,soc.religion.christian,soc.religion.christian,True,0.85,0.2669284999719821,
4350,rec.sport.baseball,rec.sport.hockey,False,0.53,0.2645008339895867,
4351,rec.motorcycles,rec.autos,False,0.51,0.2942837080336176,
4352,rec.sport.baseball,rec.sport.baseball,True,0.71,0.2466711250017397,
4353,comp.sys.mac.hardware,misc.forsale,False,0.42,0.3339993749978021,
4354,sci.crypt,sci.crypt,True,0.99,0.26216025004396215,
4355,comp.sys.ibm.pc.hardware,comp.sys.ibm.pc.hardware,True,0.92,0.30636616598349065,
4356,misc.forsale,misc.forsale,True,0.87,0.277391167008318,
4357,talk.politics.mideast,talk.politics.misc,False,0.59,0.2891723749926314,
4358,sci.space,sci.space,True,0.48,0.28325670794583857,
4359,sci.space,sci.space,True,0.61,0.30888495896942914,
4360,comp.sys.ibm.pc.hardware,comp.sys.ibm.pc.hardware,True,0.99,0.3112121250014752,
4361,sci.space,sci.space,True,1.0,0.30188287497730926,
4362,sci.space,comp.os.ms-windows.misc,False,0.34,0.27788258402142674,
4363,talk.politics.guns,talk.politics.guns,True,0.72,0.3130737080355175,
4364,comp.windows.x,comp.windows.x,True,1.0,0.2939252500073053,
4365,talk.politics.mideast,talk.politics.mideast,True,1.0,0.2751703340327367,
4366,rec.sport.hockey,rec.sport.hockey,True,1.0,0.30327475001104176,
4367,comp.graphics,comp.graphics,True,0.99,0.37530933402013034,
4368,talk.religion.misc,talk.religion.misc,True,0.81,0.2755986250122078,
4369,comp.sys.mac.hardware,comp.os.ms-windows.misc,False,0.37,0.2724929579999298,
4370,comp.os.ms-windows.misc,comp.sys.ibm.pc.hardware,False,0.84,0.256940208026208,
4371,comp.os.ms-windows.misc,comp.sys.ibm.pc.hardware,False,1.0,0.37479845801135525,
4372,sci.crypt,sci.crypt,True,1.0,0.3033115839934908,
4373,misc.forsale,misc.forsale,True,0.88,0.28898570797173306,
4374,comp.graphics,comp.graphics,True,1.0,0.3901802080217749,
4375,sci.med,sci.med,True,1.0,0.29088508302811533,
4376,talk.politics.mideast,talk.politics.misc,False,0.96,0.23331874998984858,
4377,sci.crypt,sci.crypt,True,0.99,0.3025589589960873,
4378,comp.sys.ibm.pc.hardware,comp.sys.ibm.pc.hardware,True,1.0,0.2822995410533622,
4379,misc.forsale,talk.politics.misc,False,0.87,0.25194241700228304,
4380,comp.os.ms-windows.misc,comp.os.ms-windows.misc,True,1.0,0.3137107910006307,
4381,comp.graphics,comp.graphics,True,0.48,0.33187391597311944,
4382,rec.sport.hockey,comp.os.ms-windows.misc,False,0.34,0.34350766701390967,
4383,sci.crypt,sci.crypt,True,0.98,0.29643441701773554,
4384,talk.politics.mideast,talk.politics.mideast,True,1.0,0.275041917047929,
4385,talk.politics.guns,talk.politics.misc,False,0.63,0.2954735839739442,
4386,talk.religion.misc,soc.religion.christian,False,0.96,0.24099929101066664,
4387,rec.sport.hockey,rec.sport.hockey,True,1.0,0.2822290839976631,
4388,rec.motorcycles,rec.motorcycles,True,0.83,0.23472020897315815,
4389,sci.crypt,sci.crypt,True,0.5,0.27049829199677333,
4390,rec.autos,rec.autos,True,1.0,0.27149462496163324,
4391,comp.graphics,comp.os.ms-windows.misc,False,0.31,0.27054666698677465,
4392,sci.crypt,sci.crypt,True,0.83,0.2853552920278162,
4393,talk.politics.guns,talk.politics.misc,False,0.6,0.26602837501559407,
4394,comp.sys.mac.hardware,comp.sys.mac.hardware,True,1.0,0.36344333295710385,
4395,comp.graphics,comp.sys.ibm.pc.hardware,False,0.93,0.3528756669838913,
4396,comp.windows.x,comp.windows.x,True,1.0,0.3421669579693116,
4397,sci.med,sci.med,True,1.0,0.3248286250163801,
4398,talk.politics.mideast,talk.politics.mideast,True,1.0,0.32207354198908433,
4399,talk.politics.misc,talk.politics.misc,True,0.84,0.48621724999975413,
4400,comp.sys.ibm.pc.hardware,sci.electronics,False,0.97,0.2715911249979399,
4401,sci.crypt,comp.os.ms-windows.misc,False,0.3,0.33060837496304885,
4402,soc.religion.christian,soc.religion.christian,True,0.89,0.29899749998003244,
4403,rec.autos,rec.autos,True,1.0,0.26097495801514015,
4404,soc.religion.christian,soc.religion.christian,True,0.61,0.2430867090006359,
4405,alt.atheism,alt.atheism,True,0.97,0.2952799169579521,
4406,comp.os.ms-windows.misc,comp.os.ms-windows.misc,True,1.0,0.27204104099655524,
4407,sci.space,sci.space,True,1.0,0.27790375001495704,
4408,comp.os.ms-windows.misc,comp.os.ms-windows.misc,True,1.0,0.34272233402589336,
4409,talk.politics.guns,talk.politics.misc,False,0.96,0.35315233399160206,
4410,rec.autos,rec.autos,True,1.0,0.2491718329838477,
4411,comp.sys.ibm.pc.hardware,comp.sys.ibm.pc.hardware,True,1.0,0.25417866703355685,
4412,soc.religion.christian,soc.religion.christian,True,1.0,0.29098133399384096,
4413,comp.sys.ibm.pc.hardware,comp.sys.ibm.pc.hardware,True,0.93,0.3442236250266433,
4414,rec.sport.baseball,talk.religion.misc,False,0.66,0.2903519590036012,
4415,talk.politics.mideast,talk.politics.mideast,True,0.82,0.350099167029839,
4416,comp.graphics,comp.graphics,True,0.74,0.3600250000017695,
4417,soc.religion.christian,soc.religion.christian,True,0.91,0.3589587080059573,
4418,comp.graphics,comp.graphics,True,1.0,0.2732527499902062,
4419,rec.motorcycles,rec.motorcycles,True,0.61,0.29678029200294986,
4420,sci.med,sci.med,True,1.0,0.4015803340007551,
4421,soc.religion.christian,soc.religion.christian,True,0.98,0.2877174580353312,
4422,talk.politics.mideast,talk.politics.misc,False,0.51,0.384385832992848,
4423,rec.motorcycles,talk.politics.misc,False,0.38,0.3341365410014987,
4424,misc.forsale,misc.forsale,True,1.0,0.34149991598678753,
4425,rec.autos,rec.autos,True,0.99,0.28638283401960507,
4426,talk.politics.misc,talk.politics.misc,True,0.86,0.3724919999949634,
4427,soc.religion.christian,soc.religion.christian,True,0.99,0.3001385420211591,
4428,comp.graphics,comp.graphics,True,1.0,0.31795591703848913,
4429,comp.os.ms-windows.misc,comp.os.ms-windows.misc,True,1.0,0.2680752919986844,
4430,comp.graphics,comp.graphics,True,0.61,0.33959245902951807,
4431,talk.politics.misc,comp.os.ms-windows.misc,False,0.36,0.307488749967888,
4432,sci.crypt,talk.politics.misc,False,0.69,0.28845708299195394,
4433,soc.religion.christian,soc.religion.christian,True,0.99,0.2947848750045523,
4434,soc.religion.christian,alt.atheism,False,0.62,0.2824700840283185,
4435,talk.politics.guns,talk.politics.misc,False,0.97,0.33643879200099036,
4436,talk.politics.mideast,talk.politics.mideast,True,1.0,0.3656200830009766,
4437,comp.sys.mac.hardware,comp.sys.mac.hardware,True,0.98,0.34276991698425263,
4438,comp.windows.x,comp.sys.ibm.pc.hardware,False,0.72,0.30801249999785796,
4439,talk.politics.mideast,talk.politics.mideast,True,1.0,0.2802612920058891,
4440,talk.politics.mideast,talk.politics.mideast,True,0.99,0.28572683298261836,
4441,sci.space,sci.space,True,1.0,0.2686343750101514,
4442,alt.atheism,alt.atheism,True,0.62,0.28659283299930394,
4443,comp.os.ms-windows.misc,comp.os.ms-windows.misc,True,0.88,0.2993210419663228,
4444,sci.crypt,sci.crypt,True,1.0,0.26884033397072926,
4445,rec.sport.hockey,rec.sport.hockey,True,1.0,0.4256087910034694,
4446,talk.politics.guns,talk.politics.guns,True,1.0,0.2759789580013603,
4447,comp.os.ms-windows.misc,comp.os.ms-windows.misc,True,1.0,0.3889924590475857,
4448,sci.space,sci.space,True,0.98,0.26156820805044845,
4449,comp.graphics,sci.crypt,False,0.85,0.36557349999202415,
4450,comp.graphics,comp.graphics,True,1.0,0.34281954198377207,
4451,sci.space,sci.space,True,0.37,0.2894712910056114,
4452,sci.electronics,sci.electronics,True,0.36,0.2707992499927059,
4453,soc.religion.christian,soc.religion.christian,True,0.94,0.271101166959852,
4454,talk.politics.guns,talk.politics.guns,True,0.87,0.292079292004928,
4455,rec.autos,rec.autos,True,0.39,0.26987858302891254,
4456,sci.space,sci.crypt,False,0.64,0.3124711659620516,
4457,talk.politics.guns,talk.politics.guns,True,0.91,0.2786353749688715,
4458,rec.motorcycles,comp.os.ms-windows.misc,False,0.35,0.2589138330076821,
4459,comp.sys.mac.hardware,comp.sys.mac.hardware,True,0.87,0.28208370896754786,
4460,sci.electronics,comp.sys.ibm.pc.hardware,False,0.91,0.2421164580155164,
4461,comp.graphics,comp.windows.x,False,0.72,0.33977020805468783,
4462,sci.space,talk.politics.misc,False,0.83,0.26494695799192414,
4463,soc.religion.christian,soc.religion.christian,True,1.0,0.2733090409892611,
4464,misc.forsale,misc.forsale,True,1.0,0.26867304102052003,
4465,misc.forsale,misc.forsale,True,1.0,0.3568495839717798,
4466,rec.sport.hockey,rec.sport.hockey,True,1.0,0.27863341599004343,
4467,sci.electronics,sci.electronics,True,1.0,0.273493624990806,
4468,sci.crypt,talk.politics.misc,False,0.98,0.3398984579835087,
4469,comp.windows.x,comp.graphics,False,0.61,0.2744543749722652,
4470,talk.politics.mideast,talk.politics.misc,False,0.98,0.24775824998505414,
4471,comp.os.ms-windows.misc,comp.sys.ibm.pc.hardware,False,0.62,0.3119968749815598,
4472,rec.autos,talk.politics.misc,False,0.65,0.3512092499877326,
4473,misc.forsale,misc.forsale,True,0.98,0.26645870797801763,
4474,comp.graphics,comp.graphics,True,1.0,0.26479258300969377,
4475,talk.politics.guns,talk.politics.misc,False,0.99,0.25504658301360905,
4476,sci.electronics,talk.politics.misc,False,0.56,0.2831725840223953,
4477,sci.electronics,sci.electronics,True,1.0,0.23792966600740328,
4478,rec.autos,talk.politics.misc,False,0.47,0.3199782079900615,
4479,comp.windows.x,comp.windows.x,True,1.0,0.28540875000180677,
4480,rec.sport.baseball,rec.sport.baseball,True,1.0,0.38034849998075515,
4481,comp.windows.x,comp.windows.x,True,1.0,0.24599912500707433,
4482,soc.religion.christian,soc.religion.christian,True,0.99,0.29515216703293845,
4483,talk.politics.guns,talk.politics.misc,False,1.0,0.2941624999511987,
4484,sci.crypt,sci.electronics,False,0.94,0.2379349999828264,
4485,sci.med,sci.med,True,1.0,0.401579583005514,
4486,sci.med,sci.med,True,1.0,0.25992491701617837,
4487,comp.sys.ibm.pc.hardware,comp.sys.ibm.pc.hardware,True,0.8,0.2686753749730997,
4488,rec.autos,comp.os.ms-windows.misc,False,0.51,0.27359283302212134,
4489,misc.forsale,comp.os.ms-windows.misc,False,0.35,0.3323229589732364,
4490,alt.atheism,talk.politics.misc,False,0.59,0.2567105410271324,
4491,rec.sport.hockey,rec.sport.hockey,True,1.0,0.28451479104114696,
4492,talk.politics.mideast,talk.politics.mideast,True,0.74,0.2874963750364259,
4493,comp.os.ms-windows.misc,comp.os.ms-windows.misc,True,0.97,0.2593672079965472,
4494,sci.space,sci.space,True,1.0,0.24803687498206273,
4495,comp.graphics,comp.windows.x,False,0.87,0.26399108301848173,
4496,soc.religion.christian,soc.religion.christian,True,0.58,0.3264278330025263,
4497,comp.os.ms-windows.misc,comp.os.ms-windows.misc,True,0.98,0.30199466698104516,
4498,comp.sys.mac.hardware,comp.sys.mac.hardware,True,1.0,0.2630184160079807,
4499,sci.electronics,sci.space,False,0.91,0.2622040419955738,
4500,rec.motorcycles,rec.motorcycles,True,1.0,0.25752174999797717,
4501,comp.windows.x,comp.windows.x,True,1.0,0.2976813329732977,
4502,comp.os.ms-windows.misc,comp.os.ms-windows.misc,True,0.81,0.2562387500074692,
4503,sci.med,sci.med,True,1.0,0.5503867079969496,
4504,misc.forsale,misc.forsale,True,1.0,0.27022324997233227,
4505,comp.os.ms-windows.misc,comp.os.ms-windows.misc,True,0.92,0.37734608398750424,
4506,talk.religion.misc,soc.religion.christian,False,0.7,0.27612929098540917,
4507,misc.forsale,misc.forsale,True,1.0,0.26767104101600125,
4508,talk.politics.guns,talk.religion.misc,False,0.47,0.35652604198548943,
4509,misc.forsale,misc.forsale,True,1.0,0.308702916954644,
4510,sci.electronics,rec.autos,False,0.63,0.28272499999729916,
4511,comp.sys.ibm.pc.hardware,comp.sys.ibm.pc.hardware,True,1.0,0.28197545901639387,
4512,sci.electronics,sci.electronics,True,1.0,0.28306633402826265,
4513,rec.autos,rec.autos,True,1.0,0.2917295000515878,
4514,comp.os.ms-windows.misc,comp.sys.ibm.pc.hardware,False,0.9,0.2546283339615911,
4515,sci.space,talk.politics.misc,False,0.41,0.2612371669965796,
4516,talk.politics.mideast,talk.politics.mideast,True,1.0,0.28781845897901803,
4517,talk.religion.misc,soc.religion.christian,False,0.5,0.28655033302493393,
4518,comp.os.ms-windows.misc,comp.os.ms-windows.misc,True,1.0,0.27532066695857793,
4519,rec.sport.baseball,rec.sport.baseball,True,1.0,0.2595023339963518,
4520,alt.atheism,sci.electronics,False,0.59,0.33087725000223145,
4521,comp.sys.ibm.pc.hardware,comp.sys.ibm.pc.hardware,True,1.0,0.3911203750176355,
4522,comp.os.ms-windows.misc,talk.politics.misc,False,0.35,0.3654212090186775,
4523,comp.sys.mac.hardware,comp.sys.mac.hardware,True,1.0,0.2307575829909183,
4524,sci.med,sci.med,True,0.91,0.2574307500035502,
4525,rec.sport.hockey,rec.sport.hockey,True,1.0,0.24676558398641646,
4526,sci.crypt,sci.crypt,True,1.0,0.2668621250195429,
4527,rec.motorcycles,rec.motorcycles,True,0.96,0.28434025001479313,
4528,sci.med,sci.med,True,0.99,0.27908816700801253,
4529,rec.sport.baseball,rec.sport.baseball,True,1.0,0.25695558299776167,
4530,comp.sys.ibm.pc.hardware,comp.sys.ibm.pc.hardware,True,0.99,0.2318989159539342,
4531,alt.atheism,talk.religion.misc,False,0.98,0.41462424997007474,
4532,comp.sys.mac.hardware,comp.sys.mac.hardware,True,0.51,0.22820341697661206,
4533,comp.os.ms-windows.misc,comp.sys.ibm.pc.hardware,False,0.93,0.3920734579442069,
4534,alt.atheism,comp.os.ms-windows.misc,False,0.35,0.23775545798707753,
4535,talk.politics.misc,talk.politics.misc,True,0.9,0.2746960410149768,
4536,rec.sport.baseball,rec.sport.baseball,True,0.32,0.29263266699854285,
4537,sci.crypt,sci.crypt,True,1.0,0.3229499169974588,
4538,alt.atheism,alt.atheism,True,0.6,0.3023333749733865,
4539,talk.religion.misc,talk.politics.guns,False,0.84,0.26910504105035216,
4540,comp.windows.x,comp.windows.x,True,0.91,0.4468465839745477,
4541,comp.windows.x,comp.windows.x,True,0.64,0.2436629160074517,
4542,comp.sys.ibm.pc.hardware,comp.sys.ibm.pc.hardware,True,0.99,0.343513083003927,
4543,talk.politics.misc,talk.politics.misc,True,0.98,0.32125412503955886,
4544,comp.graphics,comp.graphics,True,0.84,0.30956337501993403,
4545,misc.forsale,misc.forsale,True,0.61,0.2331459999550134,
4546,comp.graphics,comp.graphics,True,1.0,0.3483145000063814,
4547,sci.med,sci.med,True,1.0,0.28131775005022064,
4548,rec.sport.baseball,rec.sport.baseball,True,1.0,0.27878474997123703,
4549,talk.politics.guns,talk.politics.guns,True,0.54,0.3211610410362482,
4550,rec.motorcycles,rec.motorcycles,True,1.0,0.28851091698743403,
4551,comp.sys.mac.hardware,comp.sys.mac.hardware,True,0.95,0.31407870905241,
4552,rec.autos,rec.autos,True,1.0,0.25772066705394536,
4553,comp.os.ms-windows.misc,comp.os.ms-windows.misc,True,0.32,0.24995466700056568,
4554,rec.sport.baseball,rec.sport.baseball,True,1.0,0.24096224998356774,
4555,sci.space,sci.space,True,1.0,0.35461283300537616,
4556,sci.med,sci.med,True,0.99,0.2978560409974307,
4557,sci.electronics,talk.politics.misc,False,0.62,0.25381924997782335,
4558,comp.sys.ibm.pc.hardware,comp.sys.ibm.pc.hardware,True,0.99,0.2441486669704318,
4559,sci.med,sci.med,True,0.98,0.30371795798419043,
4560,rec.motorcycles,rec.motorcycles,True,1.0,0.3954190000076778,
4561,sci.med,sci.med,True,0.42,0.39282445900607854,
4562,comp.sys.ibm.pc.hardware,sci.electronics,False,0.76,0.2890376659925096,
4563,comp.graphics,comp.graphics,True,0.95,0.34846804197877645,
4564,rec.sport.baseball,alt.atheism,False,0.15,0.31564200000138953,
4565,comp.windows.x,comp.windows.x,True,1.0,0.3139439999940805,
4566,comp.windows.x,comp.windows.x,True,0.99,0.2939120000228286,
4567,sci.electronics,sci.electronics,True,1.0,0.2794079170562327,
4568,rec.sport.baseball,rec.sport.baseball,True,1.0,0.5187305409926921,
4569,sci.electronics,sci.electronics,True,1.0,0.33095583401154727,
4570,rec.sport.hockey,rec.sport.hockey,True,0.77,0.24748091702349484,
4571,comp.sys.mac.hardware,comp.sys.mac.hardware,True,1.0,0.3443817910156213,
4572,soc.religion.christian,soc.religion.christian,True,0.94,0.2388567079906352,
4573,rec.motorcycles,rec.motorcycles,True,0.67,0.2909970420296304,
4574,comp.sys.ibm.pc.hardware,comp.sys.ibm.pc.hardware,True,0.96,0.38705608301097527,
4575,sci.electronics,sci.electronics,True,1.0,0.34844054200220853,
4576,comp.graphics,comp.graphics,True,0.96,0.36590783298015594,
4577,alt.atheism,talk.religion.misc,False,0.53,0.2624794169678353,
4578,misc.forsale,comp.sys.ibm.pc.hardware,False,0.56,0.2569912080070935,
4579,comp.sys.ibm.pc.hardware,comp.sys.ibm.pc.hardware,True,1.0,0.2993094999692403,
4580,sci.electronics,sci.electronics,True,0.99,0.31875720794778317,
4581,talk.religion.misc,alt.atheism,False,0.57,0.2683345830300823,
4582,comp.sys.mac.hardware,comp.sys.mac.hardware,True,0.99,0.34224679198814556,
4583,rec.motorcycles,rec.motorcycles,True,0.94,0.2803844169829972,
4584,comp.sys.ibm.pc.hardware,comp.sys.ibm.pc.hardware,True,0.87,0.2773873330443166,
4585,sci.med,sci.med,True,1.0,0.2408601670176722,
4586,talk.religion.misc,talk.religion.misc,True,0.97,0.3273157920339145,
4587,sci.crypt,sci.crypt,True,1.0,0.24890537501778454,
4588,talk.religion.misc,talk.politics.misc,False,0.9,0.26080566697055474,
4589,talk.politics.mideast,talk.politics.mideast,True,1.0,0.2744788749841973,
4590,rec.sport.hockey,rec.sport.hockey,True,1.0,0.2700108340359293,
4591,comp.os.ms-windows.misc,comp.os.ms-windows.misc,True,0.57,0.2647802500287071,
4592,misc.forsale,misc.forsale,True,1.0,0.30099587503354996,
4593,comp.sys.mac.hardware,comp.sys.mac.hardware,True,1.0,0.27790304098743945,
4594,misc.forsale,comp.sys.mac.hardware,False,0.65,0.27700699999695644,
4595,misc.forsale,misc.forsale,True,1.0,0.37762645800830796,
4596,comp.sys.ibm.pc.hardware,misc.forsale,False,0.99,0.2777406250243075,
4597,comp.windows.x,comp.windows.x,True,1.0,0.31801787501899526,
4598,talk.politics.guns,talk.politics.guns,True,1.0,0.2612546660238877,
4599,talk.politics.misc,talk.politics.misc,True,0.97,0.3013622500002384,
4600,talk.politics.guns,talk.politics.misc,False,0.4,0.43357266701059416,
4601,alt.atheism,talk.religion.misc,False,0.78,0.3039582909550518,
4602,comp.sys.ibm.pc.hardware,comp.sys.ibm.pc.hardware,True,0.97,0.27872183301951736,
4603,talk.politics.guns,talk.politics.guns,True,1.0,0.2771128329914063,
4604,comp.sys.mac.hardware,comp.sys.mac.hardware,True,0.99,0.3384531249757856,
4605,alt.atheism,alt.atheism,True,0.99,0.3068387089879252,
4606,sci.med,sci.med,True,1.0,0.3004492920008488,
4607,rec.sport.hockey,rec.sport.hockey,True,0.94,0.3069974579848349,
4608,rec.sport.hockey,rec.sport.hockey,True,1.0,0.26041712501319125,
4609,comp.sys.mac.hardware,comp.sys.mac.hardware,True,1.0,0.2685272080125287,
4610,rec.motorcycles,rec.motorcycles,True,0.65,0.24601054203230888,
4611,comp.graphics,comp.graphics,True,1.0,0.26474225003039464,
4612,misc.forsale,misc.forsale,True,1.0,0.23426504101371393,
4613,talk.religion.misc,talk.politics.misc,False,0.3,0.2694903750088997,
4614,sci.space,sci.space,True,1.0,0.30335004202788696,
4615,rec.sport.hockey,rec.sport.hockey,True,1.0,0.28293104202020913,
4616,comp.sys.ibm.pc.hardware,comp.os.ms-windows.misc,False,0.43,0.2493562499876134,
4617,sci.space,comp.os.ms-windows.misc,False,0.34,0.2886590830166824,
4618,misc.forsale,comp.sys.mac.hardware,False,0.77,0.3737143339822069,
4619,talk.politics.mideast,talk.religion.misc,False,1.0,0.2924179169931449,
4620,comp.graphics,comp.graphics,True,1.0,0.31877200002782047,
4621,sci.electronics,sci.electronics,True,0.99,0.2504083329695277,
4622,comp.windows.x,comp.windows.x,True,1.0,0.3639664159854874,
4623,sci.crypt,comp.os.ms-windows.misc,False,0.31,0.2811734169954434,
4624,sci.space,sci.space,True,1.0,0.26866416702978313,
4625,talk.religion.misc,soc.religion.christian,False,0.56,0.3334354590042494,
4626,sci.space,sci.space,True,0.84,0.29103974997997284,
4627,rec.sport.baseball,rec.sport.baseball,True,1.0,0.2716610829811543,
4628,comp.os.ms-windows.misc,comp.os.ms-windows.misc,True,0.81,0.30721150001045316,
4629,rec.sport.hockey,talk.politics.misc,False,0.75,0.24598770897137,
4630,sci.med,sci.med,True,1.0,0.28482712496770546,
4631,talk.religion.misc,soc.religion.christian,False,0.74,0.3031336670392193,
4632,rec.sport.baseball,rec.sport.baseball,True,0.51,0.25712258397834376,
4633,sci.med,sci.med,True,1.0,0.6255339170456864,
4634,rec.sport.baseball,rec.sport.baseball,True,1.0,0.299441457958892,
4635,talk.religion.misc,talk.religion.misc,True,0.94,0.29143054195446894,
4636,sci.crypt,sci.crypt,True,0.99,0.2864786669961177,
4637,comp.windows.x,comp.graphics,False,1.0,0.3276948749553412,
4638,comp.sys.ibm.pc.hardware,comp.sys.ibm.pc.hardware,True,0.99,0.3029472079942934,
4639,sci.crypt,talk.politics.misc,False,1.0,0.2910699159838259,
4640,comp.graphics,comp.sys.mac.hardware,False,0.98,0.328096832963638,
4641,misc.forsale,misc.forsale,True,0.98,0.2871554580051452,
4642,comp.sys.mac.hardware,comp.sys.mac.hardware,True,1.0,0.2745959170279093,
4643,comp.sys.mac.hardware,comp.windows.x,False,0.47,0.30112766701495275,
4644,sci.electronics,rec.autos,False,0.99,0.27476554102031514,
4645,rec.sport.hockey,rec.sport.hockey,True,0.99,0.27451324998401105,
4646,talk.politics.guns,talk.politics.misc,False,0.86,0.3758365830290131,
4647,comp.windows.x,comp.windows.x,True,1.0,0.38027883297763765,
4648,misc.forsale,comp.sys.ibm.pc.hardware,False,0.78,0.3499832089873962,
4649,comp.sys.mac.hardware,comp.sys.mac.hardware,True,1.0,0.3692232079920359,
4650,sci.space,sci.space,True,0.95,0.24995074997423217,
4651,comp.sys.mac.hardware,comp.os.ms-windows.misc,False,0.36,0.29805233399383724,
4652,alt.atheism,talk.religion.misc,False,0.88,0.31397137499880046,
4653,rec.motorcycles,rec.motorcycles,True,0.99,0.27989974996307865,
4654,soc.religion.christian,soc.religion.christian,True,0.83,0.29043166601331905,
4655,comp.sys.ibm.pc.hardware,comp.sys.ibm.pc.hardware,True,0.99,0.2594834169722162,
4656,talk.religion.misc,talk.religion.misc,True,0.61,0.2788597079925239,
4657,comp.graphics,comp.graphics,True,1.0,0.2595462910248898,
4658,comp.graphics,comp.graphics,True,0.99,0.30451104103121907,
4659,sci.crypt,sci.crypt,True,1.0,0.26692595798522234,
4660,talk.politics.guns,talk.politics.misc,False,0.63,0.24913858395302668,
4661,sci.med,sci.med,True,1.0,0.31835179100744426,
4662,misc.forsale,misc.forsale,True,0.77,0.26822774996981025,
4663,sci.space,sci.space,True,1.0,0.3323419580119662,
4664,talk.politics.mideast,talk.politics.misc,False,0.84,0.25417095801094547,
4665,rec.motorcycles,rec.motorcycles,True,1.0,0.2716044160188176,
4666,alt.atheism,misc.forsale,False,0.19,0.2809784589917399,
4667,misc.forsale,misc.forsale,True,1.0,0.43096120801055804,
4668,talk.religion.misc,talk.politics.misc,False,0.94,0.24040470796171576,
4669,talk.politics.guns,talk.religion.misc,False,0.66,0.27439879195299,
4670,misc.forsale,misc.forsale,True,1.0,0.29418745799921453,
4671,sci.electronics,sci.electronics,True,0.91,0.26850133400876075,
4672,misc.forsale,misc.forsale,True,0.61,0.3047033330076374,
4673,sci.crypt,comp.os.ms-windows.misc,False,0.24,0.2558849579654634,
4674,talk.politics.guns,talk.politics.misc,False,1.0,0.27608595800120384,
4675,talk.politics.guns,comp.os.ms-windows.misc,False,0.32,0.25928825000301003,
4676,rec.sport.hockey,rec.sport.hockey,True,0.99,0.361962582974229,
4677,rec.sport.hockey,rec.sport.hockey,True,1.0,0.30468620802275836,
4678,comp.sys.ibm.pc.hardware,comp.sys.ibm.pc.hardware,True,0.98,0.27788387500913814,
4679,talk.religion.misc,alt.atheism,False,0.8,0.2975014160037972,
4680,soc.religion.christian,comp.os.ms-windows.misc,False,0.35,0.25075137498788536,
4681,alt.atheism,talk.politics.misc,False,0.4,0.2743097500060685,
4682,misc.forsale,misc.forsale,True,1.0,0.25465433404315263,
4683,rec.motorcycles,rec.motorcycles,True,1.0,0.28477266599657014,
4684,talk.politics.guns,talk.politics.guns,True,1.0,0.22990083298645914,
4685,sci.electronics,misc.forsale,False,0.58,0.33867779100546613,
4686,rec.sport.baseball,talk.politics.misc,False,0.28,0.28325691702775657,
4687,rec.autos,rec.autos,True,0.99,0.25320066697895527,
4688,rec.motorcycles,rec.motorcycles,True,1.0,0.27506908297073096,
4689,soc.religion.christian,comp.os.ms-windows.misc,False,0.37,0.23626154201338068,
4690,talk.politics.misc,talk.politics.misc,True,0.61,0.2796787499682978,
4691,rec.sport.baseball,rec.sport.baseball,True,1.0,0.301322249986697,
4692,comp.os.ms-windows.misc,comp.os.ms-windows.misc,True,0.95,0.31489045900525525,
4693,misc.forsale,misc.forsale,True,1.0,0.34938166599022225,
4694,talk.religion.misc,talk.politics.misc,False,0.86,0.3687474589678459,
4695,rec.motorcycles,rec.motorcycles,True,0.64,0.31818829203257337,
4696,sci.space,sci.space,True,1.0,0.46229404205223545,
4697,talk.politics.guns,talk.politics.guns,True,0.89,0.2810526249813847,
4698,rec.sport.hockey,rec.sport.hockey,True,0.99,0.2553698749979958,
4699,rec.autos,rec.autos,True,1.0,0.25930949999019504,
4700,comp.graphics,comp.windows.x,False,0.59,0.30125695798778906,
4701,comp.sys.ibm.pc.hardware,comp.sys.ibm.pc.hardware,True,0.72,0.30556399998022243,
4702,rec.sport.hockey,rec.sport.hockey,True,0.76,0.2671717500197701,
4703,sci.space,sci.space,True,1.0,0.3765438749687746,
4704,sci.electronics,comp.os.ms-windows.misc,False,0.33,0.36704366601770744,
4705,sci.space,sci.space,True,0.7,0.22499554097885266,
4706,sci.med,alt.atheism,False,0.29,0.3282186660217121,
4707,talk.politics.mideast,talk.politics.mideast,True,1.0,0.35420262499246746,
4708,comp.os.ms-windows.misc,comp.os.ms-windows.misc,True,0.98,0.2693285829736851,
4709,rec.motorcycles,rec.motorcycles,True,1.0,0.27394679200369865,
4710,sci.med,sci.med,True,1.0,0.3117040829965845,
4711,comp.sys.ibm.pc.hardware,comp.sys.ibm.pc.hardware,True,0.86,0.2501131250173785,
4712,talk.politics.misc,talk.politics.guns,False,0.5,0.2823844169615768,
4713,rec.sport.hockey,rec.sport.hockey,True,0.94,0.3188488750020042,
4714,rec.motorcycles,rec.motorcycles,True,1.0,0.3948134160018526,
4715,rec.autos,rec.autos,True,1.0,0.284865333000198,
4716,rec.sport.baseball,rec.sport.baseball,True,1.0,0.2609244170016609,
4717,rec.sport.hockey,rec.sport.hockey,True,1.0,0.24115091701969504,
4718,talk.politics.guns,talk.religion.misc,False,0.79,0.25120716699166223,
4719,comp.sys.ibm.pc.hardware,comp.sys.ibm.pc.hardware,True,0.98,0.26846887497231364,
4720,sci.crypt,sci.crypt,True,0.94,0.2679637909750454,
4721,sci.space,sci.space,True,0.57,0.29938704101368785,
4722,sci.electronics,sci.electronics,True,1.0,0.27192470902809873,
4723,rec.autos,rec.autos,True,0.73,0.314854166994337,
4724,talk.religion.misc,talk.politics.guns,False,0.62,0.26531812496250495,
4725,sci.med,sci.med,True,1.0,0.3123472079751082,
4726,sci.electronics,sci.crypt,False,0.75,0.283977415994741,
4727,sci.electronics,sci.electronics,True,1.0,0.3937220419757068,
4728,talk.politics.mideast,talk.politics.mideast,True,0.99,0.25509375002002344,
4729,sci.crypt,sci.crypt,True,0.85,0.24047454202082008,
4730,sci.space,talk.politics.misc,False,0.45,0.24338012502994388,
4731,talk.politics.mideast,talk.politics.mideast,True,0.55,0.265771958976984,
4732,comp.sys.mac.hardware,comp.sys.mac.hardware,True,1.0,0.26274670800194144,
4733,comp.os.ms-windows.misc,comp.os.ms-windows.misc,True,0.35,0.355074750026688,
4734,misc.forsale,comp.os.ms-windows.misc,False,0.47,0.3072101249708794,
4735,comp.windows.x,comp.windows.x,True,1.0,0.44271558296168223,
4736,misc.forsale,misc.forsale,True,1.0,0.28404862503521144,
4737,comp.sys.ibm.pc.hardware,comp.sys.ibm.pc.hardware,True,0.61,0.25593379203928635,
4738,rec.motorcycles,rec.motorcycles,True,0.98,0.27712329098721966,
4739,rec.motorcycles,comp.os.ms-windows.misc,False,0.37,0.28903612500289455,
4740,rec.motorcycles,comp.os.ms-windows.misc,False,0.35,0.27919070899952203,
4741,rec.motorcycles,rec.motorcycles,True,0.77,0.27776183298556134,
4742,talk.politics.guns,talk.politics.misc,False,0.75,0.3310437079635449,
4743,comp.sys.ibm.pc.hardware,comp.sys.ibm.pc.hardware,True,0.76,0.2691965829581022,
4744,rec.motorcycles,rec.motorcycles,True,0.97,0.2914185000117868,
4745,comp.sys.ibm.pc.hardware,comp.sys.ibm.pc.hardware,True,0.75,0.3573842910118401,
4746,comp.os.ms-windows.misc,comp.os.ms-windows.misc,True,0.66,0.35003345797304064,
4747,comp.os.ms-windows.misc,comp.os.ms-windows.misc,True,0.68,0.2656232500448823,
4748,rec.sport.hockey,rec.sport.hockey,True,1.0,0.29011358303250745,
4749,sci.med,sci.med,True,1.0,0.3152878329856321,
4750,sci.crypt,sci.crypt,True,0.97,0.2707093749777414,
4751,comp.sys.ibm.pc.hardware,comp.sys.ibm.pc.hardware,True,0.99,0.2805916670477018,
4752,comp.sys.ibm.pc.hardware,comp.sys.ibm.pc.hardware,True,0.68,0.2587290000519715,
4753,sci.space,sci.space,True,0.57,0.26440441695740446,
4754,rec.autos,rec.autos,True,1.0,0.24761262501124293,
4755,rec.sport.hockey,rec.sport.hockey,True,1.0,0.2652541249990463,
4756,sci.crypt,talk.politics.misc,False,1.0,0.25061420805286616,
4757,soc.religion.christian,soc.religion.christian,True,0.99,0.29745029198238626,
4758,alt.atheism,alt.atheism,True,0.77,0.394187249999959,
4759,comp.sys.mac.hardware,comp.sys.mac.hardware,True,1.0,0.2556739999563433,
4760,comp.sys.ibm.pc.hardware,comp.sys.ibm.pc.hardware,True,1.0,0.37797504203626886,
4761,sci.med,sci.med,True,0.99,0.37178287497954443,
4762,soc.religion.christian,soc.religion.christian,True,0.62,0.32871650002198294,
4763,talk.politics.guns,talk.politics.misc,False,0.65,0.31921754096401855,
4764,rec.sport.baseball,rec.sport.baseball,True,0.94,0.2968730409629643,
4765,rec.motorcycles,rec.motorcycles,True,1.0,0.307091708004009,
4766,talk.politics.mideast,talk.politics.mideast,True,1.0,0.26250558299943805,
4767,comp.os.ms-windows.misc,comp.graphics,False,0.24,0.273561250010971,
4768,talk.politics.misc,talk.politics.misc,True,0.76,0.2733254579943605,
4769,comp.sys.ibm.pc.hardware,comp.sys.ibm.pc.hardware,True,0.99,0.2536188329686411,
4770,rec.sport.hockey,rec.sport.hockey,True,1.0,0.2786190420156345,
4771,comp.windows.x,comp.windows.x,True,1.0,0.27515595796285197,
4772,talk.politics.guns,talk.politics.misc,False,0.99,0.29758658399805427,
4773,comp.graphics,sci.crypt,False,0.83,0.2582987499772571,
4774,soc.religion.christian,soc.religion.christian,True,1.0,0.34716658300021663,
4775,rec.motorcycles,rec.motorcycles,True,1.0,0.2976594170322642,
4776,alt.atheism,alt.atheism,True,0.61,0.2846935829729773,
4777,comp.os.ms-windows.misc,comp.os.ms-windows.misc,True,0.6,0.2855475000105798,
4778,comp.os.ms-windows.misc,comp.os.ms-windows.misc,True,0.52,0.2864114160183817,
4779,misc.forsale,misc.forsale,True,0.85,0.26837425003759563,
4780,sci.space,sci.space,True,1.0,0.26487533398903906,
4781,rec.sport.hockey,rec.sport.hockey,True,0.99,0.4720235000131652,
4782,rec.motorcycles,comp.os.ms-windows.misc,False,0.34,0.2649099580012262,
4783,soc.religion.christian,talk.religion.misc,False,0.77,0.269765125005506,
4784,alt.atheism,alt.atheism,True,0.86,0.3184564579860307,
4785,misc.forsale,misc.forsale,True,1.0,0.26606066699605435,
4786,rec.sport.hockey,rec.sport.hockey,True,1.0,0.30775845900643617,
4787,sci.med,sci.med,True,1.0,0.26681708300020546,
4788,soc.religion.christian,soc.religion.christian,True,0.99,0.363727708987426,
4789,talk.religion.misc,soc.religion.christian,False,0.94,0.2326732919900678,
4790,talk.politics.misc,talk.politics.misc,True,0.88,0.2723599169985391,
4791,sci.space,sci.space,True,1.0,0.4919806669931859,
4792,rec.motorcycles,rec.motorcycles,True,0.96,0.2914540839847177,
4793,rec.sport.baseball,rec.sport.baseball,True,1.0,0.22330020903609693,
4794,comp.windows.x,comp.windows.x,True,1.0,0.2817073750193231,
4795,sci.med,sci.med,True,1.0,0.32080299995141104,
4796,sci.crypt,talk.politics.misc,False,0.97,0.25111162499524653,
4797,comp.sys.ibm.pc.hardware,comp.sys.ibm.pc.hardware,True,1.0,0.2749980000080541,
4798,comp.windows.x,comp.windows.x,True,0.63,0.29875420895405114,
4799,comp.windows.x,comp.os.ms-windows.misc,False,0.55,0.2777536250068806,
4800,alt.atheism,alt.atheism,True,0.33,0.28541566705098376,
4801,soc.religion.christian,soc.religion.christian,True,0.98,0.25254074996337295,
4802,talk.politics.misc,talk.politics.misc,True,0.97,0.24249208299443126,
4803,soc.religion.christian,soc.religion.christian,True,0.92,0.27563766698585823,
4804,comp.os.ms-windows.misc,comp.os.ms-windows.misc,True,0.99,0.27132425003219396,
4805,comp.graphics,comp.graphics,True,0.99,0.27521774999331683,
4806,comp.windows.x,comp.windows.x,True,1.0,0.33342733298195526,
4807,sci.med,sci.med,True,1.0,0.3037913749576546,
4808,rec.sport.baseball,rec.sport.baseball,True,1.0,0.25436958397040144,
4809,comp.graphics,comp.graphics,True,1.0,0.2877026670030318,
4810,rec.sport.baseball,rec.sport.baseball,True,1.0,0.24976745899766684,
4811,sci.space,comp.graphics,False,0.46,0.3368987910216674,
4812,sci.space,sci.space,True,1.0,0.4324081249651499,
4813,rec.motorcycles,rec.motorcycles,True,0.97,0.28679712500888854,
4814,soc.religion.christian,talk.religion.misc,False,0.72,0.31246491603087634,
4815,alt.atheism,talk.religion.misc,False,0.83,0.2927374169812538,
4816,sci.crypt,sci.crypt,True,0.98,0.4026907079969533,
4817,rec.autos,rec.motorcycles,False,0.88,0.2701789999846369,
4818,soc.religion.christian,alt.atheism,False,1.0,0.3563767920131795,
4819,talk.politics.misc,sci.electronics,False,0.31,0.26384716702159494,
4820,comp.sys.ibm.pc.hardware,comp.sys.ibm.pc.hardware,True,1.0,0.3271894159843214,
4821,comp.os.ms-windows.misc,comp.sys.ibm.pc.hardware,False,0.74,0.28636220801854506,
4822,soc.religion.christian,soc.religion.christian,True,0.97,0.28199725004378706,
4823,comp.sys.ibm.pc.hardware,comp.sys.ibm.pc.hardware,True,0.81,0.26314695802284405,
4824,comp.windows.x,comp.windows.x,True,1.0,0.2628921659779735,
4825,soc.religion.christian,soc.religion.christian,True,0.93,0.26103445899207145,
4826,rec.motorcycles,rec.autos,False,0.43,0.2663728750194423,
4827,misc.forsale,misc.forsale,True,0.93,0.2615857080090791,
4828,sci.med,sci.med,True,0.87,0.43689924996579066,
4829,rec.autos,rec.autos,True,1.0,0.2868848330108449,
4830,talk.politics.misc,talk.politics.misc,True,0.72,0.29629616701276973,
4831,talk.politics.misc,talk.politics.misc,True,1.0,0.40357816696632653,
4832,rec.autos,rec.autos,True,1.0,0.3073716670041904,
4833,rec.motorcycles,talk.politics.misc,False,0.43,0.26930495898704976,
4834,rec.sport.hockey,rec.sport.hockey,True,0.99,0.2453767919796519,
4835,sci.med,comp.sys.ibm.pc.hardware,False,0.76,0.23933795897755772,
4836,sci.med,sci.med,True,1.0,0.2707524170400575,
4837,comp.graphics,comp.graphics,True,1.0,0.26868837501388043,
4838,rec.sport.baseball,rec.sport.baseball,True,1.0,0.30110849998891354,
4839,rec.motorcycles,rec.motorcycles,True,1.0,0.24606112501351163,
4840,sci.electronics,sci.electronics,True,1.0,0.4514142500120215,
4841,rec.sport.hockey,rec.sport.baseball,False,0.53,0.3196336249820888,
4842,sci.med,alt.atheism,False,0.95,0.3101640840177424,
4843,soc.religion.christian,soc.religion.christian,True,0.94,0.26546729198889807,
4844,rec.motorcycles,rec.motorcycles,True,0.84,0.345088041969575,
4845,rec.autos,rec.autos,True,0.98,0.33513737499015406,
4846,rec.motorcycles,comp.os.ms-windows.misc,False,0.24,0.27705787494778633,
4847,sci.electronics,sci.electronics,True,0.98,0.2830374169861898,
4848,sci.electronics,sci.electronics,True,0.74,0.2577292919741012,
4849,alt.atheism,talk.religion.misc,False,0.81,0.34818620898295194,
4850,sci.space,sci.space,True,0.98,0.28958874999079853,
4851,talk.politics.misc,talk.politics.misc,True,0.69,0.3761959580006078,
4852,comp.graphics,misc.forsale,False,0.9,0.2632852079696022,
4853,alt.atheism,talk.politics.misc,False,0.79,0.27905924996593967,
4854,sci.crypt,comp.os.ms-windows.misc,False,0.3,0.27988379198359326,
4855,comp.sys.ibm.pc.hardware,comp.sys.ibm.pc.hardware,True,1.0,0.2565792090026662,
4856,talk.politics.misc,talk.politics.misc,True,0.96,0.293958583031781,
4857,comp.sys.ibm.pc.hardware,comp.sys.ibm.pc.hardware,True,1.0,0.33290183398639783,
4858,comp.sys.ibm.pc.hardware,sci.crypt,False,0.54,0.25680720794480294,
4859,alt.atheism,alt.atheism,True,0.4,0.35195658303564414,
4860,sci.space,sci.space,True,1.0,0.26976154203293845,
4861,rec.motorcycles,rec.autos,False,0.59,0.35176420805510134,
4862,comp.graphics,comp.graphics,True,0.56,0.2661611660150811,
4863,comp.os.ms-windows.misc,comp.os.ms-windows.misc,True,1.0,0.2703098750207573,
4864,sci.space,sci.space,True,1.0,0.34259937499882653,
4865,rec.sport.baseball,rec.sport.baseball,True,0.5,0.26175308297388256,
4866,sci.electronics,sci.electronics,True,1.0,0.34186245797900483,
4867,talk.religion.misc,soc.religion.christian,False,0.88,0.28770291700493544,
4868,talk.politics.mideast,talk.politics.mideast,True,0.48,0.2636267499765381,
4869,sci.crypt,talk.politics.misc,False,0.91,0.2802653330145404,
4870,comp.graphics,comp.graphics,True,1.0,0.39367304102052003,
4871,alt.atheism,alt.atheism,True,0.47,0.3782519170199521,
4872,sci.electronics,sci.electronics,True,0.52,0.36462429200764745,
4873,talk.politics.mideast,talk.politics.misc,False,0.33,0.3556439579697326,
4874,talk.politics.misc,talk.politics.misc,True,0.94,0.31672537501435727,
4875,alt.atheism,alt.atheism,True,0.7,0.2642710410291329,
4876,rec.motorcycles,sci.electronics,False,0.94,0.29684399999678135,
4877,rec.sport.baseball,rec.sport.baseball,True,1.0,0.3001889170263894,
4878,rec.motorcycles,rec.motorcycles,True,0.73,0.23947995802154765,
4879,sci.crypt,sci.crypt,True,1.0,0.2689056660165079,
4880,rec.sport.baseball,rec.sport.baseball,True,1.0,0.31718324997927994,
4881,talk.politics.mideast,talk.politics.mideast,True,0.76,0.24306329200044274,
4882,rec.motorcycles,talk.politics.guns,False,0.53,0.3052097500185482,
4883,talk.politics.mideast,talk.politics.misc,False,0.99,0.2543862499878742,
4884,soc.religion.christian,talk.religion.misc,False,0.49,0.2767884160275571,
4885,comp.graphics,comp.graphics,True,1.0,0.2759324579965323,
4886,misc.forsale,misc.forsale,True,1.0,0.285637166001834,
4887,misc.forsale,misc.forsale,True,0.83,0.26879020797787234,
4888,talk.politics.guns,talk.politics.guns,True,1.0,0.2708202919457108,
4889,rec.autos,rec.autos,True,1.0,0.28214062500046566,
4890,sci.med,sci.med,True,1.0,0.2779188749846071,
4891,sci.crypt,sci.crypt,True,1.0,0.2991228330065496,
4892,sci.crypt,sci.crypt,True,0.58,0.2514742499915883,
4893,comp.graphics,comp.graphics,True,1.0,0.3779422910301946,
4894,sci.crypt,sci.crypt,True,0.99,0.26672658300958574,
4895,sci.med,alt.atheism,False,0.59,0.24235666700406,
4896,soc.religion.christian,soc.religion.christian,True,0.99,0.301961624994874,
4897,sci.med,sci.med,True,0.99,0.23816858400823548,
4898,sci.crypt,sci.crypt,True,1.0,0.292089041962754,
4899,sci.med,sci.med,True,1.0,0.3890655839932151,
4900,comp.windows.x,comp.windows.x,True,1.0,0.2799687500228174,
4901,rec.autos,rec.autos,True,1.0,0.23534820799250156,
4902,sci.electronics,sci.electronics,True,1.0,0.2656057499698363,
4903,rec.autos,rec.autos,True,1.0,0.28968020796310157,
4904,soc.religion.christian,soc.religion.christian,True,0.99,0.2618832919979468,
4905,rec.motorcycles,talk.politics.misc,False,0.62,0.24214799999026582,
4906,talk.politics.guns,misc.forsale,False,0.18,0.2602584999985993,
4907,sci.space,sci.space,True,1.0,0.24896483303746209,
4908,alt.atheism,talk.politics.misc,False,0.23,0.25389774999348447,
4909,sci.med,sci.med,True,1.0,0.25710058299591765,
4910,talk.politics.misc,talk.politics.misc,True,0.87,0.28018787497421727,
4911,rec.sport.baseball,rec.sport.baseball,True,1.0,0.31374379101907834,
4912,comp.sys.mac.hardware,comp.sys.mac.hardware,True,1.0,0.254554208018817,
4913,comp.sys.mac.hardware,comp.sys.mac.hardware,True,1.0,0.2409131660242565,
4914,talk.politics.mideast,talk.politics.misc,False,0.97,0.2886853750096634,
4915,comp.graphics,comp.graphics,True,1.0,0.3371674580266699,
4916,alt.atheism,comp.os.ms-windows.misc,False,0.23,0.3014276250032708,
4917,misc.forsale,misc.forsale,True,1.0,0.25518329098122194,
4918,sci.med,sci.med,True,1.0,0.2790355419856496,
4919,sci.med,sci.med,True,0.94,0.2988855839939788,
4920,rec.sport.baseball,rec.sport.baseball,True,1.0,0.37640766700496897,
4921,talk.politics.guns,talk.politics.misc,False,0.66,0.2915373340365477,
4922,rec.sport.baseball,rec.sport.baseball,True,1.0,0.26881125004729256,
4923,talk.politics.mideast,talk.politics.misc,False,0.91,0.25773508404381573,
4924,comp.os.ms-windows.misc,comp.os.ms-windows.misc,True,0.99,0.2907350840396248,
4925,sci.space,sci.space,True,0.98,0.24376425001537427,
4926,comp.windows.x,comp.windows.x,True,1.0,0.3344794579898007,
4927,sci.med,sci.med,True,1.0,0.2596962919924408,
4928,talk.politics.guns,talk.politics.misc,False,0.46,0.2513881660415791,
4929,talk.religion.misc,soc.religion.christian,False,0.98,0.2784276669844985,
4930,rec.motorcycles,sci.med,False,0.43,0.5963481250219047,
4931,talk.politics.mideast,talk.politics.misc,False,0.67,0.3196328330086544,
4932,talk.politics.misc,talk.politics.misc,True,0.43,0.28683895902941003,
4933,sci.electronics,sci.electronics,True,0.87,0.275271792022977,
4934,rec.autos,rec.autos,True,1.0,0.24985966697568074,
4935,comp.sys.ibm.pc.hardware,comp.os.ms-windows.misc,False,0.48,0.27704204100882635,
4936,rec.sport.baseball,rec.sport.baseball,True,1.0,0.2990132499835454,
4937,rec.autos,rec.autos,True,0.99,0.25729924999177456,
4938,rec.sport.hockey,rec.sport.hockey,True,1.0,0.24942741700215265,
4939,sci.med,sci.med,True,1.0,0.24622312502469867,
4940,talk.politics.misc,talk.politics.misc,True,0.72,0.29623658396303654,
4941,sci.electronics,rec.autos,False,0.48,0.3037108749849722,
4942,soc.religion.christian,soc.religion.christian,True,0.84,0.24157754197949544,
4943,comp.windows.x,comp.windows.x,True,1.0,0.3227637080126442,
4944,comp.windows.x,comp.windows.x,True,1.0,0.29768300004070625,
4945,comp.graphics,comp.graphics,True,1.0,0.24517162499250844,
4946,talk.politics.misc,talk.politics.guns,False,0.51,0.2808097920496948,
4947,talk.politics.misc,talk.politics.guns,False,0.99,0.27547929203137755,
4948,comp.sys.mac.hardware,comp.sys.mac.hardware,True,1.0,0.25781866698525846,
4949,sci.med,sci.med,True,1.0,0.32109195803059265,
4950,talk.politics.misc,talk.politics.guns,False,0.54,0.2802437079953961,
4951,sci.med,sci.med,True,0.94,0.2815235420130193,
4952,comp.os.ms-windows.misc,comp.graphics,False,0.77,0.2740168329910375,
4953,sci.crypt,sci.crypt,True,0.97,0.244613874994684,
4954,comp.sys.mac.hardware,comp.sys.mac.hardware,True,0.98,0.3197397500043735,
4955,talk.politics.misc,talk.politics.misc,True,0.69,0.2816484170034528,
4956,comp.sys.mac.hardware,comp.sys.ibm.pc.hardware,False,0.62,0.26474441698519513,
4957,comp.sys.ibm.pc.hardware,comp.sys.ibm.pc.hardware,True,1.0,0.29227304202504456,
4958,rec.sport.baseball,rec.sport.baseball,True,1.0,0.36862437502713874,
4959,comp.graphics,comp.os.ms-windows.misc,False,0.35,0.2507863329956308,
4960,rec.sport.baseball,misc.forsale,False,0.98,0.34035591600695625,
4961,talk.politics.guns,talk.politics.guns,True,0.98,0.2733837499981746,
4962,comp.windows.x,comp.windows.x,True,0.97,0.2664272920228541,
4963,alt.atheism,soc.religion.christian,False,0.47,0.28933200001483783,
4964,sci.electronics,comp.sys.ibm.pc.hardware,False,0.94,0.26355083304224536,
4965,sci.space,sci.space,True,1.0,0.2593891670112498,
4966,rec.sport.hockey,rec.sport.hockey,True,1.0,0.3751304170000367,
4967,sci.crypt,talk.politics.misc,False,0.32,0.30226058297557756,
4968,rec.sport.baseball,rec.sport.baseball,True,1.0,0.2883037090068683,
4969,misc.forsale,misc.forsale,True,1.0,0.26466304203495383,
4970,sci.med,sci.med,True,1.0,0.25852341699646786,
4971,comp.sys.mac.hardware,comp.windows.x,False,0.63,0.2729750410071574,
4972,soc.religion.christian,soc.religion.christian,True,0.91,0.2583653330220841,
4973,sci.med,sci.med,True,1.0,0.26419833302497864,
4974,sci.med,sci.med,True,1.0,0.30827295797644183,
4975,rec.autos,misc.forsale,False,0.81,0.24791420897236094,
4976,talk.religion.misc,soc.religion.christian,False,0.54,0.2921773330308497,
4977,talk.politics.misc,talk.politics.misc,True,1.0,0.26440366596216336,
4978,sci.space,sci.space,True,0.99,0.2788507919758558,
4979,comp.sys.ibm.pc.hardware,comp.sys.ibm.pc.hardware,True,0.95,0.33448545797728,
4980,comp.sys.mac.hardware,comp.sys.mac.hardware,True,0.99,0.27816229104064405,
4981,soc.religion.christian,comp.os.ms-windows.misc,False,0.32,0.2939653749926947,
4982,sci.crypt,sci.crypt,True,0.97,0.23883462499361485,
4983,comp.windows.x,comp.windows.x,True,0.95,0.3116474589915015,
4984,rec.motorcycles,rec.motorcycles,True,0.37,0.2448907500365749,
4985,misc.forsale,misc.forsale,True,1.0,0.2591540840221569,
4986,soc.religion.christian,soc.religion.christian,True,0.87,0.27844100003130734,
4987,sci.space,sci.space,True,1.0,0.29273766704136506,
4988,rec.motorcycles,rec.motorcycles,True,1.0,0.2696603749645874,
4989,alt.atheism,alt.atheism,True,0.74,0.25388849998125806,
4990,talk.politics.mideast,talk.politics.mideast,True,0.46,0.3100410409970209,
4991,soc.religion.christian,soc.religion.christian,True,0.97,0.27639083401300013,
4992,sci.space,sci.space,True,0.92,0.28249750001123175,
4993,talk.politics.mideast,talk.politics.misc,False,0.63,0.2901576670119539,
4994,talk.religion.misc,talk.religion.misc,True,0.98,0.2797891669906676,
4995,sci.med,sci.electronics,False,0.51,0.2609898329828866,
4996,talk.politics.mideast,talk.politics.mideast,True,0.71,0.2731232919613831,
4997,alt.atheism,alt.atheism,True,0.55,0.26247262494871393,
4998,sci.space,sci.space,True,1.0,0.23871624999446794,
4999,talk.politics.mideast,talk.politics.mideast,True,1.0,0.33056904101977125,
5000,comp.os.ms-windows.misc,comp.os.ms-windows.misc,True,1.0,0.2763925829785876,
5001,talk.politics.mideast,talk.religion.misc,False,0.54,0.2634527499903925,
5002,talk.religion.misc,alt.atheism,False,0.34,0.2837358329561539,
5003,rec.sport.baseball,rec.sport.baseball,True,1.0,0.2565055000013672,
5004,sci.space,comp.os.ms-windows.misc,False,0.52,0.29433495801640674,
5005,comp.os.ms-windows.misc,comp.os.ms-windows.misc,True,0.97,0.3780184999923222,
5006,rec.sport.hockey,comp.os.ms-windows.misc,False,0.34,0.29756062501110137,
5007,talk.religion.misc,sci.space,False,0.37,0.23494820797350258,
5008,rec.motorcycles,talk.politics.misc,False,0.26,0.2770215830532834,
5009,talk.politics.guns,talk.politics.misc,False,1.0,0.2431857500341721,
5010,sci.space,talk.politics.misc,False,0.51,0.27851795800961554,
5011,rec.motorcycles,rec.motorcycles,True,1.0,0.2663387919892557,
5012,sci.electronics,comp.graphics,False,0.97,0.3017551669618115,
5013,soc.religion.christian,soc.religion.christian,True,0.99,0.280075166025199,
5014,comp.windows.x,comp.windows.x,True,0.97,0.22955704102059826,
5015,soc.religion.christian,soc.religion.christian,True,1.0,0.2542575420229696,
5016,talk.politics.misc,talk.politics.misc,True,0.98,0.27447770797880366,
5017,talk.politics.mideast,talk.politics.mideast,True,1.0,0.28465954202692956,
5018,sci.med,sci.med,True,1.0,0.2651150419842452,
5019,comp.graphics,comp.sys.ibm.pc.hardware,False,0.51,0.36396337498445064,
5020,alt.atheism,talk.politics.misc,False,0.46,0.33407445799093693,
5021,rec.sport.hockey,rec.sport.hockey,True,1.0,0.2902837499859743,
5022,talk.politics.guns,talk.politics.misc,False,0.55,0.27861504204338416,
5023,sci.space,comp.os.ms-windows.misc,False,0.31,0.25405599997611716,
5024,comp.os.ms-windows.misc,comp.os.ms-windows.misc,True,0.32,0.2642257499974221,
5025,comp.windows.x,comp.windows.x,True,1.0,0.26694512501126155,
5026,rec.sport.hockey,rec.sport.hockey,True,1.0,0.3407667080173269,
5027,alt.atheism,talk.politics.misc,False,0.43,0.29532654100330546,
5028,rec.sport.hockey,rec.sport.hockey,True,1.0,0.2786375420400873,
5029,comp.windows.x,comp.windows.x,True,1.0,0.26688954199198633,
5030,alt.atheism,talk.politics.misc,False,0.49,0.26334545901045203,
5031,rec.autos,talk.politics.misc,False,0.47,0.25557762500829995,
5032,talk.politics.misc,talk.politics.misc,True,0.97,0.28764145798049867,
5033,comp.sys.mac.hardware,comp.sys.mac.hardware,True,1.0,0.30796991696115583,
5034,sci.crypt,sci.crypt,True,1.0,0.3223487500217743,
5035,comp.sys.ibm.pc.hardware,comp.sys.ibm.pc.hardware,True,0.99,0.29193750000558794,
5036,comp.os.ms-windows.misc,comp.os.ms-windows.misc,True,1.0,0.2583616250194609,
5037,misc.forsale,misc.forsale,True,1.0,0.2351185829611495,
5038,talk.politics.mideast,talk.politics.mideast,True,0.99,0.3178828749805689,
5039,soc.religion.christian,talk.religion.misc,False,0.65,0.2819687090232037,
5040,talk.religion.misc,talk.politics.misc,False,0.46,0.27700399997411296,
5041,rec.sport.hockey,talk.politics.misc,False,0.51,0.2541368749807589,
5042,soc.religion.christian,soc.religion.christian,True,0.85,0.34630024997750297,
5043,comp.sys.ibm.pc.hardware,comp.sys.ibm.pc.hardware,True,0.98,0.28988358401693404,
5044,sci.electronics,sci.electronics,True,0.57,0.2934999580029398,
5045,comp.graphics,comp.graphics,True,1.0,0.29021591698983684,
5046,rec.autos,rec.autos,True,0.81,0.42896887502865866,
5047,rec.sport.hockey,rec.sport.hockey,True,1.0,0.27958658296847716,
5048,comp.sys.mac.hardware,comp.os.ms-windows.misc,False,0.31,0.24555233400315046,
5049,rec.autos,rec.autos,True,1.0,0.3212087919819169,
5050,talk.politics.mideast,talk.politics.mideast,True,0.94,0.29838191700400785,
5051,sci.med,sci.med,True,1.0,0.3411123339901678,
5052,sci.med,misc.forsale,False,0.66,0.26961487502558157,
5053,sci.space,sci.space,True,1.0,0.2709613330080174,
5054,comp.graphics,comp.graphics,True,1.0,0.2847860830370337,
5055,comp.os.ms-windows.misc,comp.os.ms-windows.misc,True,0.99,0.301421666983515,
5056,sci.crypt,sci.crypt,True,0.99,0.28331391600659117,
5057,misc.forsale,misc.forsale,True,1.0,0.26764050003839657,
5058,talk.politics.mideast,talk.politics.mideast,True,1.0,0.29329762497218326,
5059,talk.politics.guns,talk.politics.misc,False,0.6,0.2972969999536872,
5060,comp.graphics,comp.graphics,True,1.0,0.2779816669644788,
5061,rec.sport.baseball,rec.sport.baseball,True,1.0,0.2727301249979064,
5062,rec.sport.baseball,rec.sport.baseball,True,0.99,0.276630665990524,
5063,sci.med,sci.med,True,1.0,0.22116308298427612,
5064,comp.graphics,comp.graphics,True,1.0,0.3091476249974221,
5065,sci.crypt,sci.crypt,True,0.84,0.25609704200178385,
5066,soc.religion.christian,soc.religion.christian,True,1.0,0.29129500000271946,
5067,talk.politics.mideast,talk.politics.misc,False,0.64,0.23707425000611693,
5068,sci.med,comp.os.ms-windows.misc,False,0.34,0.2657280000275932,
5069,sci.space,sci.space,True,1.0,0.3118322500376962,
5070,misc.forsale,misc.forsale,True,1.0,0.30567283305572346,
5071,talk.politics.guns,talk.politics.guns,True,0.99,0.2950081249582581,
5072,rec.motorcycles,rec.motorcycles,True,0.71,0.30432162497891113,
5073,misc.forsale,misc.forsale,True,0.99,0.31287033297121525,
5074,alt.atheism,alt.atheism,True,0.74,0.25713849999010563,
5075,comp.sys.ibm.pc.hardware,comp.sys.ibm.pc.hardware,True,1.0,0.2661443750257604,
5076,comp.os.ms-windows.misc,comp.os.ms-windows.misc,True,0.99,0.2725144170108251,
5077,sci.crypt,talk.religion.misc,False,0.48,0.3752734580193646,
5078,sci.med,sci.med,True,1.0,0.2702319580130279,
5079,rec.autos,rec.autos,True,1.0,0.2644088749657385,
5080,sci.electronics,sci.electronics,True,1.0,0.2948589589796029,
5081,rec.sport.baseball,rec.sport.baseball,True,0.82,0.2986068750033155,
5082,rec.motorcycles,rec.autos,False,0.58,0.274223750049714,
5083,comp.sys.mac.hardware,comp.sys.mac.hardware,True,0.56,0.2632659579976462,
5084,comp.os.ms-windows.misc,comp.os.ms-windows.misc,True,0.74,0.23782720795134082,
5085,comp.sys.mac.hardware,comp.sys.mac.hardware,True,1.0,0.2880876670242287,
5086,rec.sport.hockey,rec.sport.hockey,True,1.0,0.2683037910028361,
5087,talk.politics.mideast,talk.politics.mideast,True,0.98,0.2723013329668902,
5088,rec.sport.baseball,rec.sport.baseball,True,1.0,0.26658441696781665,
5089,comp.sys.mac.hardware,comp.sys.mac.hardware,True,0.99,0.25505229097325355,
5090,soc.religion.christian,soc.religion.christian,True,0.97,0.28377708402695134,
5091,rec.autos,rec.autos,True,1.0,0.25374191597802565,
5092,comp.windows.x,comp.windows.x,True,1.0,0.2614262080169283,
5093,sci.electronics,comp.os.ms-windows.misc,False,0.36,0.2721232089679688,
5094,rec.motorcycles,talk.politics.misc,False,0.25,0.261642541969195,
5095,rec.sport.hockey,rec.sport.hockey,True,1.0,0.26703266601543874,
5096,sci.med,sci.med,True,1.0,0.2280414589913562,
5097,sci.med,sci.med,True,1.0,0.24114624998765066,
5098,comp.windows.x,comp.windows.x,True,0.99,0.26718554098624736,
5099,comp.graphics,comp.graphics,True,1.0,0.2564118340378627,
5100,rec.autos,rec.autos,True,0.61,0.47961837495677173,
5101,comp.windows.x,comp.graphics,False,0.69,0.26829329202882946,
5102,soc.religion.christian,soc.religion.christian,True,1.0,0.22723166598007083,
5103,comp.sys.mac.hardware,comp.sys.mac.hardware,True,1.0,0.2992382080410607,
5104,rec.sport.baseball,rec.sport.baseball,True,1.0,0.26030433300184086,
5105,talk.politics.misc,talk.politics.misc,True,0.81,0.2563599169952795,
5106,talk.politics.misc,talk.politics.misc,True,0.97,0.2380843340069987,
5107,comp.sys.mac.hardware,comp.sys.mac.hardware,True,1.0,0.26792583300266415,
5108,talk.politics.guns,talk.politics.guns,True,0.41,0.23813675000565127,
5109,comp.windows.x,comp.windows.x,True,0.86,0.25704924995079637,
5110,rec.sport.hockey,rec.sport.hockey,True,1.0,0.35502745903795585,
5111,alt.atheism,talk.politics.guns,False,0.8,0.28823775000637397,
5112,sci.electronics,sci.electronics,True,1.0,0.47319570794934407,
5113,comp.sys.ibm.pc.hardware,comp.sys.ibm.pc.hardware,True,0.71,0.2730321669951081,
5114,comp.graphics,comp.graphics,True,0.91,0.2775979169528,
5115,soc.religion.christian,talk.religion.misc,False,0.87,0.24730870901839808,
5116,talk.politics.guns,talk.politics.guns,True,0.72,0.26109291601460427,
5117,comp.os.ms-windows.misc,comp.os.ms-windows.misc,True,0.97,0.3161275000311434,
5118,comp.windows.x,comp.windows.x,True,0.86,0.2621189580531791,
5119,rec.motorcycles,rec.autos,False,0.86,0.22789995901985094,
5120,comp.graphics,comp.sys.mac.hardware,False,0.97,0.24063741695135832,
5121,alt.atheism,alt.atheism,True,0.31,0.2530382920522243,
5122,comp.windows.x,comp.windows.x,True,1.0,0.262118290993385,
5123,sci.med,sci.med,True,1.0,0.2804185000131838,
5124,comp.windows.x,comp.sys.ibm.pc.hardware,False,0.45,0.27612345799570903,
5125,sci.med,sci.med,True,1.0,0.3071142919943668,
5126,comp.os.ms-windows.misc,comp.os.ms-windows.misc,True,0.97,0.2989905829890631,
5127,rec.motorcycles,sci.crypt,False,0.48,0.23691562499152496,
5128,talk.religion.misc,talk.politics.misc,False,0.98,0.4049037080258131,
5129,talk.politics.misc,talk.politics.misc,True,1.0,0.25615033303620294,
5130,rec.sport.hockey,rec.sport.hockey,True,0.96,0.2931399999652058,
5131,rec.autos,rec.autos,True,0.28,0.27112900000065565,
5132,talk.politics.mideast,talk.politics.mideast,True,1.0,0.3158139580045827,
5133,soc.religion.christian,soc.religion.christian,True,0.93,0.2821576250134967,
5134,comp.windows.x,comp.windows.x,True,1.0,0.24760262505151331,
5135,talk.politics.guns,talk.politics.misc,False,0.4,0.2847300830180757,
5136,sci.crypt,sci.crypt,True,1.0,0.2606435419875197,
5137,comp.sys.ibm.pc.hardware,comp.sys.ibm.pc.hardware,True,1.0,0.36324525001691654,
5138,comp.os.ms-windows.misc,comp.sys.ibm.pc.hardware,False,0.86,0.35220245900563896,
5139,comp.sys.mac.hardware,comp.sys.ibm.pc.hardware,False,0.96,0.35106445802375674,
5140,talk.politics.misc,talk.politics.guns,False,0.58,0.31336958397878334,
5141,comp.windows.x,comp.windows.x,True,1.0,0.2882712919963524,
5142,talk.politics.mideast,talk.politics.misc,False,0.88,0.2872427919646725,
5143,comp.graphics,comp.os.ms-windows.misc,False,0.57,0.2778187500080094,
5144,rec.sport.hockey,rec.sport.baseball,False,0.73,0.2767944160150364,
5145,talk.politics.mideast,talk.politics.mideast,True,0.99,0.42151108296820894,
5146,sci.space,sci.space,True,1.0,0.2971323750098236,
5147,sci.electronics,sci.electronics,True,1.0,0.26982225000392646,
5148,sci.crypt,sci.crypt,True,0.99,0.2436949170078151,
5149,comp.sys.ibm.pc.hardware,comp.sys.ibm.pc.hardware,True,0.99,0.29899112501880154,
5150,sci.crypt,sci.crypt,True,1.0,0.24446845799684525,
5151,sci.med,sci.med,True,1.0,0.2410575420362875,
5152,sci.med,talk.politics.misc,False,0.51,0.23491783399367705,
5153,alt.atheism,talk.religion.misc,False,0.86,0.26967241702368483,
5154,rec.autos,rec.autos,True,0.99,0.2926088329986669,
5155,sci.electronics,sci.electronics,True,1.0,0.25576858303975314,
5156,comp.windows.x,comp.sys.mac.hardware,False,0.52,0.26414095802465454,
5157,talk.politics.mideast,talk.politics.misc,False,0.9,0.2553828340023756,
5158,soc.religion.christian,soc.religion.christian,True,0.94,0.2407190419617109,
5159,comp.graphics,comp.graphics,True,0.99,0.28884708404075354,
5160,rec.autos,talk.politics.misc,False,0.41,0.2648499579518102,
5161,talk.politics.misc,sci.med,False,0.72,0.25870041601592675,
5162,talk.politics.misc,talk.politics.guns,False,0.98,0.24626895901747048,
5163,comp.sys.ibm.pc.hardware,comp.sys.ibm.pc.hardware,True,0.87,0.26502391701797023,
5164,talk.politics.guns,talk.politics.guns,True,0.76,0.26072129199746996,
5165,sci.space,sci.space,True,1.0,0.39459508401341736,
5166,talk.politics.mideast,talk.politics.mideast,True,1.0,0.267224624985829,
5167,rec.sport.hockey,rec.sport.hockey,True,1.0,0.3520468340138905,
5168,soc.religion.christian,talk.religion.misc,False,0.82,0.28867629199521616,
5169,sci.space,sci.space,True,1.0,0.2726464999723248,
5170,comp.os.ms-windows.misc,comp.os.ms-windows.misc,True,0.92,0.3350410829880275,
5171,rec.motorcycles,rec.motorcycles,True,0.98,0.26232395897386596,
5172,comp.sys.ibm.pc.hardware,comp.sys.ibm.pc.hardware,True,0.9,0.28068762499606237,
5173,talk.politics.guns,talk.politics.guns,True,0.99,0.29429183300817385,
5174,misc.forsale,misc.forsale,True,1.0,0.29827174998354167,
5175,rec.sport.hockey,rec.sport.hockey,True,1.0,0.255161874985788,
5176,rec.sport.hockey,rec.sport.hockey,True,1.0,0.3386712920037098,
5177,comp.graphics,comp.graphics,True,0.54,0.303509125020355,
5178,comp.sys.ibm.pc.hardware,comp.sys.ibm.pc.hardware,True,0.99,0.2870821669930592,
5179,soc.religion.christian,soc.religion.christian,True,0.74,0.28787075000582263,
5180,comp.sys.ibm.pc.hardware,comp.sys.ibm.pc.hardware,True,1.0,0.2726759590441361,
5181,sci.crypt,sci.crypt,True,0.8,0.2656505000195466,
5182,talk.politics.mideast,talk.politics.mideast,True,0.57,0.2718552079750225,
5183,alt.atheism,talk.politics.misc,False,0.63,0.2620887500233948,
5184,rec.sport.hockey,rec.sport.hockey,True,1.0,0.31964004097972065,
5185,rec.motorcycles,rec.autos,False,1.0,0.2911467090016231,
5186,sci.crypt,talk.politics.misc,False,0.7,0.251605708966963,
5187,rec.autos,rec.autos,True,0.94,0.26372037502005696,
5188,comp.graphics,comp.graphics,True,1.0,0.23491283296607435,
5189,talk.religion.misc,talk.politics.misc,False,0.81,0.2867262919899076,
5190,comp.sys.ibm.pc.hardware,comp.sys.ibm.pc.hardware,True,0.78,0.2982662499998696,
5191,soc.religion.christian,talk.religion.misc,False,0.52,0.2509783749701455,
5192,sci.crypt,sci.crypt,True,0.94,0.24417504097800702,
5193,talk.politics.mideast,talk.politics.misc,False,1.0,0.2891696669976227,
5194,rec.motorcycles,rec.motorcycles,True,1.0,0.384436291991733,
5195,sci.electronics,sci.electronics,True,1.0,0.3808003750164062,
5196,comp.windows.x,comp.sys.mac.hardware,False,0.47,0.378219208039809,
5197,rec.autos,comp.os.ms-windows.misc,False,0.35,0.3806739170104265,
5198,sci.electronics,sci.electronics,True,1.0,0.2887434590375051,
5199,sci.crypt,sci.crypt,True,1.0,0.2731861670035869,
5200,comp.sys.mac.hardware,comp.sys.mac.hardware,True,0.99,0.2557609590003267,
5201,comp.sys.ibm.pc.hardware,comp.sys.ibm.pc.hardware,True,1.0,0.24970549996942282,
5202,rec.motorcycles,rec.autos,False,0.99,0.260901500005275,
5203,sci.crypt,sci.crypt,True,0.61,0.2563580000423826,
5204,comp.os.ms-windows.misc,comp.windows.x,False,0.91,0.27867895900271833,
5205,talk.politics.misc,talk.politics.guns,False,0.92,0.2969937919988297,
5206,rec.sport.baseball,talk.politics.misc,False,0.28,0.34256404102779925,
5207,comp.windows.x,comp.windows.x,True,0.99,0.2533802500111051,
5208,comp.sys.ibm.pc.hardware,comp.sys.ibm.pc.hardware,True,0.58,0.35401916701812297,
5209,talk.politics.mideast,talk.politics.misc,False,0.95,0.3002602909691632,
5210,talk.religion.misc,comp.os.ms-windows.misc,False,0.56,0.27468341699568555,
5211,comp.graphics,comp.graphics,True,0.99,0.2559480419731699,
5212,comp.os.ms-windows.misc,comp.os.ms-windows.misc,True,1.0,0.3410149170085788,
5213,rec.autos,rec.autos,True,1.0,0.26633329095784575,
5214,comp.graphics,comp.graphics,True,0.93,0.24876995797967538,
5215,sci.electronics,sci.crypt,False,0.88,0.32562770799268037,
5216,sci.space,sci.space,True,0.9,0.2806281250086613,
5217,soc.religion.christian,soc.religion.christian,True,0.99,0.2710141249699518,
5218,sci.med,sci.med,True,1.0,0.2743698749691248,
5219,rec.sport.hockey,rec.sport.hockey,True,0.3,0.28574345901142806,
5220,rec.motorcycles,talk.politics.misc,False,0.71,0.24665320798521861,
5221,sci.med,sci.med,True,1.0,0.28066950000356883,
5222,talk.politics.guns,talk.religion.misc,False,0.6,0.25977100001182407,
5223,talk.religion.misc,talk.religion.misc,True,0.95,0.2634128329809755,
5224,comp.os.ms-windows.misc,comp.os.ms-windows.misc,True,0.96,0.33250695798778906,
5225,rec.sport.baseball,comp.os.ms-windows.misc,False,0.35,0.3266500409808941,
5226,sci.crypt,sci.crypt,True,0.98,0.27358325000386685,
5227,comp.sys.mac.hardware,comp.sys.mac.hardware,True,1.0,0.345421957958024,
5228,alt.atheism,talk.politics.mideast,False,0.47,0.2587388749816455,
5229,sci.space,sci.space,True,1.0,0.27427383296890184,
5230,sci.crypt,sci.crypt,True,1.0,0.24583599995821714,
5231,comp.windows.x,talk.politics.misc,False,0.17,0.24968537501990795,
5232,sci.space,sci.space,True,1.0,0.24860912503208965,
5233,rec.sport.hockey,rec.sport.hockey,True,1.0,0.2756700830068439,
5234,sci.med,sci.med,True,1.0,0.34488037502160296,
5235,talk.politics.misc,talk.politics.misc,True,0.96,0.23086520802462474,
5236,comp.sys.mac.hardware,comp.sys.mac.hardware,True,0.86,0.2542202909826301,
5237,sci.electronics,sci.electronics,True,0.96,0.2455958750215359,
5238,sci.space,sci.space,True,1.0,0.2591782080125995,
5239,comp.graphics,sci.crypt,False,0.19,0.36599529098020867,
5240,alt.atheism,talk.politics.guns,False,0.52,0.23924258298939094,
5241,sci.space,sci.space,True,1.0,0.2431299580493942,
5242,talk.politics.mideast,talk.politics.mideast,True,1.0,0.261527291033417,
5243,soc.religion.christian,soc.religion.christian,True,0.99,0.2650146250380203,
5244,misc.forsale,misc.forsale,True,1.0,0.24775545799639076,
5245,rec.autos,rec.autos,True,1.0,0.2616945000481792,
5246,sci.electronics,sci.electronics,True,0.9,0.28217254200717434,
5247,rec.sport.hockey,rec.sport.hockey,True,0.87,0.3179507500026375,
5248,talk.politics.misc,talk.politics.misc,True,1.0,0.23412520898273215,
5249,misc.forsale,rec.autos,False,0.48,0.2357652080245316,
5250,rec.sport.baseball,rec.sport.baseball,True,0.42,0.35957775003043935,
5251,sci.med,sci.med,True,1.0,0.26165395899442956,
5252,soc.religion.christian,alt.atheism,False,0.46,0.30010579200461507,
5253,sci.med,sci.med,True,1.0,0.29671841696836054,
5254,rec.sport.baseball,rec.sport.baseball,True,1.0,0.2718191249878146,
5255,sci.electronics,sci.crypt,False,0.48,0.2824850420001894,
5256,soc.religion.christian,soc.religion.christian,True,0.82,0.27551220799796283,
5257,rec.sport.baseball,rec.sport.baseball,True,0.67,0.27965425001457334,
5258,sci.space,sci.space,True,1.0,0.27528058300958946,
5259,comp.windows.x,comp.windows.x,True,1.0,0.27834433398675174,
5260,rec.motorcycles,rec.motorcycles,True,0.91,0.2766402920242399,
5261,talk.politics.misc,talk.politics.misc,True,0.99,0.2500847089686431,
5262,rec.motorcycles,rec.motorcycles,True,1.0,0.26130629098042846,
5263,talk.politics.mideast,talk.politics.misc,False,0.86,0.27073962497524917,
5264,talk.politics.guns,talk.politics.guns,True,0.84,0.2755621669930406,
5265,misc.forsale,misc.forsale,True,1.0,0.2592118749744259,
5266,comp.graphics,comp.os.ms-windows.misc,False,0.34,0.27132741699460894,
5267,comp.sys.ibm.pc.hardware,comp.sys.ibm.pc.hardware,True,1.0,0.25651391700375825,
5268,rec.sport.baseball,rec.sport.baseball,True,0.99,0.26884824997978285,
5269,rec.motorcycles,comp.os.ms-windows.misc,False,0.35,0.32455987500725314,
5270,misc.forsale,misc.forsale,True,1.0,0.41202437499305233,
5271,sci.space,sci.space,True,0.97,0.3307952079921961,
5272,soc.religion.christian,soc.religion.christian,True,1.0,0.2561323329573497,
5273,rec.motorcycles,rec.motorcycles,True,0.26,0.27421716699609533,
5274,comp.graphics,comp.graphics,True,0.96,0.2994204590213485,
5275,rec.autos,rec.autos,True,0.94,0.24115104199154302,
5276,sci.space,sci.space,True,1.0,0.28644062497187406,
5277,rec.motorcycles,rec.motorcycles,True,0.95,0.3370299999951385,
5278,misc.forsale,misc.forsale,True,0.99,0.2720326670096256,
5279,comp.windows.x,comp.windows.x,True,1.0,0.2708222920191474,
5280,rec.sport.baseball,rec.sport.baseball,True,1.0,0.2476595420157537,
5281,comp.sys.ibm.pc.hardware,comp.sys.ibm.pc.hardware,True,1.0,0.2767340409918688,
5282,comp.graphics,comp.graphics,True,1.0,0.25393458298640326,
5283,talk.religion.misc,talk.politics.misc,False,0.54,0.25314795796293765,
5284,soc.religion.christian,soc.religion.christian,True,0.98,0.2504249589983374,
5285,comp.sys.ibm.pc.hardware,comp.sys.ibm.pc.hardware,True,1.0,0.31063783302670345,
5286,sci.space,sci.space,True,0.99,0.3086530829896219,
5287,talk.politics.mideast,talk.politics.misc,False,0.86,0.2687579169869423,
5288,talk.politics.mideast,talk.politics.mideast,True,1.0,0.253529375011567,
5289,rec.motorcycles,sci.electronics,False,0.24,0.3154729590169154,
5290,comp.os.ms-windows.misc,comp.sys.ibm.pc.hardware,False,0.41,0.37316870799986646,
5291,rec.motorcycles,rec.motorcycles,True,1.0,0.24232149997260422,
5292,rec.motorcycles,rec.motorcycles,True,1.0,0.24301245802780613,
5293,comp.os.ms-windows.misc,comp.os.ms-windows.misc,True,0.94,0.3114582499838434,
5294,rec.sport.hockey,rec.sport.hockey,True,1.0,0.26414137496612966,
5295,sci.space,sci.space,True,1.0,0.29013129096711054,
5296,sci.space,sci.electronics,False,1.0,0.23897875001421198,
5297,rec.sport.baseball,rec.sport.baseball,True,1.0,0.24422433297149837,
5298,misc.forsale,misc.forsale,True,1.0,0.275297167012468,
5299,alt.atheism,alt.atheism,True,0.73,0.3832729999558069,
5300,alt.atheism,alt.atheism,True,0.86,0.2842939579859376,
5301,comp.windows.x,comp.windows.x,True,1.0,0.23658270802116022,
5302,sci.crypt,sci.crypt,True,0.92,0.24066141701769084,
5303,rec.sport.hockey,comp.os.ms-windows.misc,False,0.72,0.22621937503572553,
5304,sci.space,sci.space,True,1.0,0.2861862910212949,
5305,talk.politics.guns,sci.space,False,0.79,0.26218799996422604,
5306,sci.med,sci.med,True,0.96,0.24203937500715256,
5307,rec.autos,sci.electronics,False,0.84,0.3467906250152737,
5308,rec.motorcycles,rec.motorcycles,True,0.6,0.24772924999706447,
5309,rec.sport.hockey,rec.sport.hockey,True,1.0,0.3178412910201587,
5310,comp.windows.x,comp.windows.x,True,0.99,0.24058079201495275,
5311,sci.med,sci.med,True,1.0,0.31406758399680257,
5312,rec.sport.baseball,comp.os.ms-windows.misc,False,0.32,0.3007431250298396,
5313,talk.politics.mideast,talk.politics.misc,False,0.99,0.3095927080139518,
5314,rec.sport.baseball,rec.sport.baseball,True,1.0,0.2630215840181336,
5315,comp.graphics,comp.graphics,True,1.0,0.25656599999638274,
5316,sci.electronics,sci.electronics,True,0.95,0.3030177910113707,
5317,rec.sport.hockey,rec.sport.hockey,True,1.0,0.2937365409452468,
5318,rec.motorcycles,talk.politics.misc,False,0.42,0.2900192500092089,
5319,sci.crypt,talk.politics.misc,False,0.46,0.2863240409642458,
5320,sci.space,sci.space,True,1.0,0.25724262499716133,
5321,sci.med,sci.med,True,1.0,0.3184619590174407,
5322,talk.politics.mideast,talk.politics.mideast,True,0.99,0.2993939580046572,
5323,sci.electronics,sci.electronics,True,1.0,0.27769908303162083,
5324,sci.space,sci.space,True,1.0,0.2742228749557398,
5325,rec.sport.hockey,rec.sport.hockey,True,1.0,0.25297575001604855,
5326,soc.religion.christian,soc.religion.christian,True,1.0,0.25630562502192333,
5327,rec.sport.hockey,rec.sport.hockey,True,1.0,0.2524880000273697,
5328,comp.sys.ibm.pc.hardware,comp.sys.ibm.pc.hardware,True,0.57,0.26358704204903916,
5329,talk.religion.misc,talk.politics.misc,False,0.97,0.28209954203339294,
5330,sci.med,sci.med,True,1.0,0.2980895420187153,
5331,misc.forsale,misc.forsale,True,0.91,0.2806822499842383,
5332,comp.sys.ibm.pc.hardware,comp.sys.ibm.pc.hardware,True,1.0,0.27308241702849045,
5333,talk.politics.guns,talk.politics.guns,True,0.83,0.2628623750060797,
5334,sci.space,sci.space,True,1.0,0.2766934579703957,
5335,rec.sport.hockey,rec.sport.hockey,True,1.0,0.29930641700048,
5336,comp.sys.ibm.pc.hardware,comp.os.ms-windows.misc,False,0.99,0.29068283399101347,
5337,misc.forsale,misc.forsale,True,1.0,0.27592195803299546,
5338,talk.politics.mideast,talk.politics.misc,False,0.53,0.32536937500117347,
5339,comp.os.ms-windows.misc,comp.os.ms-windows.misc,True,0.89,0.29074945900356397,
5340,sci.crypt,sci.crypt,True,1.0,0.24081574997399002,
5341,rec.motorcycles,rec.motorcycles,True,1.0,0.40345383301610127,
5342,rec.sport.baseball,rec.sport.baseball,True,1.0,0.392521083005704,
5343,alt.atheism,alt.atheism,True,0.22,0.2789722079760395,
5344,sci.med,sci.space,False,0.85,0.2522343330201693,
5345,misc.forsale,misc.forsale,True,1.0,0.23511212499579415,
5346,sci.electronics,sci.electronics,True,1.0,0.3513952500070445,
5347,talk.politics.misc,sci.med,False,0.77,0.3334311250364408,
5348,talk.religion.misc,talk.religion.misc,True,0.8,0.2601214160094969,
5349,misc.forsale,misc.forsale,True,1.0,0.25213512498885393,
5350,comp.windows.x,comp.graphics,False,0.77,0.32503075001295656,
5351,talk.politics.misc,talk.politics.misc,True,0.65,0.2651377079891972,
5352,misc.forsale,misc.forsale,True,1.0,0.35125987499486655,
5353,soc.religion.christian,soc.religion.christian,True,0.99,0.2915110000176355,
5354,soc.religion.christian,alt.atheism,False,0.95,0.25635962502565235,
5355,rec.motorcycles,rec.motorcycles,True,1.0,0.2840934169944376,
5356,talk.politics.mideast,talk.politics.misc,False,0.69,0.25001100002555177,
5357,alt.atheism,alt.atheism,True,1.0,0.24737858294975013,
5358,sci.electronics,sci.crypt,False,0.95,0.24317225004779175,
5359,alt.atheism,soc.religion.christian,False,0.85,0.3631966660032049,
5360,rec.autos,rec.autos,True,0.94,0.24920424999436364,
5361,talk.politics.mideast,talk.politics.misc,False,0.83,0.26107029104605317,
5362,misc.forsale,misc.forsale,True,0.92,0.27243283297866583,
5363,talk.politics.misc,talk.religion.misc,False,0.64,0.2482799999997951,
5364,talk.politics.mideast,talk.politics.mideast,True,1.0,0.2578443749807775,
5365,sci.electronics,sci.electronics,True,0.86,0.2922130419756286,
5366,sci.electronics,sci.electronics,True,1.0,0.2691743749892339,
5367,alt.atheism,talk.religion.misc,False,0.48,0.24844070797553286,
5368,sci.crypt,comp.os.ms-windows.misc,False,0.35,0.2376544579747133,
5369,comp.sys.ibm.pc.hardware,comp.sys.ibm.pc.hardware,True,1.0,0.2595792500069365,
5370,rec.sport.hockey,rec.sport.hockey,True,0.99,0.26615733397193253,
5371,sci.electronics,sci.electronics,True,0.29,0.26189362502191216,
5372,comp.windows.x,comp.windows.x,True,1.0,0.23743704200023785,
5373,comp.graphics,comp.graphics,True,1.0,0.25884724996285513,
5374,misc.forsale,misc.forsale,True,1.0,0.2699698329670355,
5375,comp.sys.mac.hardware,comp.sys.ibm.pc.hardware,False,0.87,0.27559562504757196,
5376,sci.space,comp.os.ms-windows.misc,False,0.32,0.275532583007589,
5377,talk.politics.mideast,talk.politics.mideast,True,1.0,0.44234399998094887,
5378,comp.os.ms-windows.misc,comp.sys.ibm.pc.hardware,False,0.92,0.28059237502748147,
5379,misc.forsale,comp.os.ms-windows.misc,False,0.33,0.3467030409956351,
5380,talk.politics.guns,talk.religion.misc,False,0.82,0.3348974160035141,
5381,talk.politics.misc,talk.politics.guns,False,0.88,0.25614304101327434,
5382,misc.forsale,misc.forsale,True,1.0,0.36714599997503683,
5383,comp.os.ms-windows.misc,comp.os.ms-windows.misc,True,0.98,0.2803166670491919,
5384,comp.windows.x,comp.windows.x,True,0.98,0.2930616249796003,
5385,talk.politics.misc,talk.politics.misc,True,0.92,0.3664741250104271,
5386,sci.crypt,sci.electronics,False,0.81,0.2438727499684319,
5387,soc.religion.christian,soc.religion.christian,True,0.99,0.31339099997421727,
5388,sci.electronics,sci.electronics,True,0.97,0.25484587502432987,
5389,talk.politics.guns,talk.politics.guns,True,1.0,0.2486564590362832,
5390,talk.politics.guns,talk.politics.guns,True,0.73,0.27802133397199214,
5391,comp.windows.x,comp.graphics,False,0.68,0.2795528330025263,
5392,sci.crypt,talk.politics.guns,False,0.69,0.27637387497816235,
5393,soc.religion.christian,alt.atheism,False,1.0,0.2650253750034608,
5394,misc.forsale,misc.forsale,True,0.88,0.2617842910112813,
5395,alt.atheism,alt.atheism,True,0.85,0.24622462497791275,
5396,talk.religion.misc,talk.politics.misc,False,0.18,0.30390370899112895,
5397,alt.atheism,soc.religion.christian,False,0.94,0.23331491695716977,
5398,sci.electronics,sci.electronics,True,0.51,0.27877920801984146,
5399,alt.atheism,alt.atheism,True,0.87,0.2717354170163162,
5400,sci.electronics,sci.electronics,True,1.0,0.23588433297118172,
5401,rec.motorcycles,rec.motorcycles,True,1.0,0.2997113749734126,
5402,comp.os.ms-windows.misc,comp.os.ms-windows.misc,True,0.98,0.2289389169891365,
5403,comp.graphics,comp.graphics,True,1.0,0.365109583013691,
5404,comp.sys.mac.hardware,comp.sys.mac.hardware,True,1.0,0.2537424589972943,
5405,rec.sport.hockey,rec.sport.hockey,True,1.0,0.350478624983225,
5406,talk.politics.misc,talk.politics.misc,True,0.41,0.32855516602285206,
5407,talk.politics.guns,talk.politics.misc,False,0.65,0.28212041698861867,
5408,comp.os.ms-windows.misc,comp.os.ms-windows.misc,True,0.84,0.2633405829546973,
5409,rec.sport.hockey,rec.sport.hockey,True,1.0,0.25145112501922995,
5410,soc.religion.christian,soc.religion.christian,True,0.89,0.2730047919903882,
5411,talk.religion.misc,soc.religion.christian,False,0.99,0.2572245419723913,
5412,alt.atheism,alt.atheism,True,0.96,0.2903970000334084,
5413,rec.sport.baseball,rec.sport.baseball,True,1.0,0.2455714590032585,
5414,sci.space,sci.space,True,0.91,0.23240616702241823,
5415,comp.sys.mac.hardware,comp.sys.mac.hardware,True,1.0,0.46681737498147413,
5416,comp.os.ms-windows.misc,comp.sys.ibm.pc.hardware,False,0.58,0.226555917004589,
5417,misc.forsale,misc.forsale,True,0.53,0.3192117090220563,
5418,comp.graphics,comp.graphics,True,0.93,0.3386637080111541,
5419,comp.windows.x,comp.windows.x,True,1.0,0.2588584159966558,
5420,rec.sport.hockey,rec.sport.hockey,True,1.0,0.2774894169997424,
5421,talk.politics.misc,talk.politics.misc,True,1.0,0.27828695898642763,
5422,comp.os.ms-windows.misc,comp.os.ms-windows.misc,True,0.98,0.2630725839990191,
5423,comp.windows.x,comp.graphics,False,0.63,0.36221987497992814,
5424,comp.sys.ibm.pc.hardware,comp.os.ms-windows.misc,False,0.99,0.25455254199914634,
5425,sci.electronics,sci.electronics,True,1.0,0.2481252079596743,
5426,sci.space,sci.space,True,1.0,0.2537899590097368,
5427,alt.atheism,comp.os.ms-windows.misc,False,0.34,0.2293301669997163,
5428,talk.politics.guns,talk.politics.guns,True,0.95,0.2447560840519145,
5429,alt.atheism,talk.politics.misc,False,0.61,0.2356071249814704,
5430,comp.sys.ibm.pc.hardware,comp.sys.ibm.pc.hardware,True,1.0,0.29172516701510176,
5431,sci.crypt,sci.crypt,True,1.0,0.25770008302060887,
5432,alt.atheism,alt.atheism,True,0.89,0.2504290409851819,
5433,misc.forsale,misc.forsale,True,1.0,0.3419810420018621,
5434,comp.sys.ibm.pc.hardware,comp.sys.ibm.pc.hardware,True,0.99,0.28946154098957777,
5435,comp.windows.x,comp.windows.x,True,1.0,0.4024849580018781,
5436,comp.os.ms-windows.misc,comp.sys.ibm.pc.hardware,False,0.72,0.2748549999669194,
5437,sci.electronics,rec.motorcycles,False,0.39,0.25053712498629466,
5438,talk.politics.guns,talk.politics.guns,True,1.0,0.28924804204143584,
5439,misc.forsale,misc.forsale,True,0.99,0.2824632079573348,
5440,comp.windows.x,comp.windows.x,True,1.0,0.24389174999669194,
5441,rec.sport.hockey,talk.politics.misc,False,0.13,0.3064874589908868,
5442,comp.sys.ibm.pc.hardware,comp.os.ms-windows.misc,False,0.51,0.27853266696911305,
5443,talk.politics.guns,comp.os.ms-windows.misc,False,0.29,0.2290731249959208,
5444,comp.windows.x,comp.windows.x,True,0.64,0.2437539579696022,
5445,comp.graphics,comp.graphics,True,1.0,0.253903083037585,
5446,talk.religion.misc,soc.religion.christian,False,0.93,0.2910656669992022,
5447,misc.forsale,misc.forsale,True,0.9,0.26494758296757936,
5448,comp.os.ms-windows.misc,comp.os.ms-windows.misc,True,0.85,0.31732395803555846,
5449,comp.sys.ibm.pc.hardware,comp.sys.ibm.pc.hardware,True,1.0,0.3029522500000894,
5450,talk.politics.misc,talk.politics.misc,True,1.0,0.2832704579923302,
5451,sci.med,sci.med,True,1.0,0.702501708001364,
5452,talk.politics.mideast,talk.politics.mideast,True,1.0,0.2923637080239132,
5453,sci.crypt,sci.electronics,False,0.92,0.2500845000031404,
5454,comp.sys.mac.hardware,sci.crypt,False,0.25,0.28452474996447563,
5455,rec.autos,rec.autos,True,1.0,0.2821322079980746,
5456,sci.crypt,sci.med,False,0.41,0.2623589590075426,
5457,sci.electronics,sci.electronics,True,0.73,0.272083957970608,
5458,sci.electronics,comp.os.ms-windows.misc,False,0.37,0.27603633399121463,
5459,comp.sys.ibm.pc.hardware,comp.sys.ibm.pc.hardware,True,0.92,0.231956584029831,
5460,talk.politics.mideast,talk.politics.mideast,True,1.0,0.2810457079904154,
5461,rec.sport.hockey,rec.sport.hockey,True,0.92,0.2776882920297794,
5462,comp.os.ms-windows.misc,comp.os.ms-windows.misc,True,0.98,0.3822354589938186,
5463,talk.religion.misc,soc.religion.christian,False,0.77,0.23884470795746893,
5464,rec.sport.baseball,rec.sport.baseball,True,1.0,0.31765841698506847,
5465,talk.politics.mideast,talk.politics.mideast,True,1.0,0.27947616699384525,
5466,talk.politics.guns,talk.politics.misc,False,0.39,0.2802024169941433,
5467,sci.electronics,sci.electronics,True,1.0,0.31181487505091354,
5468,soc.religion.christian,soc.religion.christian,True,0.99,0.2582623749622144,
5469,sci.space,sci.space,True,1.0,0.3129362919717096,
5470,comp.sys.ibm.pc.hardware,comp.os.ms-windows.misc,False,0.32,0.25113637500908226,
5471,sci.electronics,sci.electronics,True,0.9,0.27082358399638906,
5472,comp.windows.x,comp.windows.x,True,1.0,0.24350449995836243,
5473,sci.electronics,sci.electronics,True,0.9,0.27982562500983477,
5474,talk.politics.mideast,talk.politics.mideast,True,0.88,0.2723090830259025,
5475,rec.autos,rec.autos,True,1.0,0.26341299997875467,
5476,sci.space,talk.politics.misc,False,0.5,0.27423841698328033,
5477,sci.crypt,sci.crypt,True,0.89,0.2552727090078406,
5478,comp.sys.mac.hardware,comp.windows.x,False,0.88,0.2736082090414129,
5479,sci.electronics,talk.politics.misc,False,0.94,0.24958374997368082,
5480,sci.electronics,sci.electronics,True,1.0,0.2751007500337437,
5481,comp.windows.x,comp.windows.x,True,0.94,0.29801237501669675,
5482,soc.religion.christian,soc.religion.christian,True,0.99,0.2739671670133248,
5483,sci.crypt,talk.politics.guns,False,0.99,0.25300399999832734,
5484,talk.politics.mideast,talk.politics.misc,False,0.98,0.2908451250405051,
5485,talk.politics.guns,talk.politics.guns,True,0.82,0.29230287502286956,
5486,sci.electronics,sci.electronics,True,1.0,0.25361595797585323,
5487,misc.forsale,misc.forsale,True,0.55,0.4383662919863127,
5488,misc.forsale,talk.politics.misc,False,0.25,0.2769347080029547,
5489,comp.sys.mac.hardware,comp.sys.mac.hardware,True,0.6,0.29829891701228917,
5490,misc.forsale,misc.forsale,True,0.96,0.2670850419672206,
5491,comp.sys.mac.hardware,comp.sys.ibm.pc.hardware,False,0.85,0.39508587500313297,
5492,rec.autos,rec.autos,True,1.0,0.23238358303206041,
5493,comp.sys.ibm.pc.hardware,comp.sys.ibm.pc.hardware,True,0.99,0.24454041704302654,
5494,rec.motorcycles,talk.politics.misc,False,0.2,0.28877275000559166,
5495,talk.politics.guns,talk.politics.misc,False,0.96,0.2795987499994226,
5496,alt.atheism,alt.atheism,True,0.39,0.30108424997888505,
5497,comp.sys.ibm.pc.hardware,comp.sys.ibm.pc.hardware,True,0.56,0.3332716249860823,
5498,comp.os.ms-windows.misc,comp.sys.ibm.pc.hardware,False,1.0,0.3192907079937868,
5499,sci.crypt,sci.crypt,True,1.0,0.24105816701194271,
5500,sci.crypt,comp.os.ms-windows.misc,False,0.36,0.2800395420053974,
5501,comp.os.ms-windows.misc,comp.os.ms-windows.misc,True,0.85,0.278468000004068,
5502,rec.motorcycles,rec.motorcycles,True,1.0,0.2765198749839328,
5503,alt.atheism,talk.religion.misc,False,0.36,0.28107412497047335,
5504,comp.os.ms-windows.misc,comp.os.ms-windows.misc,True,1.0,0.2549804999725893,
5505,sci.space,sci.space,True,1.0,0.43856108403997496,
5506,comp.sys.ibm.pc.hardware,comp.sys.ibm.pc.hardware,True,0.92,0.2545954590314068,
5507,alt.atheism,talk.religion.misc,False,0.62,0.31191524997120723,
5508,sci.crypt,sci.crypt,True,0.98,0.24427341698901728,
5509,comp.sys.ibm.pc.hardware,comp.graphics,False,0.46,0.29211374995065853,
5510,soc.religion.christian,soc.religion.christian,True,0.97,0.289111582969781,
5511,sci.crypt,talk.politics.misc,False,0.95,0.2374050000216812,
5512,sci.electronics,sci.electronics,True,0.82,0.2331654170411639,
5513,sci.electronics,sci.electronics,True,0.5,0.2837391250068322,
5514,talk.politics.misc,talk.politics.guns,False,0.7,0.2520224579493515,
5515,misc.forsale,misc.forsale,True,1.0,0.2969095419975929,
5516,sci.electronics,sci.space,False,1.0,0.25345270900288597,
5517,rec.motorcycles,rec.motorcycles,True,1.0,0.2406655420199968,
5518,comp.graphics,comp.graphics,True,1.0,0.2643966669565998,
5519,comp.os.ms-windows.misc,comp.os.ms-windows.misc,True,1.0,0.2745245830155909,
5520,comp.sys.ibm.pc.hardware,comp.sys.ibm.pc.hardware,True,0.99,0.29006554099032655,
5521,talk.politics.mideast,talk.politics.mideast,True,0.58,0.27102524996735156,
5522,talk.politics.misc,talk.politics.mideast,False,0.92,0.31394558399915695,
5523,soc.religion.christian,soc.religion.christian,True,0.84,0.29480716603575274,
5524,rec.sport.hockey,rec.sport.hockey,True,1.0,0.35418745898641646,
5525,soc.religion.christian,soc.religion.christian,True,0.97,0.25126312498468906,
5526,talk.politics.guns,talk.politics.misc,False,0.94,0.2773453330155462,
5527,talk.politics.misc,comp.os.ms-windows.misc,False,0.24,0.28074570797616616,
5528,comp.windows.x,comp.windows.x,True,1.0,0.273650000046473,
5529,sci.crypt,sci.crypt,True,0.99,0.3637230829917826,
5530,talk.politics.misc,talk.politics.misc,True,0.99,0.4369558749604039,
5531,alt.atheism,sci.space,False,0.28,0.2887195420335047,
5532,comp.sys.ibm.pc.hardware,talk.politics.misc,False,0.74,0.24662216700380668,
5533,alt.atheism,talk.politics.misc,False,0.39,0.2507608750020154,
5534,talk.politics.misc,sci.crypt,False,0.47,0.26689212495693937,
5535,comp.sys.ibm.pc.hardware,comp.sys.ibm.pc.hardware,True,1.0,0.3101804999751039,
5536,comp.os.ms-windows.misc,comp.sys.ibm.pc.hardware,False,0.47,0.2778028329485096,
5537,comp.sys.mac.hardware,comp.sys.mac.hardware,True,0.47,0.29125424998346716,
5538,rec.autos,rec.autos,True,1.0,0.274234666954726,
5539,sci.med,sci.med,True,1.0,0.2814546250156127,
5540,comp.windows.x,comp.windows.x,True,1.0,0.2411483750329353,
5541,comp.windows.x,comp.windows.x,True,0.99,0.25544820801587775,
5542,misc.forsale,misc.forsale,True,0.57,0.2930863330257125,
5543,sci.med,sci.med,True,1.0,0.29813779197866097,
5544,alt.atheism,talk.religion.misc,False,0.23,0.26872141601052135,
5545,talk.politics.guns,talk.religion.misc,False,0.36,0.24856233299942687,
5546,rec.autos,comp.os.ms-windows.misc,False,0.32,0.43130591697990894,
5547,talk.politics.guns,talk.politics.misc,False,0.91,0.29380037501687184,
5548,sci.electronics,sci.electronics,True,1.0,0.24869012500857934,
5549,comp.windows.x,comp.windows.x,True,1.0,0.2787910840124823,
5550,comp.graphics,comp.graphics,True,0.96,0.35444379097316414,
5551,comp.windows.x,comp.windows.x,True,0.96,0.35441258299397305,
5552,comp.sys.mac.hardware,comp.sys.mac.hardware,True,1.0,0.24288637499557808,
5553,comp.sys.mac.hardware,comp.sys.mac.hardware,True,0.39,0.28086316597182304,
5554,soc.religion.christian,soc.religion.christian,True,0.99,0.2740265000029467,
5555,rec.sport.hockey,rec.sport.hockey,True,1.0,0.3012522920034826,
5556,rec.sport.hockey,rec.sport.hockey,True,1.0,0.27265504200477153,
5557,rec.sport.baseball,rec.sport.baseball,True,1.0,0.26500454102642834,
5558,soc.religion.christian,alt.atheism,False,0.66,0.32166391698410735,
5559,misc.forsale,talk.politics.misc,False,0.42,0.2924754580017179,
5560,talk.politics.guns,sci.space,False,0.7,0.2645297920098528,
5561,comp.os.ms-windows.misc,comp.graphics,False,0.92,0.2941385409794748,
5562,comp.sys.mac.hardware,comp.sys.mac.hardware,True,0.96,0.24964629102032632,
5563,rec.sport.hockey,rec.sport.hockey,True,1.0,0.24097387498477474,
5564,comp.sys.ibm.pc.hardware,comp.sys.ibm.pc.hardware,True,1.0,0.25204783299705014,
5565,talk.politics.guns,talk.politics.misc,False,0.73,0.268208916997537,
5566,rec.autos,rec.autos,True,0.97,0.26975695800501853,
5567,comp.sys.mac.hardware,comp.sys.mac.hardware,True,1.0,0.259071665990632,
5568,rec.motorcycles,rec.motorcycles,True,0.99,0.2523536250228062,
5569,comp.sys.mac.hardware,comp.os.ms-windows.misc,False,0.34,0.3012358749983832,
5570,comp.sys.mac.hardware,comp.sys.mac.hardware,True,0.97,0.27781958400737494,
5571,rec.sport.hockey,rec.sport.hockey,True,1.0,0.37403766700299457,
5572,talk.politics.guns,talk.politics.guns,True,0.8,0.25391149998176843,
5573,rec.sport.baseball,rec.sport.baseball,True,1.0,0.24541241605766118,
5574,soc.religion.christian,soc.religion.christian,True,1.0,0.27691633300855756,
5575,comp.graphics,sci.space,False,0.92,0.2936805419740267,
5576,rec.sport.baseball,rec.sport.baseball,True,1.0,0.2790662920451723,
5577,sci.crypt,sci.crypt,True,1.0,0.4013218749896623,
5578,soc.religion.christian,soc.religion.christian,True,0.99,0.27182195900240913,
5579,comp.windows.x,comp.windows.x,True,1.0,0.390531542012468,
5580,rec.motorcycles,rec.autos,False,0.6,0.3755110829952173,
5581,rec.motorcycles,rec.motorcycles,True,1.0,0.2653747089789249,
5582,rec.autos,rec.autos,True,1.0,0.2741325829993002,
5583,comp.graphics,sci.crypt,False,0.86,0.2942214590148069,
5584,alt.atheism,talk.politics.misc,False,0.91,0.2692864580312744,
5585,talk.politics.misc,talk.politics.misc,True,0.52,0.2445260409731418,
5586,talk.religion.misc,talk.religion.misc,True,0.44,0.2991114589967765,
5587,comp.graphics,comp.windows.x,False,0.63,0.2559997499920428,
5588,talk.religion.misc,alt.atheism,False,0.45,0.2933247089968063,
5589,sci.space,sci.space,True,1.0,0.23725300002843142,
5590,rec.motorcycles,rec.motorcycles,True,0.7,0.28515266603790224,
5591,rec.autos,rec.autos,True,1.0,0.23616074997698888,
5592,sci.electronics,misc.forsale,False,0.82,0.26059795799665153,
5593,talk.religion.misc,talk.religion.misc,True,0.42,0.2557366659748368,
5594,rec.sport.hockey,rec.sport.baseball,False,0.46,0.3444920410402119,
5595,misc.forsale,misc.forsale,True,1.0,0.29447633400559425,
5596,comp.windows.x,comp.windows.x,True,1.0,0.2554548329790123,
5597,soc.religion.christian,soc.religion.christian,True,0.97,0.25982775003649294,
5598,alt.atheism,talk.politics.misc,False,0.93,0.2757154169958085,
5599,comp.sys.ibm.pc.hardware,comp.sys.ibm.pc.hardware,True,0.99,0.2502293750294484,
5600,sci.med,sci.electronics,False,0.58,0.38253312499728054,
5601,comp.windows.x,comp.graphics,False,0.7,0.2697617919766344,
5602,alt.atheism,talk.religion.misc,False,0.53,0.23831820802297443,
5603,soc.religion.christian,soc.religion.christian,True,0.43,0.2770781249855645,
5604,talk.religion.misc,talk.religion.misc,True,0.53,0.25322283298010007,
5605,rec.sport.baseball,comp.os.ms-windows.misc,False,0.3,0.3278026669868268,
5606,talk.politics.misc,talk.politics.misc,True,0.55,0.27984991599805653,
5607,sci.space,sci.space,True,1.0,0.27885054203215986,
5608,sci.med,sci.med,True,1.0,0.24953758396441117,
5609,comp.os.ms-windows.misc,comp.os.ms-windows.misc,True,0.99,0.2552680000080727,
5610,comp.os.ms-windows.misc,comp.os.ms-windows.misc,True,1.0,0.2970520000089891,
5611,sci.electronics,sci.electronics,True,1.0,0.2863245829939842,
5612,sci.crypt,sci.crypt,True,1.0,0.26789241697406396,
5613,comp.os.ms-windows.misc,talk.politics.misc,False,0.24,0.37349912500940263,
5614,comp.sys.ibm.pc.hardware,talk.politics.misc,False,0.28,0.2546656250488013,
5615,soc.religion.christian,comp.os.ms-windows.misc,False,0.3,0.26644837501225993,
5616,comp.graphics,comp.graphics,True,1.0,0.28044491598848253,
5617,sci.crypt,sci.crypt,True,1.0,0.2833879169775173,
5618,sci.crypt,comp.sys.ibm.pc.hardware,False,0.5,0.26624833402456716,
5619,misc.forsale,misc.forsale,True,0.84,0.30463629198493436,
5620,comp.graphics,comp.graphics,True,1.0,0.28660875000059605,
5621,rec.autos,rec.autos,True,0.99,0.33769783400930464,
5622,comp.windows.x,comp.windows.x,True,0.99,0.3126253330265172,
5623,comp.sys.mac.hardware,sci.electronics,False,0.79,0.30303495802218094,
5624,talk.politics.misc,talk.politics.misc,True,1.0,0.23131720902165398,
5625,comp.os.ms-windows.misc,comp.sys.ibm.pc.hardware,False,0.71,0.26673666696297005,
5626,rec.motorcycles,rec.autos,False,0.57,0.22134608402848244,
5627,rec.sport.baseball,talk.politics.misc,False,0.3,0.25079779099905863,
5628,sci.electronics,misc.forsale,False,0.63,0.26399937499081716,
5629,talk.politics.guns,talk.politics.misc,False,0.81,0.2671223329962231,
5630,rec.sport.baseball,rec.sport.baseball,True,1.0,0.24374516698298976,
5631,misc.forsale,misc.forsale,True,0.95,0.4749178340425715,
5632,sci.electronics,sci.electronics,True,0.91,0.24352941696997732,
5633,rec.motorcycles,rec.motorcycles,True,0.96,0.2963894999702461,
5634,talk.politics.guns,talk.politics.misc,False,0.76,0.2892240840010345,
5635,talk.politics.guns,talk.politics.guns,True,0.89,0.31680249999044463,
5636,rec.motorcycles,rec.motorcycles,True,0.65,0.2576959580183029,
5637,misc.forsale,misc.forsale,True,1.0,0.25942387495888397,
5638,comp.sys.ibm.pc.hardware,comp.sys.mac.hardware,False,0.43,0.2411985420039855,
5639,talk.religion.misc,talk.religion.misc,True,0.45,0.3429894999717362,
5640,talk.politics.guns,talk.politics.misc,False,0.64,0.3410312499618158,
5641,sci.med,sci.space,False,0.26,0.32849991699913517,
5642,talk.politics.misc,sci.med,False,0.77,0.364947458030656,
5643,soc.religion.christian,soc.religion.christian,True,0.86,0.2878479170030914,
5644,rec.autos,rec.autos,True,1.0,0.30988020804943517,
5645,talk.politics.guns,talk.politics.guns,True,0.99,0.2934622499742545,
5646,rec.sport.baseball,rec.sport.baseball,True,1.0,0.24047458299901336,
5647,sci.crypt,sci.crypt,True,1.0,0.26189862500177696,
5648,sci.electronics,sci.electronics,True,1.0,0.3117935420013964,
5649,talk.politics.misc,talk.politics.misc,True,0.86,0.2438869159668684,
5650,comp.sys.ibm.pc.hardware,comp.sys.ibm.pc.hardware,True,0.99,0.23416445800103247,
5651,rec.motorcycles,comp.os.ms-windows.misc,False,0.4,0.2384043339989148,
5652,sci.electronics,sci.electronics,True,0.99,0.25256891699973494,
5653,comp.sys.ibm.pc.hardware,misc.forsale,False,0.84,0.35825987497810274,
5654,talk.politics.mideast,talk.politics.mideast,True,1.0,0.2958891249727458,
5655,talk.politics.guns,talk.politics.guns,True,0.69,0.28018916700966656,
5656,comp.os.ms-windows.misc,comp.os.ms-windows.misc,True,1.0,0.24764562502969056,
5657,talk.politics.mideast,talk.politics.mideast,True,0.85,0.2493832499603741,
5658,talk.politics.mideast,talk.politics.mideast,True,0.87,0.3181049170088954,
5659,misc.forsale,misc.forsale,True,1.0,0.27536466700257733,
5660,misc.forsale,misc.forsale,True,0.81,0.29901658301241696,
5661,sci.space,sci.med,False,0.51,0.47677125001791865,
5662,talk.politics.mideast,talk.politics.mideast,True,1.0,0.26447337499121204,
5663,talk.politics.misc,talk.politics.misc,True,0.43,0.25947829196229577,
5664,sci.med,sci.med,True,1.0,0.24844687496079132,
5665,talk.politics.misc,talk.politics.misc,True,0.98,0.30034383304882795,
5666,misc.forsale,misc.forsale,True,0.96,0.28627674997551367,
5667,talk.politics.misc,talk.politics.misc,True,0.69,0.27776708302553743,
5668,rec.sport.baseball,rec.sport.baseball,True,1.0,0.37399366596946493,
5669,comp.os.ms-windows.misc,comp.os.ms-windows.misc,True,1.0,0.2781807910068892,
5670,talk.religion.misc,soc.religion.christian,False,0.53,0.43563858402194455,
5671,talk.religion.misc,alt.atheism,False,0.89,0.2882846660213545,
5672,comp.os.ms-windows.misc,comp.os.ms-windows.misc,True,0.93,0.2857332500279881,
5673,comp.os.ms-windows.misc,comp.os.ms-windows.misc,True,1.0,0.26993137499084696,
5674,sci.space,sci.space,True,1.0,0.25335316598648205,
5675,sci.electronics,rec.autos,False,1.0,0.24598904099548236,
5676,talk.politics.mideast,talk.politics.mideast,True,0.7,0.29027916700579226,
5677,sci.space,talk.politics.misc,False,0.79,0.3043663750286214,
5678,misc.forsale,misc.forsale,True,1.0,0.38230020803166553,
5679,soc.religion.christian,soc.religion.christian,True,0.77,0.25653983402298763,
5680,soc.religion.christian,soc.religion.christian,True,0.99,0.271466167003382,
5681,sci.crypt,sci.crypt,True,1.0,0.30703341704793274,
5682,rec.sport.hockey,rec.sport.hockey,True,1.0,0.2751862080185674,
5683,sci.crypt,talk.politics.misc,False,0.54,0.3055575839825906,
5684,talk.politics.guns,talk.politics.guns,True,0.83,0.2510164999985136,
5685,soc.religion.christian,soc.religion.christian,True,0.98,0.2919572499813512,
5686,rec.sport.baseball,rec.sport.baseball,True,1.0,0.2769979169825092,
5687,comp.graphics,comp.sys.ibm.pc.hardware,False,0.53,0.2697481249924749,
5688,comp.windows.x,comp.os.ms-windows.misc,False,0.37,0.2900774590088986,
5689,comp.graphics,comp.graphics,True,1.0,0.2585230839904398,
5690,rec.sport.hockey,rec.sport.hockey,True,0.98,0.3303027499932796,
5691,rec.sport.hockey,rec.sport.baseball,False,0.82,0.28098887496162206,
5692,misc.forsale,misc.forsale,True,0.94,0.2814894579933025,
5693,talk.religion.misc,sci.space,False,0.99,0.42069545801496133,
5694,comp.windows.x,comp.windows.x,True,1.0,0.26001058297697455,
5695,rec.sport.baseball,rec.sport.baseball,True,1.0,0.36750662501435727,
5696,rec.autos,rec.autos,True,0.95,0.362743541947566,
5697,comp.sys.mac.hardware,comp.sys.mac.hardware,True,1.0,0.3420267080073245,
5698,alt.atheism,talk.religion.misc,False,0.83,0.327242249972187,
5699,comp.os.ms-windows.misc,talk.politics.misc,False,0.99,0.33441216696519405,
5700,comp.os.ms-windows.misc,comp.os.ms-windows.misc,True,1.0,0.2992555840173736,
5701,soc.religion.christian,soc.religion.christian,True,0.64,0.27559800003655255,
5702,rec.motorcycles,rec.motorcycles,True,0.99,0.2485831250087358,
5703,rec.autos,rec.autos,True,1.0,0.2627851669676602,
5704,sci.electronics,rec.autos,False,0.62,0.2408257499919273,
5705,rec.sport.baseball,rec.sport.baseball,True,1.0,0.27604429196799174,
5706,comp.graphics,comp.graphics,True,0.95,0.2785924579948187,
5707,sci.electronics,sci.electronics,True,0.87,0.23884912504581735,
5708,rec.autos,rec.autos,True,0.99,0.2539530409849249,
5709,talk.politics.misc,talk.politics.misc,True,0.84,0.2884386659716256,
5710,comp.graphics,comp.graphics,True,1.0,0.3114868329721503,
5711,alt.atheism,alt.atheism,True,0.96,0.39090812497306615,
5712,talk.politics.mideast,talk.politics.mideast,True,1.0,0.28681766701629385,
5713,talk.politics.misc,talk.politics.misc,True,0.76,0.25272975000552833,
5714,sci.space,sci.space,True,1.0,0.2864954590331763,
5715,comp.os.ms-windows.misc,comp.os.ms-windows.misc,True,0.6,0.26035945903277025,
5716,talk.religion.misc,alt.atheism,False,0.57,0.2711046249605715,
5717,rec.autos,comp.os.ms-windows.misc,False,0.34,0.30930795799940825,
5718,rec.motorcycles,rec.motorcycles,True,0.99,0.3101000830065459,
5719,rec.sport.hockey,rec.sport.hockey,True,1.0,0.2611175829661079,
5720,rec.motorcycles,rec.motorcycles,True,1.0,0.32277699996484444,
5721,comp.windows.x,comp.graphics,False,1.0,0.24766183301107958,
5722,talk.politics.misc,talk.politics.misc,True,0.99,0.2894327089888975,
5723,rec.sport.hockey,rec.sport.hockey,True,1.0,0.2650356669910252,
5724,comp.graphics,comp.graphics,True,1.0,0.2975872499519028,
5725,comp.os.ms-windows.misc,comp.os.ms-windows.misc,True,0.98,0.24474395799916238,
5726,rec.motorcycles,rec.motorcycles,True,1.0,0.29566183395218104,
5727,sci.electronics,comp.sys.mac.hardware,False,0.48,0.23860483296448365,
5728,rec.sport.hockey,rec.sport.hockey,True,1.0,0.2797098329756409,
5729,sci.med,sci.med,True,1.0,0.29905329103348777,
5730,talk.politics.mideast,talk.politics.misc,False,0.32,0.24934825004311278,
5731,talk.politics.mideast,talk.politics.mideast,True,0.99,0.30259658402064815,
5732,sci.space,comp.graphics,False,0.48,0.321449416980613,
5733,comp.sys.mac.hardware,comp.sys.ibm.pc.hardware,False,0.5,0.30367258295882493,
5734,comp.sys.mac.hardware,comp.sys.mac.hardware,True,1.0,0.30633895902428776,
5735,talk.politics.guns,talk.politics.guns,True,0.63,0.2595613749581389,
5736,comp.os.ms-windows.misc,comp.sys.mac.hardware,False,1.0,0.2942503340309486,
5737,rec.sport.baseball,rec.sport.baseball,True,1.0,0.3399545839638449,
5738,talk.religion.misc,talk.politics.misc,False,0.41,0.2452924579847604,
5739,comp.os.ms-windows.misc,comp.sys.ibm.pc.hardware,False,1.0,0.2604106250219047,
5740,sci.space,comp.graphics,False,0.9,0.3030629580025561,
5741,comp.os.ms-windows.misc,comp.os.ms-windows.misc,True,0.99,0.3245742919971235,
5742,rec.autos,rec.autos,True,1.0,0.2465789580019191,
5743,sci.med,misc.forsale,False,0.58,0.2769075000542216,
5744,talk.politics.guns,talk.politics.guns,True,0.99,0.28827508399263024,
5745,soc.religion.christian,soc.religion.christian,True,0.86,0.3712628749781288,
5746,rec.sport.baseball,rec.sport.baseball,True,1.0,0.2727347500040196,
5747,misc.forsale,comp.os.ms-windows.misc,False,0.33,0.2547668750048615,
5748,sci.med,sci.med,True,0.95,0.25538087502354756,
5749,sci.med,sci.med,True,1.0,0.2667002499802038,
5750,comp.graphics,comp.graphics,True,1.0,0.2973616669769399,
5751,rec.autos,rec.autos,True,1.0,0.30872679100139067,
5752,rec.sport.hockey,rec.sport.hockey,True,0.99,0.2849320829845965,
5753,rec.sport.hockey,rec.sport.hockey,True,1.0,0.25077062495984137,
5754,rec.sport.baseball,talk.politics.misc,False,0.16,0.24126866599544883,
5755,rec.motorcycles,rec.motorcycles,True,0.64,0.33572479197755456,
5756,sci.space,sci.space,True,0.82,0.33319283300079405,
5757,misc.forsale,misc.forsale,True,0.99,0.3056353330030106,
5758,comp.windows.x,comp.windows.x,True,1.0,0.2856184169650078,
5759,comp.graphics,comp.graphics,True,0.78,0.24232020898489282,
5760,comp.graphics,comp.graphics,True,1.0,0.23903420800343156,
5761,sci.space,sci.electronics,False,0.99,0.2513246250455268,
5762,comp.sys.mac.hardware,comp.sys.mac.hardware,True,0.95,0.259754958038684,
5763,comp.os.ms-windows.misc,comp.os.ms-windows.misc,True,0.97,0.4338409170159139,
5764,soc.religion.christian,soc.religion.christian,True,0.89,0.24842020799405873,
5765,soc.religion.christian,soc.religion.christian,True,0.99,0.24591170903295279,
5766,rec.motorcycles,rec.motorcycles,True,0.98,0.3079569999827072,
5767,comp.os.ms-windows.misc,comp.os.ms-windows.misc,True,0.32,0.3643790829810314,
5768,comp.sys.ibm.pc.hardware,comp.sys.ibm.pc.hardware,True,1.0,0.25021812500199303,
5769,soc.religion.christian,soc.religion.christian,True,0.69,0.30933008302235976,
5770,rec.sport.hockey,rec.sport.hockey,True,0.99,0.3601977500366047,
5771,comp.os.ms-windows.misc,comp.os.ms-windows.misc,True,0.95,0.31655766599578783,
5772,comp.graphics,comp.graphics,True,0.64,0.22872541699325666,
5773,soc.religion.christian,talk.politics.misc,False,0.96,0.24279566603945568,
5774,sci.crypt,sci.crypt,True,0.99,0.2463630409911275,
5775,rec.sport.hockey,rec.sport.hockey,True,1.0,0.2634362090029754,
5776,sci.crypt,sci.crypt,True,0.96,0.26029016595566645,
5777,rec.sport.baseball,rec.sport.baseball,True,1.0,0.29262700001709163,
5778,rec.sport.baseball,rec.sport.baseball,True,1.0,0.26424854202196,
5779,talk.politics.guns,talk.politics.misc,False,0.55,0.4279785000253469,
5780,sci.med,sci.med,True,1.0,0.304051042010542,
5781,comp.os.ms-windows.misc,comp.os.ms-windows.misc,True,1.0,0.3828618330298923,
5782,rec.sport.baseball,rec.sport.baseball,True,1.0,0.36249079200206324,
5783,comp.graphics,comp.graphics,True,0.9,0.3259167920332402,
5784,sci.med,sci.med,True,1.0,0.2980039590038359,
5785,comp.os.ms-windows.misc,comp.os.ms-windows.misc,True,0.82,0.28481287497561425,
5786,talk.religion.misc,talk.religion.misc,True,0.94,0.27906404196983203,
5787,comp.sys.ibm.pc.hardware,comp.os.ms-windows.misc,False,0.33,0.28529737499775365,
5788,talk.politics.mideast,talk.politics.mideast,True,1.0,0.30402874998981133,
5789,rec.sport.baseball,rec.sport.baseball,True,1.0,0.2820859160274267,
5790,sci.electronics,sci.electronics,True,1.0,0.3035242080222815,
5791,comp.sys.mac.hardware,comp.sys.mac.hardware,True,1.0,0.28165279200766236,
5792,sci.space,sci.space,True,0.98,0.26051074999850243,
5793,sci.med,sci.med,True,1.0,0.3168825829634443,
5794,misc.forsale,comp.sys.mac.hardware,False,0.87,0.29297154099913314,
5795,sci.space,sci.space,True,0.97,0.26335066702449694,
5796,comp.sys.ibm.pc.hardware,comp.sys.ibm.pc.hardware,True,1.0,0.28106649999972433,
5797,comp.windows.x,comp.windows.x,True,0.94,0.2533477079705335,
5798,comp.graphics,comp.graphics,True,1.0,0.26455424999585375,
5799,comp.graphics,comp.graphics,True,0.66,0.3065421669743955,
5800,comp.sys.mac.hardware,comp.windows.x,False,0.75,0.262538000009954,
5801,talk.politics.guns,talk.politics.misc,False,0.66,0.2414124999777414,
5802,rec.autos,sci.electronics,False,0.99,0.26857454201672226,
5803,comp.graphics,comp.graphics,True,0.54,0.24534208298427984,
5804,comp.sys.mac.hardware,comp.os.ms-windows.misc,False,0.71,0.22918558400124311,
5805,talk.politics.guns,talk.politics.guns,True,0.59,0.2552828330080956,
5806,soc.religion.christian,alt.atheism,False,0.77,0.2903808749979362,
5807,rec.motorcycles,rec.motorcycles,True,1.0,0.2567559579620138,
5808,sci.crypt,sci.crypt,True,0.98,0.2500892499811016,
5809,talk.politics.misc,talk.politics.misc,True,0.91,0.2559748329804279,
5810,alt.atheism,alt.atheism,True,0.65,0.3829661670024507,
5811,comp.windows.x,comp.windows.x,True,1.0,0.26312358397990465,
5812,sci.electronics,sci.electronics,True,0.99,0.27681125001981854,
5813,talk.politics.mideast,talk.politics.mideast,True,1.0,0.2692678330349736,
5814,rec.sport.hockey,rec.sport.baseball,False,0.84,0.2818623749772087,
5815,rec.sport.hockey,rec.sport.hockey,True,1.0,0.3696539999800734,
5816,comp.windows.x,comp.windows.x,True,0.36,0.2631110840011388,
5817,sci.space,sci.space,True,1.0,0.32037862500874326,
5818,comp.graphics,comp.windows.x,False,0.73,0.31084179203025997,
5819,comp.os.ms-windows.misc,comp.os.ms-windows.misc,True,0.91,0.28121666703373194,
5820,sci.space,sci.space,True,1.0,0.2652111249626614,
5821,talk.politics.mideast,comp.os.ms-windows.misc,False,0.35,0.33860675001051277,
5822,misc.forsale,misc.forsale,True,1.0,0.28687612497014925,
5823,sci.space,sci.space,True,0.64,0.261298458033707,
5824,sci.med,alt.atheism,False,0.6,0.2358217919827439,
5825,talk.religion.misc,soc.religion.christian,False,0.88,0.2537326669553295,
5826,talk.politics.mideast,talk.politics.misc,False,0.95,0.25433975004125386,
5827,comp.windows.x,comp.windows.x,True,1.0,0.3537270830129273,
5828,misc.forsale,misc.forsale,True,1.0,0.2641388750053011,
5829,rec.sport.hockey,rec.sport.hockey,True,1.0,0.2582450839690864,
5830,talk.politics.mideast,talk.politics.misc,False,0.5,0.25665350002236664,
5831,talk.religion.misc,alt.atheism,False,0.99,0.23042633302975446,
5832,soc.religion.christian,soc.religion.christian,True,0.99,0.28740216698497534,
5833,sci.crypt,talk.politics.misc,False,0.94,0.32687387499026954,
5834,soc.religion.christian,soc.religion.christian,True,0.99,0.2839259169995785,
5835,comp.os.ms-windows.misc,comp.graphics,False,0.55,0.25967783300438896,
5836,rec.motorcycles,rec.autos,False,0.95,0.28262820799136534,
5837,misc.forsale,misc.forsale,True,1.0,0.2689654169953428,
5838,sci.crypt,talk.politics.misc,False,0.45,0.30345945799490437,
5839,comp.sys.ibm.pc.hardware,comp.sys.ibm.pc.hardware,True,0.87,0.5023466250277124,
5840,comp.os.ms-windows.misc,comp.os.ms-windows.misc,True,1.0,0.2788892080425285,
5841,misc.forsale,misc.forsale,True,1.0,0.40223916596733034,
5842,rec.sport.baseball,rec.sport.baseball,True,1.0,0.3832030410412699,
5843,rec.sport.baseball,rec.sport.baseball,True,1.0,0.28332691703690216,
5844,misc.forsale,misc.forsale,True,1.0,0.2704164579627104,
5845,comp.windows.x,comp.windows.x,True,1.0,0.30841583298752084,
5846,sci.electronics,sci.electronics,True,1.0,0.26386437501059845,
5847,sci.crypt,talk.politics.misc,False,0.93,0.27560379198985174,
5848,rec.sport.baseball,rec.sport.baseball,True,1.0,0.26931175001664087,
5849,comp.graphics,comp.graphics,True,0.55,0.2766287089907564,
5850,rec.autos,rec.autos,True,1.0,0.2455285409814678,
5851,alt.atheism,alt.atheism,True,0.91,0.24676583299878985,
5852,rec.sport.hockey,rec.sport.hockey,True,1.0,0.2511542090214789,
5853,talk.politics.misc,talk.politics.misc,True,0.99,0.3152604589704424,
5854,misc.forsale,misc.forsale,True,0.99,0.3007167089963332,
5855,sci.space,sci.space,True,1.0,0.24869674997171387,
5856,comp.graphics,comp.graphics,True,0.93,0.278771041019354,
5857,comp.sys.ibm.pc.hardware,comp.sys.ibm.pc.hardware,True,0.75,0.27926283300621435,
5858,soc.religion.christian,soc.religion.christian,True,0.92,0.265838666993659,
5859,sci.med,sci.med,True,1.0,0.2715586670092307,
5860,rec.motorcycles,rec.motorcycles,True,1.0,0.28716962499311194,
5861,comp.sys.mac.hardware,comp.sys.mac.hardware,True,0.71,0.29243458301061764,
5862,comp.graphics,sci.crypt,False,0.31,0.24969108297955245,
5863,rec.motorcycles,rec.motorcycles,True,0.68,0.25628995802253485,
5864,comp.graphics,comp.windows.x,False,0.69,0.297643666039221,
5865,soc.religion.christian,soc.religion.christian,True,1.0,0.2959221670171246,
5866,rec.sport.baseball,rec.sport.baseball,True,1.0,0.28492766700219363,
5867,comp.sys.mac.hardware,comp.sys.mac.hardware,True,1.0,0.2896575419581495,
5868,comp.sys.ibm.pc.hardware,comp.sys.ibm.pc.hardware,True,0.24,0.2488816250115633,
5869,comp.sys.ibm.pc.hardware,comp.sys.ibm.pc.hardware,True,1.0,0.28982266696402803,
5870,sci.space,sci.space,True,1.0,0.3699551250319928,
5871,rec.autos,rec.autos,True,0.98,0.2654183330014348,
5872,comp.windows.x,comp.windows.x,True,0.99,0.30611175001831725,
5873,alt.atheism,alt.atheism,True,0.56,0.27357654098886997,
5874,sci.crypt,sci.crypt,True,0.99,0.2662089169607498,
5875,misc.forsale,misc.forsale,True,1.0,0.2749359579756856,
5876,sci.space,sci.space,True,0.94,0.2482593339518644,
5877,rec.motorcycles,talk.religion.misc,False,0.34,0.2718853330006823,
5878,talk.politics.mideast,talk.politics.mideast,True,1.0,0.3000853750272654,
5879,misc.forsale,misc.forsale,True,1.0,0.3518500410136767,
5880,talk.politics.misc,talk.politics.misc,True,0.77,0.34367204102454707,
5881,alt.atheism,alt.atheism,True,0.88,0.32477920805104077,
5882,sci.electronics,sci.electronics,True,0.98,0.3275722079561092,
5883,sci.med,sci.med,True,0.83,0.3206325000501238,
5884,rec.autos,rec.autos,True,1.0,0.3176080420380458,
5885,rec.autos,misc.forsale,False,0.13,0.2855291669839062,
5886,sci.med,sci.med,True,1.0,0.3463719999999739,
5887,rec.sport.hockey,rec.sport.hockey,True,1.0,0.26661445799982175,
5888,sci.space,sci.med,False,0.89,0.2426370830507949,
5889,soc.religion.christian,soc.religion.christian,True,0.83,0.25464066700078547,
5890,comp.windows.x,comp.os.ms-windows.misc,False,0.25,0.2540757500100881,
5891,rec.motorcycles,comp.os.ms-windows.misc,False,0.37,0.28865537501405925,
5892,comp.windows.x,comp.windows.x,True,0.99,0.31186337501276284,
5893,talk.politics.guns,talk.politics.guns,True,1.0,0.24778495804639533,
5894,alt.atheism,comp.os.ms-windows.misc,False,0.3,0.4783673330093734,
5895,comp.graphics,comp.graphics,True,1.0,0.3648485420271754,
5896,misc.forsale,misc.forsale,True,1.0,0.3662632500054315,
5897,comp.sys.ibm.pc.hardware,comp.sys.ibm.pc.hardware,True,1.0,0.3606587500544265,
5898,misc.forsale,talk.politics.misc,False,0.43,0.3684288749936968,
5899,rec.sport.baseball,talk.politics.misc,False,0.45,0.2508608750067651,
5900,talk.politics.misc,talk.politics.misc,True,0.99,0.35812016698764637,
5901,talk.politics.mideast,talk.politics.mideast,True,1.0,0.44185424997704104,
5902,talk.politics.guns,talk.politics.misc,False,0.29,0.30286620801780373,
5903,comp.os.ms-windows.misc,comp.os.ms-windows.misc,True,1.0,0.27581108396407217,
5904,sci.crypt,sci.crypt,True,0.94,0.2741957919788547,
5905,talk.politics.misc,talk.politics.misc,True,0.99,0.2661390830180608,
5906,rec.sport.hockey,rec.sport.hockey,True,1.0,0.29157954204129055,
5907,comp.os.ms-windows.misc,comp.os.ms-windows.misc,True,1.0,0.2542607909999788,
5908,soc.religion.christian,soc.religion.christian,True,0.96,0.283341207948979,
5909,comp.graphics,comp.windows.x,False,0.97,0.3338572080247104,
5910,soc.religion.christian,soc.religion.christian,True,0.88,0.2856491659767926,
5911,alt.atheism,alt.atheism,True,0.31,0.23283362499205396,
5912,alt.atheism,alt.atheism,True,1.0,0.28679470799397677,
5913,comp.sys.mac.hardware,comp.sys.mac.hardware,True,1.0,0.3059933749609627,
5914,talk.politics.guns,talk.politics.guns,True,1.0,0.25684191699838266,
5915,misc.forsale,misc.forsale,True,0.53,0.25084120803512633,
5916,alt.atheism,alt.atheism,True,0.63,0.23791491601150483,
5917,sci.med,sci.med,True,1.0,0.28309587499825284,
5918,sci.space,talk.politics.misc,False,0.78,0.29989099997328594,
5919,rec.sport.baseball,rec.sport.baseball,True,1.0,0.25720241700764745,
5920,comp.windows.x,comp.windows.x,True,1.0,0.26719383301679045,
5921,comp.graphics,comp.graphics,True,0.92,0.24248416599584743,
5922,talk.religion.misc,soc.religion.christian,False,0.86,0.2613386249868199,
5923,sci.crypt,sci.crypt,True,1.0,0.3192807500017807,
5924,comp.sys.mac.hardware,misc.forsale,False,0.41,0.23302141699241474,
5925,rec.sport.baseball,comp.os.ms-windows.misc,False,0.34,0.3551076249568723,
5926,talk.politics.mideast,talk.politics.mideast,True,1.0,0.34408483299193904,
5927,sci.electronics,sci.electronics,True,0.99,0.29552466701716185,
5928,rec.sport.baseball,rec.sport.baseball,True,1.0,0.28308687498793006,
5929,soc.religion.christian,soc.religion.christian,True,0.99,0.26872858399292454,
5930,comp.sys.ibm.pc.hardware,comp.sys.ibm.pc.hardware,True,0.81,0.2690413750242442,
5931,sci.med,sci.med,True,1.0,0.28470045898575336,
5932,soc.religion.christian,soc.religion.christian,True,0.99,0.286902750027366,
5933,comp.os.ms-windows.misc,comp.os.ms-windows.misc,True,0.75,0.3163419589982368,
5934,comp.sys.ibm.pc.hardware,comp.sys.ibm.pc.hardware,True,0.95,0.2333077079965733,
5935,sci.med,sci.med,True,1.0,0.29742316697956994,
5936,comp.windows.x,comp.windows.x,True,0.85,0.23603112495038658,
5937,rec.sport.baseball,rec.sport.baseball,True,0.99,0.30580420896876603,
5938,rec.sport.baseball,rec.sport.baseball,True,0.99,0.28641062503447756,
5939,talk.religion.misc,soc.religion.christian,False,0.54,0.23949033301323652,
5940,comp.graphics,comp.windows.x,False,0.95,0.32814366702223197,
5941,comp.windows.x,comp.windows.x,True,0.87,0.25573149998672307,
5942,comp.graphics,comp.os.ms-windows.misc,False,0.6,0.2973498750361614,
5943,rec.sport.hockey,rec.sport.hockey,True,1.0,0.328485083009582,
5944,alt.atheism,alt.atheism,True,0.58,0.2569307499798015,
5945,rec.autos,rec.autos,True,1.0,0.26301970798522234,
5946,misc.forsale,comp.sys.ibm.pc.hardware,False,0.51,0.29243199998745695,
5947,soc.religion.christian,comp.os.ms-windows.misc,False,0.72,0.23485579097177833,
5948,sci.space,sci.space,True,0.95,0.2558651249855757,
5949,rec.motorcycles,talk.politics.misc,False,0.63,0.2673728749505244,
5950,rec.autos,rec.autos,True,1.0,0.30501641699811444,
5951,sci.electronics,comp.sys.mac.hardware,False,1.0,0.28624133398989215,
5952,comp.sys.ibm.pc.hardware,comp.sys.ibm.pc.hardware,True,1.0,0.2705828750040382,
5953,rec.sport.baseball,rec.sport.baseball,True,1.0,0.2589633750030771,
5954,talk.politics.mideast,talk.politics.misc,False,0.77,0.31375812500482425,
5955,comp.sys.mac.hardware,comp.sys.ibm.pc.hardware,False,1.0,0.33956495800521225,
5956,talk.politics.misc,talk.politics.misc,True,0.61,0.3209937090286985,
5957,sci.med,sci.med,True,1.0,0.28464812494348735,
5958,rec.autos,rec.autos,True,0.95,0.302507666987367,
5959,sci.space,sci.space,True,0.99,0.26989162497920915,
5960,misc.forsale,misc.forsale,True,0.54,0.31547608401160687,
5961,alt.atheism,alt.atheism,True,0.78,0.2516043749637902,
5962,sci.space,sci.space,True,1.0,0.25786400004290044,
5963,soc.religion.christian,soc.religion.christian,True,0.95,0.2902607499854639,
5964,comp.windows.x,comp.windows.x,True,1.0,0.275377124955412,
5965,comp.os.ms-windows.misc,comp.os.ms-windows.misc,True,1.0,0.2519007499795407,
5966,comp.os.ms-windows.misc,comp.os.ms-windows.misc,True,0.95,0.3511130409897305,
5967,rec.autos,rec.autos,True,1.0,0.2604177499888465,
5968,misc.forsale,misc.forsale,True,0.8,0.2651331670349464,
5969,comp.os.ms-windows.misc,comp.sys.mac.hardware,False,0.58,0.2778324169921689,
5970,sci.space,comp.os.ms-windows.misc,False,0.32,0.26048316701781005,
5971,sci.space,sci.space,True,1.0,0.3412582079763524,
5972,sci.crypt,comp.os.ms-windows.misc,False,0.64,0.36346933303866535,
5973,talk.politics.misc,talk.politics.misc,True,1.0,0.23188262496842071,
5974,rec.sport.hockey,rec.sport.baseball,False,0.8,0.36901575000956655,
5975,sci.electronics,sci.electronics,True,1.0,0.33064770803321153,
5976,rec.motorcycles,rec.motorcycles,True,0.97,0.22225849999813363,
5977,sci.crypt,sci.crypt,True,1.0,0.24895529198693112,
5978,talk.politics.mideast,talk.politics.mideast,True,1.0,0.32936654199147597,
5979,rec.sport.baseball,comp.os.ms-windows.misc,False,0.35,0.31612820900045335,
5980,comp.windows.x,comp.windows.x,True,1.0,0.32888933300273493,
5981,rec.autos,rec.autos,True,1.0,0.2902763750171289,
5982,sci.crypt,sci.crypt,True,1.0,0.33843537501525134,
5983,rec.sport.baseball,rec.sport.baseball,True,1.0,0.26241504203062505,
5984,comp.sys.mac.hardware,comp.sys.mac.hardware,True,0.79,0.307555333012715,
5985,rec.sport.baseball,rec.sport.baseball,True,1.0,0.24429970799246803,
5986,sci.electronics,sci.electronics,True,0.94,0.36379945802036673,
5987,talk.politics.mideast,talk.politics.mideast,True,0.81,0.29284587502479553,
5988,sci.crypt,sci.med,False,0.67,0.2786945420084521,
5989,sci.crypt,sci.crypt,True,1.0,0.2907047920161858,
5990,sci.med,sci.med,True,1.0,0.32254779199138284,
5991,misc.forsale,misc.forsale,True,0.97,0.3265057500102557,
5992,sci.med,sci.med,True,1.0,0.26795133302221075,
5993,alt.atheism,alt.atheism,True,0.99,0.2421690839692019,
5994,alt.atheism,alt.atheism,True,0.97,0.3501675419975072,
5995,rec.autos,rec.autos,True,1.0,0.2799349999986589,
5996,talk.religion.misc,talk.religion.misc,True,0.43,0.3022416249732487,
5997,sci.crypt,sci.crypt,True,1.0,0.2813753749942407,
5998,talk.politics.misc,comp.os.ms-windows.misc,False,0.39,0.2460207919939421,
5999,comp.windows.x,comp.windows.x,True,1.0,0.2699659580248408,
6000,comp.os.ms-windows.misc,comp.os.ms-windows.misc,True,1.0,0.2789465840323828,
6001,rec.autos,rec.autos,True,0.98,0.3682889579795301,
6002,sci.electronics,sci.electronics,True,1.0,0.2612642089952715,
6003,sci.crypt,sci.crypt,True,0.91,0.3006272920174524,
6004,talk.religion.misc,talk.religion.misc,True,0.46,0.28101533302105963,
6005,rec.motorcycles,rec.motorcycles,True,1.0,0.2582472909707576,
6006,talk.politics.mideast,talk.politics.mideast,True,0.98,0.3050716669531539,
6007,comp.sys.ibm.pc.hardware,comp.sys.ibm.pc.hardware,True,0.99,0.31993679102743044,
6008,rec.sport.hockey,rec.sport.hockey,True,1.0,0.26656474999617785,
6009,comp.graphics,misc.forsale,False,0.87,0.2503133750287816,
6010,talk.religion.misc,talk.politics.guns,False,0.66,0.2718709160108119,
6011,comp.sys.ibm.pc.hardware,comp.sys.ibm.pc.hardware,True,0.54,0.3949496670393273,
6012,comp.os.ms-windows.misc,comp.windows.x,False,0.6,0.24013808299787343,
6013,comp.sys.ibm.pc.hardware,comp.sys.ibm.pc.hardware,True,0.97,0.3871279999730177,
6014,sci.crypt,sci.crypt,True,0.97,0.372005416022148,
6015,comp.sys.ibm.pc.hardware,comp.sys.ibm.pc.hardware,True,1.0,0.3655484999762848,
6016,rec.autos,rec.autos,True,1.0,0.34323508298257366,
6017,comp.sys.ibm.pc.hardware,comp.sys.ibm.pc.hardware,True,0.99,0.2774750420358032,
6018,rec.autos,rec.autos,True,0.98,0.3315815419773571,
6019,rec.motorcycles,comp.os.ms-windows.misc,False,0.32,0.2691352079855278,
6020,comp.sys.mac.hardware,comp.sys.mac.hardware,True,1.0,0.26649212499614805,
6021,comp.sys.mac.hardware,comp.sys.mac.hardware,True,1.0,0.24146929098060355,
6022,talk.politics.mideast,talk.politics.misc,False,0.63,0.28316758398432285,
6023,talk.religion.misc,talk.religion.misc,True,0.55,0.2630058750510216,
6024,talk.politics.mideast,talk.politics.mideast,True,1.0,0.23192916699917987,
6025,soc.religion.christian,soc.religion.christian,True,0.77,0.2707624169997871,
6026,talk.politics.misc,talk.politics.misc,True,0.47,0.25398991705151275,
6027,comp.windows.x,comp.windows.x,True,1.0,0.28659516596235335,
6028,rec.sport.baseball,rec.sport.baseball,True,1.0,0.2626455830177292,
6029,sci.electronics,comp.os.ms-windows.misc,False,0.98,0.40112941700499505,
6030,comp.sys.ibm.pc.hardware,comp.sys.ibm.pc.hardware,True,0.99,0.27428458299255,
6031,talk.politics.misc,comp.os.ms-windows.misc,False,0.35,0.2898200000054203,
6032,talk.politics.guns,comp.os.ms-windows.misc,False,0.3,0.2532569169998169,
6033,talk.religion.misc,alt.atheism,False,0.87,0.26880516699748114,
6034,talk.politics.guns,talk.politics.misc,False,0.92,0.2759677499998361,
6035,talk.politics.misc,talk.politics.misc,True,0.83,0.2558314590132795,
6036,sci.crypt,sci.crypt,True,0.67,0.2834359999978915,
6037,rec.autos,comp.os.ms-windows.misc,False,0.33,0.28605649998644367,
6038,soc.religion.christian,soc.religion.christian,True,0.99,0.2742795830126852,
6039,misc.forsale,misc.forsale,True,1.0,0.2827487919712439,
6040,talk.politics.guns,talk.politics.guns,True,1.0,0.23296770796878263,
6041,rec.sport.hockey,rec.sport.hockey,True,1.0,0.23440091701922938,
6042,sci.med,sci.med,True,1.0,0.39371675002621487,
6043,talk.politics.misc,alt.atheism,False,0.59,0.36360112502006814,
6044,comp.os.ms-windows.misc,comp.os.ms-windows.misc,True,0.68,0.277452833019197,
6045,rec.sport.hockey,rec.sport.hockey,True,1.0,0.2641484170453623,
6046,sci.space,misc.forsale,False,0.52,0.3130735000013374,
6047,talk.religion.misc,alt.atheism,False,0.93,0.2491032499819994,
6048,comp.os.ms-windows.misc,comp.os.ms-windows.misc,True,1.0,0.25844104099087417,
6049,sci.space,sci.space,True,1.0,0.2677195419673808,
6050,talk.politics.mideast,talk.politics.misc,False,0.64,0.2828532090061344,
6051,sci.crypt,sci.crypt,True,1.0,0.23440858296817169,
6052,rec.motorcycles,rec.motorcycles,True,1.0,0.26260066695977,
6053,rec.autos,misc.forsale,False,0.49,0.28215325000928715,
6054,sci.electronics,sci.electronics,True,1.0,0.27307033399119973,
6055,talk.politics.guns,sci.electronics,False,0.23,0.2441097080009058,
6056,alt.atheism,talk.religion.misc,False,0.59,0.43654329201672226,
6057,talk.religion.misc,alt.atheism,False,0.61,0.27274841704638675,
6058,sci.med,sci.med,True,1.0,0.30457008304074407,
6059,talk.politics.guns,talk.politics.guns,True,0.67,0.27342741598840803,
6060,talk.politics.misc,talk.politics.misc,True,0.93,0.24125333403935656,
6061,misc.forsale,misc.forsale,True,1.0,0.25900387502042577,
6062,rec.sport.baseball,rec.sport.baseball,True,1.0,0.275936542020645,
6063,sci.space,sci.space,True,0.93,0.2423452910152264,
6064,sci.space,comp.os.ms-windows.misc,False,0.46,0.33441195805789903,
6065,comp.sys.ibm.pc.hardware,comp.windows.x,False,0.58,0.24723949999315664,
6066,sci.med,sci.med,True,1.0,0.2606634999974631,
6067,soc.religion.christian,soc.religion.christian,True,0.98,0.2868321249843575,
6068,rec.motorcycles,rec.motorcycles,True,0.97,0.29457141703460366,
6069,sci.crypt,talk.politics.misc,False,0.88,0.2577582079684362,
6070,sci.med,sci.med,True,1.0,0.305496166984085,
6071,talk.politics.mideast,talk.politics.mideast,True,0.96,0.312231709016487,
6072,comp.os.ms-windows.misc,comp.os.ms-windows.misc,True,0.96,0.2517119170515798,
6073,comp.graphics,comp.sys.ibm.pc.hardware,False,0.94,0.2909579160041176,
6074,misc.forsale,misc.forsale,True,0.87,0.26828274998115376,
6075,alt.atheism,talk.religion.misc,False,0.38,0.27336708299117163,
6076,rec.motorcycles,rec.motorcycles,True,1.0,0.28251479199388996,
6077,alt.atheism,talk.religion.misc,False,0.57,0.2540271670441143,
6078,misc.forsale,misc.forsale,True,0.94,0.251364208990708,
6079,alt.atheism,talk.politics.mideast,False,0.39,0.2379651250084862,
6080,sci.crypt,sci.crypt,True,1.0,0.24439416703535244,
6081,rec.sport.baseball,rec.sport.baseball,True,1.0,0.30632375000277534,
6082,talk.politics.guns,talk.politics.misc,False,0.51,0.23458329099230468,
6083,sci.crypt,comp.os.ms-windows.misc,False,0.5,0.23155479197157547,
6084,misc.forsale,misc.forsale,True,1.0,0.24508437502663583,
6085,comp.sys.mac.hardware,comp.sys.mac.hardware,True,1.0,0.2718867079820484,
6086,talk.politics.guns,comp.os.ms-windows.misc,False,0.08,0.2853773750248365,
6087,talk.religion.misc,soc.religion.christian,False,0.88,0.2252219170331955,
6088,talk.politics.guns,talk.politics.misc,False,0.53,0.3730764579959214,
6089,comp.os.ms-windows.misc,comp.os.ms-windows.misc,True,0.31,0.23750662500970066,
6090,talk.politics.misc,talk.politics.misc,True,0.7,0.28737329196883366,
6091,misc.forsale,misc.forsale,True,0.99,0.265202832990326,
6092,rec.sport.baseball,rec.sport.baseball,True,1.0,0.2516879169852473,
6093,sci.med,talk.religion.misc,False,0.4,0.2684785000164993,
6094,comp.graphics,comp.sys.ibm.pc.hardware,False,0.51,0.2595557919703424,
6095,talk.politics.guns,talk.politics.misc,False,0.76,0.2766761250095442,
6096,rec.autos,rec.autos,True,1.0,0.27006895799422637,
6097,comp.windows.x,comp.windows.x,True,1.0,0.23610587499570101,
6098,misc.forsale,misc.forsale,True,1.0,0.2800597079913132,
6099,comp.graphics,comp.graphics,True,1.0,0.24723312503192574,
6100,sci.electronics,comp.sys.ibm.pc.hardware,False,0.95,0.26315066701499745,
6101,talk.politics.mideast,talk.politics.mideast,True,0.99,0.31448483298299834,
6102,misc.forsale,misc.forsale,True,1.0,0.24870049994206056,
6103,misc.forsale,comp.sys.ibm.pc.hardware,False,0.5,0.36237187503138557,
6104,sci.space,sci.space,True,0.75,0.2898688329732977,
6105,comp.sys.ibm.pc.hardware,comp.sys.ibm.pc.hardware,True,0.51,0.2646519159898162,
6106,misc.forsale,misc.forsale,True,1.0,0.25277283298783004,
6107,comp.sys.ibm.pc.hardware,comp.sys.ibm.pc.hardware,True,1.0,0.26614487497135997,
6108,comp.windows.x,comp.windows.x,True,1.0,0.28553183301119134,
6109,rec.sport.hockey,rec.sport.hockey,True,1.0,0.31176654098089784,
6110,talk.politics.misc,talk.politics.misc,True,0.93,0.2856808750075288,
6111,alt.atheism,alt.atheism,True,1.0,0.27167566696880385,
6112,alt.atheism,talk.religion.misc,False,0.54,0.26846541702980176,
6113,soc.religion.christian,soc.religion.christian,True,0.97,0.2585710409912281,
6114,comp.os.ms-windows.misc,comp.os.ms-windows.misc,True,0.48,0.3049713330110535,
6115,rec.motorcycles,talk.politics.misc,False,0.69,0.31505062500946224,
6116,talk.politics.misc,talk.politics.misc,True,0.63,0.2740984999691136,
6117,soc.religion.christian,soc.religion.christian,True,0.87,0.2580969160189852,
6118,comp.sys.mac.hardware,comp.sys.mac.hardware,True,1.0,0.32012570899678394,
6119,comp.sys.mac.hardware,talk.politics.misc,False,0.34,0.3036968749947846,
6120,soc.religion.christian,soc.religion.christian,True,0.99,0.2685698329587467,
6121,sci.space,sci.med,False,0.74,0.34855095896637067,
6122,misc.forsale,misc.forsale,True,0.9,0.2923511670087464,
6123,alt.atheism,alt.atheism,True,0.99,0.2897211250383407,
6124,comp.os.ms-windows.misc,comp.os.ms-windows.misc,True,0.86,0.3766012500273064,
6125,rec.autos,rec.autos,True,1.0,0.2950194589793682,
6126,sci.med,sci.med,True,1.0,0.25264516699826345,
6127,rec.motorcycles,rec.motorcycles,True,1.0,0.27053508401149884,
6128,rec.autos,comp.os.ms-windows.misc,False,0.33,0.28538795898202807,
6129,comp.os.ms-windows.misc,comp.sys.ibm.pc.hardware,False,0.81,0.2571321250288747,
6130,talk.religion.misc,alt.atheism,False,0.17,0.4193252499680966,
6131,sci.electronics,sci.electronics,True,0.98,0.29298749996814877,
6132,talk.politics.mideast,talk.politics.misc,False,0.97,0.24978524999460205,
6133,comp.os.ms-windows.misc,comp.os.ms-windows.misc,True,0.99,0.2510355419944972,
6134,comp.os.ms-windows.misc,comp.sys.ibm.pc.hardware,False,0.45,0.30303816695231944,
6135,talk.politics.misc,talk.politics.misc,True,0.96,0.25427233398659155,
6136,comp.windows.x,comp.windows.x,True,1.0,0.26291354099521413,
6137,comp.graphics,comp.graphics,True,1.0,0.2478438750258647,
6138,talk.politics.mideast,talk.politics.mideast,True,0.68,0.24921558395726606,
6139,misc.forsale,misc.forsale,True,1.0,0.25523825001437217,
6140,talk.religion.misc,soc.religion.christian,False,0.66,0.25043299997923896,
6141,rec.sport.hockey,rec.sport.hockey,True,0.98,0.24161579203791916,
6142,rec.motorcycles,talk.politics.guns,False,0.56,0.3398965420201421,
6143,talk.politics.misc,talk.politics.misc,True,1.0,0.2727891670074314,
6144,talk.politics.misc,talk.politics.misc,True,0.59,0.306277499999851,
6145,soc.religion.christian,soc.religion.christian,True,0.98,0.2888847920112312,
6146,talk.religion.misc,soc.religion.christian,False,1.0,0.2342227500048466,
6147,soc.religion.christian,soc.religion.christian,True,0.91,0.26559833297505975,
6148,rec.sport.baseball,rec.sport.baseball,True,1.0,0.2632433329708874,
6149,alt.atheism,talk.religion.misc,False,0.85,0.31532629200955853,
6150,sci.med,sci.med,True,1.0,0.21840329200495034,
6151,sci.crypt,sci.crypt,True,1.0,0.2896338330465369,
6152,sci.electronics,misc.forsale,False,0.84,0.25765479198889807,
6153,comp.sys.mac.hardware,comp.sys.mac.hardware,True,1.0,0.240497958031483,
6154,comp.windows.x,comp.windows.x,True,1.0,0.25833291601156816,
6155,soc.religion.christian,soc.religion.christian,True,0.91,0.3050300420145504,
6156,comp.sys.ibm.pc.hardware,comp.os.ms-windows.misc,False,0.36,0.3164301670040004,
6157,alt.atheism,comp.os.ms-windows.misc,False,0.42,0.27038004202768207,
6158,rec.motorcycles,rec.motorcycles,True,0.97,0.2755807089852169,
6159,sci.crypt,sci.crypt,True,1.0,0.25205808400642127,
6160,misc.forsale,misc.forsale,True,1.0,0.300714666955173,
6161,talk.religion.misc,alt.atheism,False,0.75,0.4158932500286028,
6162,soc.religion.christian,soc.religion.christian,True,0.38,0.2504379169549793,
6163,comp.windows.x,comp.windows.x,True,0.77,0.3757362909964286,
6164,alt.atheism,alt.atheism,True,0.92,0.27365266700508073,
6165,comp.os.ms-windows.misc,comp.os.ms-windows.misc,True,0.95,0.3079881659941748,
6166,comp.graphics,comp.graphics,True,1.0,0.2586419159779325,
6167,comp.sys.mac.hardware,sci.electronics,False,0.94,0.2505543330335058,
6168,comp.windows.x,comp.windows.x,True,0.99,0.26546929200412706,
6169,comp.windows.x,comp.os.ms-windows.misc,False,0.52,0.2985220829723403,
6170,misc.forsale,misc.forsale,True,1.0,0.3316111249732785,
6171,sci.space,sci.space,True,1.0,0.2669818329741247,
6172,rec.autos,comp.os.ms-windows.misc,False,0.3,0.23192137497244403,
6173,sci.med,sci.med,True,1.0,0.2782766250311397,
6174,rec.sport.baseball,rec.sport.baseball,True,1.0,0.29693779203807935,
6175,talk.religion.misc,talk.politics.misc,False,0.85,0.3263241670210846,
6176,sci.crypt,sci.crypt,True,1.0,0.24345291702775285,
6177,alt.atheism,alt.atheism,True,0.89,0.29214075003983453,
6178,comp.graphics,comp.graphics,True,1.0,0.26573304197518155,
6179,rec.motorcycles,rec.autos,False,0.93,0.24719374999403954,
6180,comp.sys.ibm.pc.hardware,comp.sys.ibm.pc.hardware,True,0.94,0.24890574999153614,
6181,comp.os.ms-windows.misc,comp.os.ms-windows.misc,True,1.0,0.26637399999890476,
6182,rec.motorcycles,rec.motorcycles,True,1.0,0.33059891598531976,
6183,comp.sys.mac.hardware,comp.sys.ibm.pc.hardware,False,0.65,0.2835543330293149,
6184,comp.windows.x,comp.windows.x,True,1.0,0.2799896250362508,
6185,rec.autos,rec.autos,True,1.0,0.29930120904464275,
6186,rec.sport.baseball,rec.sport.baseball,True,1.0,0.2872734580305405,
6187,rec.sport.hockey,rec.sport.hockey,True,1.0,0.2802202079910785,
6188,rec.motorcycles,rec.motorcycles,True,0.53,0.2573607499944046,
6189,misc.forsale,misc.forsale,True,1.0,0.25678191700717434,
6190,sci.space,sci.space,True,1.0,0.2589222500100732,
6191,rec.motorcycles,rec.motorcycles,True,0.8,0.23225191695382819,
6192,comp.os.ms-windows.misc,comp.sys.mac.hardware,False,0.53,0.23104824998881668,
6193,talk.politics.misc,talk.politics.guns,False,0.93,0.35585716599598527,
6194,comp.sys.ibm.pc.hardware,comp.sys.ibm.pc.hardware,True,1.0,0.33063450001645833,
6195,soc.religion.christian,soc.religion.christian,True,0.98,0.2901784999994561,
6196,rec.motorcycles,rec.motorcycles,True,0.99,0.27060645795427263,
6197,rec.autos,rec.autos,True,1.0,0.2851778339827433,
6198,sci.crypt,sci.crypt,True,0.22,0.2574394590337761,
6199,talk.politics.mideast,talk.politics.mideast,True,1.0,0.33229579200269654,
6200,comp.sys.mac.hardware,comp.sys.mac.hardware,True,0.94,0.23607099999208003,
6201,comp.sys.ibm.pc.hardware,comp.sys.ibm.pc.hardware,True,0.97,0.2614401250029914,
6202,talk.politics.guns,talk.politics.misc,False,0.14,0.26052587502636015,
6203,sci.med,sci.med,True,1.0,0.3176526669994928,
6204,rec.sport.baseball,rec.sport.baseball,True,1.0,0.37065850000362843,
6205,sci.space,sci.space,True,1.0,0.32093124999664724,
6206,comp.os.ms-windows.misc,comp.os.ms-windows.misc,True,1.0,0.22935070900712162,
6207,rec.autos,talk.politics.misc,False,0.37,0.2960747079923749,
6208,sci.med,sci.med,True,1.0,0.24236245802603662,
6209,comp.windows.x,comp.windows.x,True,1.0,0.2700804159976542,
6210,soc.religion.christian,alt.atheism,False,0.63,0.24357845896156505,
6211,comp.graphics,comp.graphics,True,1.0,0.27664016699418426,
6212,comp.os.ms-windows.misc,comp.os.ms-windows.misc,True,0.72,0.2903447090066038,
6213,sci.crypt,sci.crypt,True,1.0,0.2870837500086054,
6214,comp.windows.x,comp.windows.x,True,1.0,0.29474254202796146,
6215,comp.sys.mac.hardware,comp.sys.mac.hardware,True,0.65,0.2794550000107847,
6216,talk.politics.mideast,talk.politics.mideast,True,1.0,0.2911385410116054,
6217,sci.crypt,comp.os.ms-windows.misc,False,0.32,0.25622333300998434,
6218,rec.sport.baseball,rec.sport.baseball,True,0.99,0.2373122499557212,
6219,soc.religion.christian,talk.religion.misc,False,0.6,0.2939718750421889,
6220,misc.forsale,misc.forsale,True,1.0,0.2819772500079125,
6221,talk.politics.guns,talk.politics.guns,True,0.83,0.2821783329709433,
6222,comp.windows.x,comp.graphics,False,0.62,0.26255774998571724,
6223,sci.crypt,sci.crypt,True,0.86,0.3723007499938831,
6224,comp.sys.mac.hardware,comp.sys.mac.hardware,True,1.0,0.3290277909836732,
6225,comp.windows.x,comp.windows.x,True,0.97,0.28849062504014,
6226,talk.politics.misc,talk.religion.misc,False,0.56,0.2798801670433022,
6227,comp.windows.x,comp.windows.x,True,1.0,0.26904970803298056,
6228,soc.religion.christian,soc.religion.christian,True,0.93,0.2784455000073649,
6229,talk.politics.mideast,talk.politics.mideast,True,1.0,0.33454162505222484,
6230,sci.crypt,sci.electronics,False,0.84,0.3147629589657299,
6231,comp.windows.x,comp.windows.x,True,1.0,0.25310812500538304,
6232,comp.os.ms-windows.misc,comp.sys.ibm.pc.hardware,False,0.71,0.2797824579756707,
6233,sci.electronics,sci.electronics,True,1.0,0.267248791991733,
6234,talk.politics.mideast,talk.politics.misc,False,0.96,0.2852110000094399,
6235,comp.sys.mac.hardware,comp.sys.mac.hardware,True,1.0,0.28973720798967406,
6236,comp.graphics,comp.graphics,True,0.9,0.2695215829880908,
6237,rec.sport.hockey,rec.sport.hockey,True,1.0,0.25912129203788936,
6238,comp.windows.x,comp.windows.x,True,1.0,0.24430487502831966,
6239,rec.sport.baseball,rec.sport.baseball,True,1.0,0.2578725420171395,
6240,comp.sys.mac.hardware,comp.sys.mac.hardware,True,0.99,0.26502783299656585,
6241,comp.graphics,comp.sys.ibm.pc.hardware,False,0.52,0.24877037503756583,
6242,rec.sport.hockey,rec.sport.hockey,True,1.0,0.2684218750218861,
6243,rec.sport.baseball,rec.sport.baseball,True,0.99,0.27837808296317235,
6244,sci.space,sci.space,True,1.0,0.2519003750057891,
6245,comp.sys.mac.hardware,comp.sys.mac.hardware,True,1.0,0.30268775002332404,
6246,sci.electronics,sci.med,False,0.75,0.29748466599266976,
6247,soc.religion.christian,alt.atheism,False,0.9,0.42968554195249453,
6248,rec.autos,rec.autos,True,1.0,0.2396797920227982,
6249,comp.sys.mac.hardware,comp.windows.x,False,0.25,0.4000155000248924,
6250,sci.electronics,sci.electronics,True,1.0,0.23905645799823105,
6251,comp.graphics,comp.sys.mac.hardware,False,0.61,0.4043181670131162,
6252,talk.politics.mideast,talk.politics.mideast,True,0.99,0.2684646669658832,
6253,rec.autos,talk.politics.misc,False,0.96,0.3766701660351828,
6254,talk.politics.guns,talk.politics.misc,False,0.45,0.3619779159780592,
6255,rec.sport.baseball,rec.sport.baseball,True,1.0,0.2724442910403013,
6256,comp.sys.mac.hardware,comp.os.ms-windows.misc,False,0.33,0.30710237502353266,
6257,talk.politics.guns,talk.politics.misc,False,0.63,0.27129395795054734,
6258,talk.politics.misc,talk.politics.misc,True,0.76,0.24001416703686118,
6259,talk.politics.guns,talk.politics.guns,True,1.0,0.3179348330013454,
6260,alt.atheism,talk.politics.misc,False,0.45,0.23652258299989626,
6261,misc.forsale,misc.forsale,True,1.0,0.25994087499566376,
6262,comp.os.ms-windows.misc,comp.os.ms-windows.misc,True,1.0,0.2689450830221176,
6263,alt.atheism,alt.atheism,True,0.76,0.29387033300008625,
6264,comp.sys.ibm.pc.hardware,comp.sys.ibm.pc.hardware,True,0.99,0.24119837500620633,
6265,talk.politics.misc,talk.politics.misc,True,0.9,0.27843083400512114,
6266,comp.windows.x,comp.windows.x,True,0.61,0.26094579201890156,
6267,talk.politics.mideast,talk.politics.mideast,True,1.0,0.30009358300594613,
6268,rec.motorcycles,rec.motorcycles,True,0.43,0.26234000001568347,
6269,rec.motorcycles,rec.motorcycles,True,0.58,0.25985658302670345,
6270,rec.autos,misc.forsale,False,0.57,0.24697650002781302,
6271,misc.forsale,misc.forsale,True,0.94,0.2545228329836391,
6272,comp.sys.mac.hardware,comp.sys.mac.hardware,True,0.81,0.30901700002141297,
6273,rec.motorcycles,rec.autos,False,0.46,0.28412150003714487,
6274,comp.windows.x,comp.windows.x,True,1.0,0.24327187496237457,
6275,sci.med,sci.electronics,False,0.71,0.26452837500255555,
6276,sci.space,comp.os.ms-windows.misc,False,0.32,0.29888070799643174,
6277,comp.sys.ibm.pc.hardware,comp.sys.ibm.pc.hardware,True,1.0,0.255729041993618,
6278,sci.crypt,sci.crypt,True,1.0,0.30215441598556936,
6279,talk.politics.guns,talk.politics.misc,False,0.58,0.42344462499022484,
6280,comp.sys.mac.hardware,comp.sys.mac.hardware,True,1.0,0.388013250019867,
6281,comp.sys.ibm.pc.hardware,comp.os.ms-windows.misc,False,0.98,0.2617793340468779,
6282,soc.religion.christian,soc.religion.christian,True,0.62,0.27897504199063405,
6283,comp.graphics,talk.politics.misc,False,0.19,0.2778563750325702,
6284,sci.space,sci.space,True,0.98,0.289526125008706,
6285,rec.motorcycles,rec.motorcycles,True,1.0,0.30934745800914243,
6286,rec.motorcycles,rec.motorcycles,True,0.99,0.2649074580403976,
6287,rec.autos,rec.autos,True,0.9,0.26463874999899417,
6288,talk.politics.mideast,talk.politics.mideast,True,1.0,0.2778127500205301,
6289,comp.windows.x,comp.windows.x,True,1.0,0.24327841599006206,
6290,talk.politics.mideast,talk.politics.mideast,True,1.0,0.283395542006474,
6291,rec.sport.hockey,rec.sport.hockey,True,1.0,0.2277684590080753,
6292,rec.sport.hockey,rec.sport.hockey,True,1.0,0.2618868330027908,
6293,talk.politics.guns,talk.politics.guns,True,0.79,0.24101612501544878,
6294,comp.os.ms-windows.misc,comp.os.ms-windows.misc,True,1.0,0.2573272919980809,
6295,comp.graphics,comp.graphics,True,1.0,0.3761007919674739,
6296,rec.sport.baseball,rec.sport.baseball,True,1.0,0.2424323339946568,
6297,talk.politics.misc,talk.religion.misc,False,0.78,0.2898915000259876,
6298,rec.motorcycles,rec.motorcycles,True,1.0,0.26480954204453155,
6299,talk.religion.misc,talk.religion.misc,True,0.94,0.2318595419637859,
6300,comp.os.ms-windows.misc,comp.windows.x,False,0.7,0.3966133749927394,
6301,rec.autos,misc.forsale,False,0.55,0.27370925003197044,
6302,comp.os.ms-windows.misc,comp.os.ms-windows.misc,True,0.98,0.24690612498670816,
6303,talk.politics.guns,talk.politics.guns,True,0.98,0.23543095804052427,
6304,talk.politics.misc,talk.politics.misc,True,0.91,0.2620431249961257,
6305,comp.graphics,comp.graphics,True,1.0,0.26010141702136025,
6306,sci.electronics,sci.electronics,True,0.95,0.26638029102468863,
6307,rec.motorcycles,rec.motorcycles,True,1.0,0.2601862919982523,
6308,misc.forsale,misc.forsale,True,1.0,0.22184129199013114,
6309,talk.politics.guns,talk.politics.guns,True,1.0,0.2680732500157319,
6310,rec.sport.hockey,rec.sport.hockey,True,1.0,0.25250312499701977,
6311,comp.sys.mac.hardware,comp.sys.ibm.pc.hardware,False,0.85,0.28490541700739413,
6312,talk.religion.misc,alt.atheism,False,0.46,0.280116000038106,
6313,comp.windows.x,comp.windows.x,True,1.0,0.2941813329816796,
6314,soc.religion.christian,soc.religion.christian,True,0.99,0.3416323750279844,
6315,rec.motorcycles,comp.os.ms-windows.misc,False,0.37,0.2558698750217445,
6316,sci.crypt,sci.crypt,True,1.0,0.31121504202019423,
6317,comp.windows.x,comp.graphics,False,0.94,0.35048308299155906,
6318,sci.crypt,talk.politics.misc,False,0.79,0.2847441249759868,
6319,comp.sys.mac.hardware,sci.electronics,False,0.94,0.32921704195905477,
6320,talk.politics.guns,talk.politics.guns,True,1.0,0.2792899999767542,
6321,alt.atheism,talk.politics.misc,False,0.84,0.25873599998885766,
6322,misc.forsale,misc.forsale,True,1.0,0.27844795904820785,
6323,comp.graphics,comp.graphics,True,1.0,0.2952102499548346,
6324,rec.motorcycles,rec.motorcycles,True,0.99,0.2684178749914281,
6325,soc.religion.christian,soc.religion.christian,True,1.0,0.2650455000111833,
6326,comp.sys.ibm.pc.hardware,sci.electronics,False,0.55,0.3170635830028914,
6327,talk.politics.guns,talk.politics.misc,False,0.98,0.35005495900986716,
6328,alt.atheism,alt.atheism,True,0.93,0.27165291603887454,
6329,rec.motorcycles,comp.os.ms-windows.misc,False,0.81,0.26145629200618714,
6330,sci.electronics,sci.electronics,True,1.0,0.312463166017551,
6331,talk.religion.misc,talk.politics.misc,False,0.32,0.2878894580062479,
6332,comp.sys.mac.hardware,comp.os.ms-windows.misc,False,0.54,0.2682229579659179,
6333,comp.windows.x,comp.windows.x,True,1.0,0.336165833985433,
6334,talk.politics.guns,talk.politics.misc,False,0.66,0.25426250003511086,
6335,misc.forsale,misc.forsale,True,1.0,0.2636978749651462,
6336,rec.sport.baseball,rec.sport.baseball,True,1.0,0.25043820799328387,
6337,talk.politics.mideast,talk.politics.mideast,True,0.94,0.2590817919699475,
6338,sci.med,sci.med,True,1.0,0.2559185830177739,
6339,rec.motorcycles,comp.windows.x,False,0.15,0.29265975003363565,
6340,sci.electronics,sci.electronics,True,1.0,0.24911608296679333,
6341,sci.electronics,sci.electronics,True,0.88,0.2914000000455417,
6342,comp.os.ms-windows.misc,comp.os.ms-windows.misc,True,0.99,0.3703198750154115,
6343,rec.sport.hockey,talk.politics.misc,False,0.3,0.3443038340192288,
6344,comp.os.ms-windows.misc,comp.os.ms-windows.misc,True,0.58,0.3397316250484437,
6345,comp.sys.mac.hardware,comp.sys.mac.hardware,True,1.0,0.28815145802218467,
6346,rec.sport.baseball,rec.sport.baseball,True,1.0,0.2945526670082472,
6347,rec.autos,rec.autos,True,0.99,0.29189200000837445,
6348,rec.motorcycles,rec.motorcycles,True,0.99,0.2748386670136824,
6349,sci.med,sci.med,True,1.0,0.31276358396280557,
6350,sci.space,sci.space,True,1.0,0.2678614579490386,
6351,rec.motorcycles,talk.politics.misc,False,0.71,0.2763272090232931,
6352,comp.os.ms-windows.misc,comp.os.ms-windows.misc,True,1.0,0.2599083329550922,
6353,talk.politics.misc,talk.politics.misc,True,1.0,0.33823716698680073,
6354,comp.sys.ibm.pc.hardware,sci.electronics,False,0.98,0.3009978329646401,
6355,comp.windows.x,comp.windows.x,True,1.0,0.2900093750213273,
6356,sci.med,sci.med,True,1.0,0.27599612495396286,
6357,rec.sport.hockey,talk.politics.misc,False,0.31,0.2587786249932833,
6358,comp.sys.mac.hardware,comp.sys.mac.hardware,True,1.0,0.3847184580517933,
6359,rec.motorcycles,rec.motorcycles,True,1.0,0.25253499997779727,
6360,sci.electronics,sci.electronics,True,0.95,0.27785025001503527,
6361,sci.crypt,sci.crypt,True,0.99,0.2483271670062095,
6362,sci.space,sci.space,True,1.0,0.29780108301201835,
6363,talk.religion.misc,rec.autos,False,0.29,0.23455616598948836,
6364,sci.med,comp.os.ms-windows.misc,False,0.36,0.2687164170201868,
6365,comp.sys.ibm.pc.hardware,sci.electronics,False,0.56,0.24580779200186953,
6366,rec.autos,rec.autos,True,1.0,0.2512931670062244,
6367,comp.windows.x,comp.windows.x,True,1.0,0.2621919590164907,
6368,sci.electronics,sci.crypt,False,0.99,0.2690766250016168,
6369,soc.religion.christian,soc.religion.christian,True,0.9,0.26275795797118917,
6370,rec.sport.hockey,rec.sport.hockey,True,1.0,0.2541967920260504,
6371,talk.religion.misc,talk.religion.misc,True,0.93,0.3701372080249712,
6372,rec.autos,rec.autos,True,0.9,0.36213245894759893,
6373,alt.atheism,alt.atheism,True,0.6,0.35636274999706075,
6374,rec.sport.hockey,rec.sport.hockey,True,1.0,0.27020495798205957,
6375,talk.politics.guns,talk.politics.misc,False,0.82,0.25315041694557294,
6376,talk.politics.mideast,talk.politics.mideast,True,1.0,0.28053424996323884,
6377,sci.space,talk.politics.misc,False,0.99,0.2765743749914691,
6378,talk.politics.misc,talk.politics.misc,True,0.88,0.25427508301800117,
6379,rec.sport.hockey,rec.sport.hockey,True,1.0,0.2540346660534851,
6380,sci.crypt,sci.crypt,True,1.0,0.29574687499552965,
6381,sci.med,sci.med,True,1.0,0.3371410419931635,
6382,comp.sys.mac.hardware,rec.sport.hockey,False,0.19,0.2672872919938527,
6383,comp.sys.ibm.pc.hardware,comp.sys.ibm.pc.hardware,True,0.97,0.3262507499894127,
6384,comp.windows.x,comp.windows.x,True,1.0,0.2829566670116037,
6385,sci.med,sci.med,True,1.0,0.29952308302745223,
6386,comp.sys.mac.hardware,comp.sys.mac.hardware,True,0.99,0.29240200005006045,
6387,sci.space,sci.space,True,1.0,0.2728612500359304,
6388,misc.forsale,misc.forsale,True,1.0,0.2818900420097634,
6389,talk.politics.misc,talk.politics.misc,True,0.56,0.3427373330341652,
6390,sci.crypt,sci.crypt,True,1.0,0.2767743750009686,
6391,alt.atheism,talk.religion.misc,False,0.96,0.26854120899224654,
6392,rec.sport.hockey,rec.sport.hockey,True,1.0,0.26882987504359335,
6393,rec.autos,talk.politics.guns,False,1.0,0.2984567499952391,
6394,comp.sys.ibm.pc.hardware,comp.os.ms-windows.misc,False,0.29,0.3119965000078082,
6395,rec.motorcycles,rec.motorcycles,True,1.0,0.43247429199982435,
6396,talk.politics.guns,talk.politics.guns,True,0.69,0.2709707079920918,
6397,rec.motorcycles,rec.motorcycles,True,1.0,0.24750445800600573,
6398,rec.autos,rec.autos,True,1.0,0.36457599996356294,
6399,comp.sys.mac.hardware,comp.graphics,False,0.72,0.349316582956817,
6400,sci.crypt,sci.crypt,True,0.77,0.3512939169886522,
6401,rec.sport.baseball,rec.sport.baseball,True,1.0,0.3375149170169607,
6402,soc.religion.christian,soc.religion.christian,True,0.81,0.33015995897585526,
6403,rec.autos,rec.autos,True,0.98,0.2634676249581389,
6404,rec.sport.hockey,rec.sport.hockey,True,0.98,0.30519366601947695,
6405,sci.med,sci.med,True,0.36,0.353006458026357,
6406,rec.sport.baseball,rec.sport.baseball,True,1.0,0.3321870409999974,
6407,sci.space,talk.politics.misc,False,0.52,0.34061441698577255,
6408,rec.motorcycles,talk.politics.misc,False,0.33,0.3445810829871334,
6409,rec.sport.baseball,rec.sport.baseball,True,1.0,0.2291464579757303,
6410,comp.sys.ibm.pc.hardware,comp.sys.ibm.pc.hardware,True,0.45,0.2516506669926457,
6411,misc.forsale,rec.autos,False,0.25,0.3848230000003241,
6412,talk.religion.misc,alt.atheism,False,0.52,0.37051358295138925,
6413,rec.sport.baseball,rec.sport.baseball,True,1.0,0.31650962500134483,
6414,rec.autos,rec.autos,True,0.98,0.34844570903806016,
6415,comp.os.ms-windows.misc,comp.os.ms-windows.misc,True,0.91,0.2807017079903744,
6416,rec.autos,rec.autos,True,1.0,0.2965832499903627,
6417,rec.autos,rec.autos,True,1.0,0.2876111670047976,
6418,rec.sport.hockey,rec.sport.hockey,True,1.0,0.2959376250510104,
6419,talk.politics.guns,talk.politics.guns,True,1.0,0.3500408340478316,
6420,comp.sys.ibm.pc.hardware,comp.sys.ibm.pc.hardware,True,1.0,0.2793028749874793,
6421,sci.crypt,talk.politics.misc,False,0.31,0.2983860839740373,
6422,comp.windows.x,comp.windows.x,True,1.0,0.40778374997898936,
6423,rec.sport.baseball,rec.sport.baseball,True,1.0,0.37386112503008917,
6424,sci.crypt,comp.os.ms-windows.misc,False,0.42,0.365182040957734,
6425,talk.politics.mideast,talk.politics.misc,False,0.99,0.47732483298750594,
6426,soc.religion.christian,soc.religion.christian,True,0.83,0.3551999169867486,
6427,comp.sys.mac.hardware,comp.sys.mac.hardware,True,0.99,0.2772488340269774,
6428,sci.electronics,sci.electronics,True,0.38,0.26817137497710064,
6429,sci.electronics,sci.electronics,True,1.0,0.35327991703525186,
6430,talk.politics.guns,talk.politics.misc,False,0.65,0.2705411250353791,
6431,sci.crypt,sci.crypt,True,0.95,0.314799917046912,
6432,rec.autos,talk.politics.misc,False,0.4,0.2948540410143323,
6433,comp.windows.x,comp.windows.x,True,1.0,0.3590035000233911,
6434,rec.motorcycles,rec.motorcycles,True,0.68,0.34235912503208965,
6435,comp.windows.x,comp.windows.x,True,1.0,0.30275487498147413,
6436,sci.electronics,sci.electronics,True,0.99,0.37471558299148455,
6437,talk.politics.misc,talk.politics.misc,True,0.64,0.2471288749948144,
6438,sci.med,sci.electronics,False,0.37,0.25601274997461587,
6439,talk.politics.mideast,talk.politics.misc,False,0.49,0.2578851659782231,
6440,comp.os.ms-windows.misc,comp.os.ms-windows.misc,True,0.99,0.2640334159950726,
6441,talk.politics.guns,talk.politics.guns,True,0.58,0.28924308402929455,
6442,rec.sport.hockey,rec.sport.hockey,True,1.0,0.27204604097642004,
6443,rec.sport.baseball,rec.sport.baseball,True,1.0,0.36331254098331556,
6444,rec.sport.baseball,comp.os.ms-windows.misc,False,0.6,0.25869179202709347,
6445,misc.forsale,misc.forsale,True,0.63,0.2426514170365408,
6446,rec.autos,talk.politics.guns,False,0.51,0.316828541981522,
6447,sci.electronics,comp.os.ms-windows.misc,False,0.66,0.2739005000330508,
6448,comp.windows.x,comp.windows.x,True,1.0,0.2593970830203034,
6449,sci.electronics,sci.electronics,True,1.0,0.25798654096433893,
6450,rec.sport.hockey,rec.sport.hockey,True,1.0,0.26624874997651204,
6451,soc.religion.christian,comp.os.ms-windows.misc,False,0.67,0.24950500001432374,
6452,talk.politics.misc,talk.politics.misc,True,0.61,0.2611013340065256,
6453,comp.graphics,comp.graphics,True,0.81,0.30963400000473484,
6454,comp.graphics,comp.graphics,True,0.88,0.2687902500038035,
6455,rec.autos,rec.autos,True,1.0,0.33952091698301956,
6456,rec.sport.hockey,rec.sport.hockey,True,1.0,0.25982320797629654,
6457,sci.electronics,sci.electronics,True,0.97,0.28879608400166035,
6458,sci.med,sci.med,True,1.0,0.25435858400305733,
6459,sci.med,sci.med,True,1.0,0.28913574997568503,
6460,sci.med,sci.med,True,1.0,0.28104904195060953,
6461,sci.space,sci.space,True,0.64,0.24984808400040492,
6462,rec.autos,rec.autos,True,1.0,0.3360564580070786,
6463,rec.motorcycles,talk.politics.guns,False,0.89,0.2324580000131391,
6464,talk.politics.misc,talk.politics.misc,True,0.57,0.24365658301394433,
6465,rec.autos,rec.autos,True,0.9,0.2744334579911083,
6466,sci.electronics,comp.os.ms-windows.misc,False,0.82,0.2783277080161497,
6467,talk.politics.misc,talk.politics.misc,True,0.91,0.36391050001839176,
6468,rec.motorcycles,rec.motorcycles,True,1.0,0.27953137503936887,
6469,rec.autos,rec.autos,True,1.0,0.2524335830239579,
6470,comp.windows.x,comp.windows.x,True,1.0,0.3216334170429036,
6471,talk.politics.mideast,talk.politics.mideast,True,1.0,0.23332916700746864,
6472,comp.sys.ibm.pc.hardware,comp.sys.ibm.pc.hardware,True,0.97,0.27233779203379527,
6473,talk.politics.misc,talk.politics.misc,True,0.87,0.2567077499697916,
6474,rec.autos,rec.autos,True,1.0,0.29657933296402916,
6475,alt.atheism,alt.atheism,True,0.93,0.2617605000268668,
6476,rec.sport.hockey,rec.sport.hockey,True,0.92,0.31956720899324864,
6477,rec.autos,rec.autos,True,1.0,0.2394932089955546,
6478,talk.religion.misc,talk.politics.guns,False,0.71,0.2760923749883659,
6479,misc.forsale,misc.forsale,True,0.7,0.28324112499831244,
6480,talk.politics.mideast,comp.os.ms-windows.misc,False,0.37,0.2572793340077624,
6481,rec.autos,rec.autos,True,1.0,0.2694987080176361,
6482,talk.religion.misc,soc.religion.christian,False,0.79,0.3420610830071382,
6483,rec.motorcycles,rec.autos,False,0.9,0.3420857499586418,
6484,talk.religion.misc,soc.religion.christian,False,0.65,0.29092724999645725,
6485,sci.crypt,talk.politics.misc,False,0.85,0.27946125000016764,
6486,alt.atheism,rec.motorcycles,False,0.78,0.28161562501918525,
6487,comp.graphics,comp.graphics,True,1.0,0.30415525002172217,
6488,rec.sport.baseball,rec.sport.baseball,True,0.98,0.23529416701057926,
6489,sci.space,talk.politics.misc,False,0.82,0.32760312501341105,
6490,alt.atheism,talk.religion.misc,False,0.82,0.2864560000016354,
6491,sci.electronics,comp.os.ms-windows.misc,False,0.33,0.33078837499488145,
6492,misc.forsale,misc.forsale,True,1.0,0.2432096250122413,
6493,comp.graphics,comp.graphics,True,0.91,0.2565329159842804,
6494,sci.crypt,sci.crypt,True,1.0,0.2724594169994816,
6495,sci.med,sci.med,True,1.0,0.2827790839946829,
6496,soc.religion.christian,soc.religion.christian,True,1.0,0.2515336669748649,
6497,comp.os.ms-windows.misc,comp.os.ms-windows.misc,True,1.0,0.34158558305352926,
6498,sci.med,comp.os.ms-windows.misc,False,0.37,0.3223336249939166,
6499,rec.sport.baseball,rec.sport.baseball,True,1.0,0.249332667037379,
6500,rec.motorcycles,rec.motorcycles,True,0.73,0.24506041704444215,
6501,sci.med,sci.med,True,1.0,0.3050480000092648,
6502,talk.politics.mideast,talk.religion.misc,False,0.49,0.2942277079564519,
6503,sci.med,sci.med,True,0.87,0.2770538330078125,
6504,misc.forsale,misc.forsale,True,0.8,0.4484728340175934,
6505,comp.sys.mac.hardware,comp.sys.mac.hardware,True,0.52,0.44257216702681035,
6506,sci.crypt,sci.crypt,True,1.0,0.23798212502151728,
6507,talk.politics.mideast,talk.politics.mideast,True,0.61,0.2900789999985136,
6508,misc.forsale,misc.forsale,True,1.0,0.29085391701664776,
6509,misc.forsale,misc.forsale,True,1.0,0.3976527079939842,
6510,soc.religion.christian,soc.religion.christian,True,0.84,0.38885245798155665,
6511,soc.religion.christian,soc.religion.christian,True,0.97,0.38207245798548684,
6512,rec.autos,rec.autos,True,1.0,0.3802186250104569,
6513,comp.sys.mac.hardware,comp.sys.mac.hardware,True,1.0,0.3099230420193635,
6514,rec.motorcycles,rec.motorcycles,True,0.93,0.324651625007391,
6515,rec.autos,rec.autos,True,1.0,0.2893155829515308,
6516,sci.electronics,sci.electronics,True,0.99,0.27192799997283146,
6517,rec.motorcycles,rec.motorcycles,True,1.0,0.2893355409614742,
6518,misc.forsale,misc.forsale,True,0.23,0.2845877920044586,
6519,sci.crypt,sci.crypt,True,1.0,0.2991567500284873,
6520,sci.med,sci.electronics,False,0.77,0.33251337497495115,
6521,sci.med,sci.med,True,0.99,0.2892645000247285,
6522,comp.windows.x,comp.windows.x,True,0.99,0.30039400001987815,
6523,comp.windows.x,comp.windows.x,True,1.0,0.26473537500714883,
6524,comp.sys.mac.hardware,comp.sys.mac.hardware,True,1.0,0.264774875016883,
6525,talk.politics.guns,talk.politics.guns,True,1.0,0.36660329200094566,
6526,soc.religion.christian,soc.religion.christian,True,0.98,0.2509953340049833,
6527,comp.sys.mac.hardware,sci.electronics,False,0.72,0.2912976249936037,
6528,rec.motorcycles,sci.electronics,False,0.64,0.29272050003055483,
6529,misc.forsale,misc.forsale,True,1.0,0.23386570805450901,
6530,rec.autos,rec.autos,True,1.0,0.30471704195952043,
6531,comp.graphics,comp.graphics,True,1.0,0.3250187499797903,
6532,comp.sys.ibm.pc.hardware,comp.sys.ibm.pc.hardware,True,0.6,0.24781995901139453,
6533,comp.sys.ibm.pc.hardware,comp.windows.x,False,0.99,0.2695166249759495,
6534,talk.politics.mideast,talk.politics.mideast,True,0.88,0.2695855830097571,
6535,talk.politics.misc,talk.politics.misc,True,0.98,0.3033184170490131,
6536,rec.sport.baseball,rec.sport.baseball,True,1.0,0.26518945797579363,
6537,talk.politics.guns,talk.politics.guns,True,0.47,0.36899595794966444,
6538,sci.space,sci.space,True,1.0,0.3347368329996243,
6539,alt.atheism,comp.os.ms-windows.misc,False,0.32,0.288955292024184,
6540,comp.graphics,comp.graphics,True,1.0,0.27451012504752725,
6541,rec.motorcycles,rec.motorcycles,True,1.0,0.32381791702937335,
6542,comp.sys.ibm.pc.hardware,comp.sys.ibm.pc.hardware,True,0.96,0.26465370802907273,
6543,talk.politics.misc,talk.politics.misc,True,0.79,0.3040860830224119,
6544,comp.sys.mac.hardware,comp.sys.ibm.pc.hardware,False,0.66,0.3280656670103781,
6545,talk.religion.misc,misc.forsale,False,0.77,0.2821027080062777,
6546,sci.space,sci.space,True,1.0,0.33234024996636435,
6547,talk.religion.misc,talk.politics.misc,False,0.66,0.25326762499753386,
6548,talk.politics.mideast,talk.politics.mideast,True,1.0,0.2981565000372939,
6549,sci.electronics,sci.electronics,True,1.0,0.26524795801378787,
6550,soc.religion.christian,comp.sys.ibm.pc.hardware,False,0.66,0.34149787499336526,
6551,soc.religion.christian,soc.religion.christian,True,0.99,0.27915949997259304,
6552,rec.autos,talk.politics.misc,False,0.13,0.32000825001159683,
6553,rec.sport.baseball,rec.sport.baseball,True,0.99,0.305703625024762,
6554,misc.forsale,comp.os.ms-windows.misc,False,0.34,0.30482258298434317,
6555,comp.graphics,comp.graphics,True,1.0,0.3042780419928022,
6556,rec.motorcycles,rec.motorcycles,True,0.61,0.3025416249874979,
6557,rec.autos,rec.autos,True,1.0,0.293611790984869,
6558,comp.sys.mac.hardware,comp.os.ms-windows.misc,False,0.45,0.2743457500473596,
6559,comp.os.ms-windows.misc,comp.os.ms-windows.misc,True,1.0,0.25611650000791997,
6560,talk.politics.mideast,comp.os.ms-windows.misc,False,0.34,0.3234979580156505,
6561,sci.electronics,comp.os.ms-windows.misc,False,0.32,0.2908332080114633,
6562,talk.religion.misc,soc.religion.christian,False,0.77,0.33476554200751707,
6563,comp.graphics,comp.graphics,True,0.98,0.28470274998107925,
6564,comp.windows.x,comp.windows.x,True,1.0,0.4565036249696277,
6565,comp.sys.mac.hardware,comp.sys.mac.hardware,True,1.0,0.29122370801633224,
6566,comp.windows.x,comp.windows.x,True,1.0,0.23254687496228144,
6567,alt.atheism,talk.religion.misc,False,0.99,0.3488135830266401,
6568,rec.autos,rec.autos,True,1.0,0.3274589159991592,
6569,sci.med,sci.med,True,0.93,0.312394917011261,
6570,rec.motorcycles,rec.motorcycles,True,0.95,0.277444250008557,
6571,comp.os.ms-windows.misc,comp.os.ms-windows.misc,True,0.81,0.30414004100020975,
6572,rec.autos,rec.autos,True,1.0,0.3858044999651611,
6573,soc.religion.christian,soc.religion.christian,True,0.95,0.32066799997119233,
6574,sci.crypt,talk.politics.misc,False,0.25,0.26119120803195983,
6575,comp.graphics,comp.graphics,True,0.65,0.32206079200841486,
6576,sci.electronics,sci.electronics,True,1.0,0.2856946249958128,
6577,rec.sport.baseball,rec.sport.baseball,True,0.93,0.30224408401409164,
6578,sci.electronics,sci.electronics,True,1.0,0.27816570800496265,
6579,misc.forsale,misc.forsale,True,1.0,0.2876015409710817,
6580,soc.religion.christian,alt.atheism,False,0.75,0.3813171249930747,
6581,soc.religion.christian,talk.religion.misc,False,0.55,0.34223445801762864,
6582,comp.windows.x,comp.windows.x,True,1.0,0.2936513340100646,
6583,alt.atheism,talk.politics.mideast,False,0.82,0.24182520800968632,
6584,rec.sport.baseball,rec.sport.baseball,True,1.0,0.2593976250500418,
6585,comp.sys.ibm.pc.hardware,comp.sys.ibm.pc.hardware,True,1.0,0.26505541696678847,
6586,misc.forsale,misc.forsale,True,1.0,0.36009154201019555,
6587,talk.politics.guns,talk.politics.guns,True,0.68,0.286809874989558,
6588,rec.autos,rec.autos,True,1.0,0.2508759999764152,
6589,talk.politics.mideast,sci.crypt,False,0.09,0.25227020803140476,
6590,sci.space,sci.space,True,1.0,0.25984266703017056,
6591,rec.sport.hockey,rec.sport.hockey,True,0.87,0.39196279196767136,
6592,talk.politics.mideast,talk.politics.mideast,True,1.0,0.22900312498677522,
6593,comp.graphics,comp.graphics,True,0.48,0.23535699996864423,
6594,misc.forsale,misc.forsale,True,0.95,0.36391966696828604,
6595,alt.atheism,alt.atheism,True,0.37,0.3536937920143828,
6596,talk.politics.mideast,talk.politics.misc,False,0.73,0.28878708300180733,
6597,rec.sport.hockey,rec.sport.hockey,True,1.0,0.2747913340572268,
6598,soc.religion.christian,soc.religion.christian,True,0.54,0.3241649999981746,
6599,sci.electronics,sci.crypt,False,0.99,0.3493082500062883,
6600,comp.windows.x,comp.windows.x,True,1.0,0.24937475001206622,
6601,comp.graphics,comp.graphics,True,1.0,0.32381916703889146,
6602,comp.sys.ibm.pc.hardware,comp.sys.ibm.pc.hardware,True,0.99,0.26879383402410895,
6603,talk.politics.guns,talk.politics.guns,True,0.99,0.23380175000056624,
6604,sci.space,comp.os.ms-windows.misc,False,0.34,0.28392408398212865,
6605,comp.sys.ibm.pc.hardware,comp.sys.ibm.pc.hardware,True,0.94,0.26102149998769164,
6606,rec.motorcycles,rec.motorcycles,True,0.99,0.24504333303775638,
6607,talk.religion.misc,comp.os.ms-windows.misc,False,0.34,0.2761345829931088,
6608,misc.forsale,misc.forsale,True,0.6,0.27125145896570757,
6609,misc.forsale,misc.forsale,True,1.0,0.2737274579703808,
6610,misc.forsale,misc.forsale,True,1.0,0.2703220419934951,
6611,comp.graphics,comp.graphics,True,1.0,0.25753566704224795,
6612,rec.sport.hockey,rec.sport.hockey,True,1.0,0.23218129202723503,
6613,misc.forsale,misc.forsale,True,1.0,0.24618033302249387,
6614,rec.sport.hockey,rec.sport.hockey,True,1.0,0.28923279099399224,
6615,sci.space,sci.space,True,1.0,0.2646121659781784,
6616,rec.sport.hockey,talk.politics.misc,False,0.47,0.3083864590153098,
6617,rec.motorcycles,rec.motorcycles,True,0.91,0.25505650002742186,
6618,comp.graphics,comp.graphics,True,1.0,0.2380965409683995,
6619,rec.motorcycles,rec.motorcycles,True,1.0,0.25850716698914766,
6620,talk.politics.guns,talk.politics.guns,True,1.0,0.3098924999940209,
6621,misc.forsale,misc.forsale,True,1.0,0.2640762079972774,
6622,comp.graphics,comp.graphics,True,1.0,0.26654024998424575,
6623,comp.graphics,comp.graphics,True,1.0,0.3876918749883771,
6624,sci.med,sci.med,True,1.0,0.35960004199296236,
6625,talk.religion.misc,talk.politics.guns,False,0.42,0.29154904204187915,
6626,sci.med,sci.med,True,1.0,0.33533529203850776,
6627,rec.autos,rec.autos,True,1.0,0.3007511670002714,
6628,sci.electronics,rec.autos,False,0.99,0.2625237079919316,
6629,talk.politics.guns,talk.politics.guns,True,0.93,0.5592008749954402,
6630,misc.forsale,misc.forsale,True,1.0,0.258981125021819,
6631,comp.sys.mac.hardware,comp.sys.mac.hardware,True,1.0,0.31888683297438547,
6632,talk.politics.misc,talk.politics.misc,True,0.94,0.42595791700296104,
6633,misc.forsale,misc.forsale,True,0.97,0.22669462498743087,
6634,comp.sys.ibm.pc.hardware,comp.sys.ibm.pc.hardware,True,0.99,0.3109811249887571,
6635,rec.autos,rec.autos,True,0.79,0.33773258299333975,
6636,rec.autos,rec.autos,True,1.0,0.29765591700561345,
6637,rec.motorcycles,rec.motorcycles,True,0.95,0.2678125420352444,
6638,comp.sys.ibm.pc.hardware,comp.sys.mac.hardware,False,0.46,0.29889462498249486,
6639,comp.windows.x,comp.os.ms-windows.misc,False,0.38,0.3017623749910854,
6640,comp.sys.mac.hardware,comp.sys.mac.hardware,True,1.0,0.2577638339716941,
6641,rec.sport.hockey,rec.sport.hockey,True,1.0,0.30094212503172457,
6642,sci.crypt,sci.crypt,True,1.0,0.29542883299291134,
6643,rec.sport.baseball,rec.sport.baseball,True,1.0,0.25521054200362414,
6644,sci.med,sci.med,True,1.0,0.2947161249467172,
6645,talk.politics.misc,talk.politics.misc,True,0.54,0.32443508302094415,
6646,comp.sys.mac.hardware,comp.sys.mac.hardware,True,0.93,0.2983853750047274,
6647,comp.windows.x,comp.graphics,False,0.59,0.28333766700234264,
6648,sci.space,sci.space,True,1.0,0.2777621249551885,
6649,alt.atheism,alt.atheism,True,0.97,0.3661513330298476,
6650,alt.atheism,alt.atheism,True,0.81,0.36309937498299405,
6651,comp.graphics,comp.graphics,True,1.0,0.32660154200857505,
6652,rec.sport.baseball,rec.sport.baseball,True,0.99,0.32455779099836946,
6653,talk.politics.mideast,talk.politics.misc,False,0.97,0.3771715419716202,
6654,rec.sport.hockey,rec.sport.hockey,True,1.0,0.29175887495512143,
6655,sci.crypt,sci.crypt,True,1.0,0.2993736669886857,
6656,misc.forsale,misc.forsale,True,1.0,0.23341612500371411,
6657,rec.sport.hockey,rec.sport.hockey,True,1.0,0.2676628330373205,
6658,talk.politics.mideast,talk.politics.misc,False,0.49,0.2652244589990005,
6659,talk.politics.guns,comp.windows.x,False,0.27,0.26379983400693163,
6660,alt.atheism,alt.atheism,True,0.65,0.2719645000179298,
6661,sci.crypt,comp.os.ms-windows.misc,False,0.34,0.22095370799070224,
6662,rec.motorcycles,rec.autos,False,0.56,0.30856533301994205,
6663,comp.graphics,comp.windows.x,False,0.99,0.2512668750132434,
6664,sci.space,sci.space,True,1.0,0.2834236249909736,
6665,talk.politics.guns,talk.politics.guns,True,0.99,0.5272432920173742,
6666,alt.atheism,sci.electronics,False,0.99,0.35623866703826934,
6667,rec.autos,rec.autos,True,1.0,0.2904310419689864,
6668,comp.windows.x,comp.windows.x,True,1.0,0.2990427909535356,
6669,sci.electronics,sci.electronics,True,1.0,0.2586532079731114,
6670,sci.med,sci.med,True,1.0,0.3106357079814188,
6671,talk.politics.mideast,talk.politics.misc,False,0.9,0.3216901660198346,
6672,rec.sport.baseball,rec.sport.baseball,True,1.0,0.2690172079601325,
6673,sci.electronics,sci.electronics,True,0.97,0.28011758398497477,
6674,comp.sys.ibm.pc.hardware,comp.sys.ibm.pc.hardware,True,1.0,0.29844687500735745,
6675,talk.politics.mideast,sci.crypt,False,0.59,0.31558362499345094,
6676,rec.autos,rec.autos,True,1.0,0.28405595797812566,
6677,comp.sys.mac.hardware,comp.sys.mac.hardware,True,1.0,0.42521358403610066,
6678,comp.os.ms-windows.misc,comp.os.ms-windows.misc,True,1.0,0.3858408749802038,
6679,alt.atheism,alt.atheism,True,0.65,0.2452506250119768,
6680,rec.sport.hockey,rec.sport.hockey,True,1.0,0.2468916670186445,
6681,rec.motorcycles,rec.motorcycles,True,1.0,0.2874506249791011,
6682,sci.space,sci.space,True,1.0,0.27536004199646413,
6683,sci.crypt,sci.crypt,True,1.0,0.2468183750170283,
6684,rec.sport.hockey,rec.sport.hockey,True,1.0,0.24166520801372826,
6685,comp.windows.x,comp.windows.x,True,1.0,0.44458445900818333,
6686,comp.sys.ibm.pc.hardware,comp.sys.ibm.pc.hardware,True,0.84,0.2619357919902541,
6687,talk.religion.misc,talk.politics.misc,False,0.94,0.25554174999706447,
6688,sci.crypt,sci.crypt,True,1.0,0.24777237500529736,
6689,talk.politics.mideast,comp.os.ms-windows.misc,False,0.31,0.2683348339633085,
6690,talk.religion.misc,comp.os.ms-windows.misc,False,0.12,0.32525462500052527,
6691,sci.med,sci.med,True,1.0,0.3270610829931684,
6692,misc.forsale,misc.forsale,True,0.93,0.24948116595624015,
6693,rec.autos,rec.autos,True,1.0,0.3176371659501456,
6694,comp.sys.ibm.pc.hardware,sci.electronics,False,0.85,0.2357802499900572,
6695,comp.sys.mac.hardware,comp.os.ms-windows.misc,False,0.71,0.2455690420465544,
6696,rec.motorcycles,misc.forsale,False,0.43,0.2913472499931231,
6697,rec.autos,rec.autos,True,1.0,0.2967632079962641,
6698,talk.politics.misc,talk.politics.misc,True,0.66,0.3146145000355318,
6699,sci.med,sci.med,True,0.49,0.2979651659843512,
6700,comp.graphics,comp.graphics,True,1.0,0.4861205829656683,
6701,rec.autos,rec.autos,True,0.97,0.2687511250260286,
6702,rec.sport.baseball,rec.sport.baseball,True,1.0,0.25172870798269287,
6703,sci.electronics,sci.electronics,True,1.0,0.2683732499717735,
6704,rec.sport.baseball,rec.sport.baseball,True,1.0,0.28705141600221395,
6705,rec.sport.baseball,misc.forsale,False,0.65,0.39639404200715944,
6706,sci.electronics,sci.electronics,True,1.0,0.25390854198485613,
6707,talk.religion.misc,soc.religion.christian,False,0.92,0.338236165989656,
6708,comp.os.ms-windows.misc,comp.os.ms-windows.misc,True,0.66,0.317910416983068,
6709,comp.os.ms-windows.misc,comp.graphics,False,0.57,0.2948877090238966,
6710,rec.sport.baseball,comp.os.ms-windows.misc,False,0.36,0.2825002910103649,
6711,talk.politics.misc,talk.politics.misc,True,0.99,0.3754834579885937,
6712,soc.religion.christian,soc.religion.christian,True,0.98,0.2737944590044208,
6713,sci.electronics,sci.electronics,True,1.0,0.30652254098095,
6714,rec.sport.hockey,rec.sport.hockey,True,1.0,0.30677974998252466,
6715,sci.space,sci.space,True,1.0,0.29339520796202123,
6716,comp.graphics,comp.graphics,True,0.98,0.23854554101126269,
6717,rec.motorcycles,rec.motorcycles,True,0.99,0.2719709170050919,
6718,soc.religion.christian,comp.os.ms-windows.misc,False,0.34,0.27592670801095665,
6719,sci.electronics,sci.electronics,True,1.0,0.2734246659674682,
6720,rec.motorcycles,rec.autos,False,1.0,0.2655258749728091,
6721,soc.religion.christian,soc.religion.christian,True,0.93,0.2896704580052756,
6722,sci.space,sci.space,True,1.0,0.26262595801381394,
6723,rec.sport.hockey,rec.sport.hockey,True,1.0,0.2596862080390565,
6724,comp.sys.ibm.pc.hardware,comp.sys.ibm.pc.hardware,True,0.99,0.2251827500294894,
6725,talk.politics.guns,talk.politics.guns,True,0.82,0.2465460830135271,
6726,comp.graphics,comp.windows.x,False,0.83,0.27634404198033735,
6727,sci.med,sci.med,True,1.0,0.2965367499855347,
6728,soc.religion.christian,soc.religion.christian,True,0.91,0.25964579201536253,
6729,soc.religion.christian,soc.religion.christian,True,0.99,0.2471492089680396,
6730,sci.space,sci.space,True,0.92,0.2612986249732785,
6731,rec.autos,rec.autos,True,1.0,0.2987383749568835,
6732,comp.os.ms-windows.misc,comp.os.ms-windows.misc,True,0.94,0.24046525004087016,
6733,misc.forsale,comp.sys.ibm.pc.hardware,False,0.99,0.23270225001033396,
6734,talk.politics.mideast,talk.politics.mideast,True,1.0,0.26352783298352733,
6735,alt.atheism,alt.atheism,True,0.69,0.3785378329921514,
6736,rec.motorcycles,rec.autos,False,0.65,0.25592512503499165,
6737,sci.electronics,sci.electronics,True,1.0,0.2962912499788217,
6738,rec.motorcycles,rec.motorcycles,True,0.92,0.2763004999724217,
6739,sci.med,sci.med,True,1.0,0.31059875001665205,
6740,rec.motorcycles,rec.autos,False,0.49,0.3537991250050254,
6741,sci.space,sci.space,True,1.0,0.32063179096439853,
6742,sci.space,sci.space,True,1.0,0.3133607499767095,
6743,comp.windows.x,comp.windows.x,True,1.0,0.26034633396193385,
6744,comp.os.ms-windows.misc,comp.os.ms-windows.misc,True,1.0,0.3555744580226019,
6745,sci.crypt,comp.os.ms-windows.misc,False,0.33,0.2589129169937223,
6746,rec.sport.hockey,rec.sport.hockey,True,1.0,0.2589426249614917,
6747,misc.forsale,comp.os.ms-windows.misc,False,0.35,0.24424912501126528,
6748,comp.windows.x,comp.os.ms-windows.misc,False,0.98,0.37357033300213516,
6749,rec.sport.baseball,rec.sport.baseball,True,1.0,0.2561127499793656,
6750,comp.windows.x,comp.windows.x,True,1.0,0.26491045899456367,
6751,sci.med,sci.med,True,0.31,0.2976724589825608,
6752,rec.sport.hockey,rec.sport.hockey,True,1.0,0.3043872920097783,
6753,talk.politics.mideast,talk.politics.misc,False,0.22,0.25116416602395475,
6754,rec.autos,rec.autos,True,1.0,0.312600500008557,
6755,talk.politics.mideast,comp.os.ms-windows.misc,False,0.21,0.24772124999435619,
6756,rec.sport.baseball,rec.sport.baseball,True,1.0,0.30699633399490267,
6757,comp.sys.ibm.pc.hardware,comp.sys.ibm.pc.hardware,True,0.87,0.25861999997869134,
6758,comp.sys.mac.hardware,comp.sys.mac.hardware,True,0.99,0.23528675001580268,
6759,comp.sys.ibm.pc.hardware,comp.sys.ibm.pc.hardware,True,0.93,0.29816958302399144,
6760,rec.motorcycles,rec.motorcycles,True,0.99,0.2817669160431251,
6761,comp.os.ms-windows.misc,comp.os.ms-windows.misc,True,0.57,0.2764962080400437,
6762,rec.sport.hockey,rec.sport.hockey,True,1.0,0.26485400000819936,
6763,talk.politics.guns,talk.politics.guns,True,0.87,0.2579587500076741,
6764,sci.electronics,comp.os.ms-windows.misc,False,0.3,0.24351308395853266,
6765,talk.religion.misc,talk.religion.misc,True,0.58,0.3525631669908762,
6766,talk.politics.mideast,talk.politics.misc,False,0.9,0.3245252500055358,
6767,sci.med,sci.med,True,1.0,0.3148817499750294,
6768,comp.os.ms-windows.misc,comp.os.ms-windows.misc,True,0.76,0.2920975839952007,
6769,comp.sys.ibm.pc.hardware,comp.sys.ibm.pc.hardware,True,0.71,0.26794241595780477,
6770,sci.electronics,sci.electronics,True,0.97,0.28062062500976026,
6771,rec.sport.hockey,talk.politics.misc,False,0.6,0.28085412504151464,
6772,sci.med,sci.med,True,1.0,0.27013037499273196,
6773,comp.os.ms-windows.misc,comp.graphics,False,0.24,0.24852600001031533,
6774,rec.sport.baseball,rec.sport.baseball,True,1.0,0.3139496669755317,
6775,talk.politics.guns,talk.politics.guns,True,1.0,0.2655187920317985,
6776,rec.sport.baseball,rec.sport.baseball,True,0.99,0.2712259999825619,
6777,sci.crypt,sci.crypt,True,1.0,0.24528804200235754,
6778,talk.politics.mideast,talk.politics.mideast,True,0.49,0.25546979100909084,
6779,sci.electronics,comp.sys.ibm.pc.hardware,False,0.46,0.3276453330181539,
6780,sci.crypt,sci.crypt,True,0.86,0.287557834002655,
6781,comp.sys.mac.hardware,comp.sys.mac.hardware,True,1.0,0.3036152920103632,
6782,misc.forsale,misc.forsale,True,1.0,0.2752923750085756,
6783,rec.motorcycles,rec.motorcycles,True,0.97,0.4054937500040978,
6784,misc.forsale,comp.sys.ibm.pc.hardware,False,0.74,0.28121695801382884,
6785,talk.politics.guns,talk.politics.misc,False,0.85,0.3704184170346707,
6786,soc.religion.christian,soc.religion.christian,True,0.97,0.2598215829930268,
6787,rec.motorcycles,rec.motorcycles,True,0.99,0.32671495800605044,
6788,comp.sys.ibm.pc.hardware,comp.sys.ibm.pc.hardware,True,0.98,0.3019753329572268,
6789,misc.forsale,misc.forsale,True,1.0,0.25248650001594797,
6790,misc.forsale,misc.forsale,True,0.68,0.32748974999412894,
6791,talk.politics.mideast,talk.religion.misc,False,0.47,0.2602283749729395,
6792,talk.politics.mideast,talk.politics.misc,False,0.66,0.2922014169744216,
6793,comp.os.ms-windows.misc,comp.os.ms-windows.misc,True,0.32,0.29488666699035093,
6794,talk.religion.misc,talk.politics.misc,False,0.77,0.37279695802135393,
6795,soc.religion.christian,talk.religion.misc,False,0.67,0.2519750829669647,
6796,sci.space,talk.politics.misc,False,0.57,0.2388159169931896,
6797,comp.os.ms-windows.misc,comp.os.ms-windows.misc,True,0.92,0.38210229197284207,
6798,sci.electronics,sci.crypt,False,0.12,0.268479332968127,
6799,sci.med,sci.med,True,0.96,0.306269540975336,
6800,sci.space,sci.med,False,0.75,0.27116883400594816,
6801,rec.autos,rec.autos,True,1.0,0.2682132920017466,
6802,sci.med,sci.med,True,1.0,0.23694804101251066,
6803,sci.electronics,sci.electronics,True,0.48,0.2994466249947436,
6804,comp.sys.ibm.pc.hardware,comp.sys.ibm.pc.hardware,True,0.59,0.2966626670095138,
6805,alt.atheism,alt.atheism,True,1.0,0.2625131249660626,
6806,rec.motorcycles,rec.motorcycles,True,0.88,0.3306606669793837,
6807,sci.electronics,sci.electronics,True,1.0,0.24240208300761878,
6808,rec.sport.baseball,rec.sport.baseball,True,0.98,0.28628000000026077,
6809,comp.os.ms-windows.misc,comp.os.ms-windows.misc,True,0.99,0.2944897909765132,
6810,sci.crypt,sci.crypt,True,1.0,0.3536902909982018,
6811,rec.sport.baseball,rec.sport.baseball,True,0.99,0.31711208302294835,
6812,talk.politics.mideast,talk.politics.mideast,True,1.0,0.2955681250314228,
6813,rec.autos,rec.autos,True,0.98,0.2970194580266252,
6814,rec.motorcycles,rec.motorcycles,True,1.0,0.2396542920032516,
6815,comp.sys.mac.hardware,comp.sys.mac.hardware,True,0.99,0.26842941698851064,
6816,talk.politics.mideast,talk.politics.misc,False,0.96,0.2376517909578979,
6817,talk.religion.misc,alt.atheism,False,0.82,0.2513757499982603,
6818,rec.autos,rec.autos,True,1.0,0.2778505840105936,
6819,comp.os.ms-windows.misc,comp.os.ms-windows.misc,True,0.49,0.28781179204816,
6820,talk.politics.guns,talk.politics.guns,True,0.99,0.2993677919730544,
6821,comp.sys.ibm.pc.hardware,comp.os.ms-windows.misc,False,0.37,0.2812152089900337,
6822,comp.sys.mac.hardware,comp.os.ms-windows.misc,False,0.17,0.36317250004503876,
6823,soc.religion.christian,soc.religion.christian,True,0.96,0.25746020901715383,
6824,sci.electronics,sci.crypt,False,0.49,0.3461682089837268,
6825,misc.forsale,misc.forsale,True,1.0,0.3160202089929953,
6826,comp.sys.ibm.pc.hardware,comp.sys.ibm.pc.hardware,True,0.99,0.32077279104851186,
6827,misc.forsale,misc.forsale,True,1.0,0.3096125830197707,
6828,rec.autos,rec.autos,True,1.0,0.2937169580254704,
6829,comp.sys.mac.hardware,comp.sys.mac.hardware,True,0.79,0.34084491699468344,
6830,sci.space,sci.space,True,1.0,0.29386970901396126,
6831,talk.politics.guns,talk.politics.misc,False,0.6,0.3040842500049621,
6832,misc.forsale,misc.forsale,True,0.96,0.26144941698294133,
6833,comp.graphics,talk.politics.misc,False,0.18,0.25367791700409725,
6834,misc.forsale,misc.forsale,True,1.0,0.24167925002984703,
6835,rec.motorcycles,rec.motorcycles,True,0.96,0.2442975000012666,
6836,rec.sport.hockey,rec.sport.hockey,True,0.53,0.24504433397669345,
6837,comp.sys.ibm.pc.hardware,comp.sys.ibm.pc.hardware,True,0.99,0.25036295800236985,
6838,talk.politics.mideast,talk.politics.misc,False,0.99,0.3657842919928953,
6839,sci.med,comp.graphics,False,0.83,0.3100221250206232,
6840,talk.politics.mideast,talk.politics.mideast,True,0.7,0.24468966701533645,
6841,rec.motorcycles,rec.motorcycles,True,0.94,0.3494969159946777,
6842,sci.med,misc.forsale,False,0.5,0.3034740840084851,
6843,sci.electronics,sci.electronics,True,0.55,0.316181082976982,
6844,rec.autos,rec.autos,True,1.0,0.3232598750037141,
6845,talk.religion.misc,alt.atheism,False,0.99,0.2556402499903925,
6846,soc.religion.christian,soc.religion.christian,True,0.98,0.290849834040273,
6847,comp.os.ms-windows.misc,comp.os.ms-windows.misc,True,0.95,0.2849281670060009,
6848,talk.politics.misc,talk.politics.guns,False,0.71,0.29954500001622364,
6849,talk.politics.misc,talk.politics.misc,True,0.95,0.2599775000126101,
6850,comp.windows.x,comp.windows.x,True,1.0,0.4039250410278328,
6851,talk.politics.guns,talk.religion.misc,False,0.34,0.27905533398734406,
6852,comp.os.ms-windows.misc,comp.os.ms-windows.misc,True,0.91,0.38165212504100055,
6853,talk.politics.guns,talk.politics.misc,False,0.82,0.37282908300403506,
6854,comp.windows.x,comp.windows.x,True,1.0,0.27925829199375585,
6855,talk.politics.misc,talk.politics.misc,True,0.97,0.26614620903274044,
6856,rec.autos,rec.autos,True,1.0,0.3125197500339709,
6857,talk.politics.misc,talk.politics.misc,True,0.82,0.2570191250415519,
6858,talk.politics.guns,talk.politics.guns,True,1.0,0.32019941695034504,
6859,talk.politics.guns,comp.os.ms-windows.misc,False,0.22,0.36789512500399724,
6860,sci.space,sci.space,True,1.0,0.256080583028961,
6861,sci.crypt,sci.crypt,True,1.0,0.35149070899933577,
6862,rec.autos,rec.autos,True,0.99,0.3336684589739889,
6863,soc.religion.christian,soc.religion.christian,True,0.97,0.2565267910249531,
6864,comp.windows.x,misc.forsale,False,0.86,0.32297554099932313,
6865,sci.electronics,sci.electronics,True,1.0,0.2614706250024028,
6866,comp.os.ms-windows.misc,comp.os.ms-windows.misc,True,1.0,0.23523520800517872,
6867,talk.politics.guns,talk.politics.misc,False,0.53,0.2710802079527639,
6868,comp.os.ms-windows.misc,comp.os.ms-windows.misc,True,0.94,0.2964127499726601,
6869,sci.med,sci.med,True,1.0,0.2634198750020005,
6870,comp.graphics,talk.religion.misc,False,0.43,0.23720216599758714,
6871,talk.politics.misc,talk.politics.misc,True,0.48,0.2786945840343833,
6872,talk.politics.guns,talk.politics.misc,False,0.66,0.2981564159854315,
6873,alt.atheism,talk.religion.misc,False,0.96,0.3489327909774147,
6874,alt.atheism,alt.atheism,True,0.59,0.31053579098079354,
6875,comp.graphics,comp.graphics,True,1.0,0.283163791988045,
6876,misc.forsale,misc.forsale,True,0.99,0.3039282920071855,
6877,comp.graphics,comp.graphics,True,0.99,0.2965307909762487,
6878,sci.electronics,sci.electronics,True,0.99,0.3740743329981342,
6879,rec.autos,rec.autos,True,1.0,0.25196295796195045,
6880,rec.sport.hockey,rec.sport.hockey,True,1.0,0.345775333000347,
6881,talk.politics.misc,talk.politics.misc,True,0.95,0.34604887501336634,
6882,sci.crypt,sci.crypt,True,1.0,0.3368277499685064,
6883,rec.sport.hockey,rec.sport.hockey,True,1.0,0.2948598749935627,
6884,soc.religion.christian,alt.atheism,False,0.81,0.29800279199844226,
6885,sci.crypt,talk.politics.misc,False,0.97,0.2928446250152774,
6886,comp.os.ms-windows.misc,comp.os.ms-windows.misc,True,0.98,0.28753575001610443,
6887,misc.forsale,misc.forsale,True,0.89,0.2524973750114441,
6888,sci.space,sci.space,True,1.0,0.291069874947425,
6889,talk.politics.mideast,talk.politics.misc,False,0.71,0.2493635829887353,
6890,talk.religion.misc,soc.religion.christian,False,0.72,0.25740104203578085,
6891,rec.sport.baseball,rec.sport.baseball,True,1.0,0.25162120902678,
6892,comp.sys.mac.hardware,comp.sys.mac.hardware,True,0.99,0.2827988750068471,
6893,rec.sport.baseball,rec.sport.baseball,True,1.0,0.2687352500506677,
6894,soc.religion.christian,soc.religion.christian,True,0.89,0.35634091595420614,
6895,sci.crypt,sci.crypt,True,1.0,0.2700062500080094,
6896,talk.politics.guns,talk.politics.guns,True,1.0,0.26410458399914205,
6897,talk.politics.mideast,talk.politics.mideast,True,0.48,0.25629333301912993,
6898,rec.sport.hockey,comp.os.ms-windows.misc,False,0.34,0.2974364170222543,
6899,talk.politics.guns,talk.politics.misc,False,0.76,0.2869282499887049,
6900,soc.religion.christian,soc.religion.christian,True,0.95,0.27901916700648144,
6901,talk.politics.mideast,talk.politics.misc,False,0.69,0.24590304197045043,
6902,comp.sys.ibm.pc.hardware,comp.os.ms-windows.misc,False,0.69,0.2479404999758117,
6903,rec.autos,rec.autos,True,0.92,0.34802237496478483,
6904,rec.sport.baseball,rec.sport.baseball,True,1.0,0.2688615830265917,
6905,rec.sport.baseball,rec.sport.baseball,True,1.0,0.41204320901306346,
6906,rec.sport.baseball,rec.sport.baseball,True,1.0,0.3831770839751698,
6907,talk.religion.misc,talk.politics.misc,False,0.24,0.37090120901120827,
6908,rec.motorcycles,rec.motorcycles,True,1.0,0.2577021250035614,
6909,talk.politics.mideast,talk.politics.misc,False,0.93,0.34068970900261775,
6910,talk.politics.misc,talk.politics.misc,True,0.84,0.3457820829935372,
6911,rec.autos,rec.autos,True,1.0,0.30733087501721457,
6912,sci.space,sci.space,True,0.29,0.3083854579599574,
6913,sci.space,comp.os.ms-windows.misc,False,0.35,0.2969168329727836,
6914,sci.crypt,sci.crypt,True,0.99,0.27525150001747534,
6915,comp.windows.x,comp.windows.x,True,1.0,0.2647528749657795,
6916,comp.sys.ibm.pc.hardware,comp.sys.ibm.pc.hardware,True,0.98,0.28772949997801334,
6917,comp.windows.x,comp.windows.x,True,0.9,0.2909562499844469,
6918,talk.politics.mideast,rec.sport.baseball,False,0.74,0.2889198749908246,
6919,talk.politics.guns,talk.politics.misc,False,0.48,0.2526734580169432,
6920,sci.electronics,rec.autos,False,0.56,0.27195112500339746,
6921,soc.religion.christian,soc.religion.christian,True,0.7,0.2678655420313589,
6922,sci.med,sci.med,True,0.99,0.24545887496788055,
6923,rec.autos,misc.forsale,False,0.72,0.27432379202218726,
6924,rec.motorcycles,rec.motorcycles,True,1.0,0.27826395799638703,
6925,talk.politics.guns,talk.politics.misc,False,0.93,0.29969854198861867,
6926,sci.med,talk.politics.misc,False,0.39,0.2438543330063112,
6927,sci.electronics,sci.electronics,True,0.96,0.26947600004496053,
6928,talk.politics.misc,talk.politics.misc,True,0.91,0.2392600000021048,
6929,talk.politics.mideast,talk.politics.misc,False,0.94,0.2898324580164626,
6930,comp.os.ms-windows.misc,comp.graphics,False,0.65,0.25566195900319144,
6931,sci.space,sci.space,True,1.0,0.292284999974072,
6932,comp.sys.ibm.pc.hardware,comp.sys.ibm.pc.hardware,True,0.62,0.266548709012568,
6933,talk.religion.misc,soc.religion.christian,False,0.85,0.3051777919754386,
6934,comp.graphics,comp.graphics,True,0.99,0.31627079198369756,
6935,talk.politics.misc,soc.religion.christian,False,0.44,0.32687816699035466,
6936,talk.politics.guns,comp.os.ms-windows.misc,False,0.34,0.3682912500225939,
6937,rec.sport.hockey,rec.sport.hockey,True,1.0,0.2463153749704361,
6938,comp.graphics,sci.crypt,False,0.25,0.2781665840302594,
6939,comp.os.ms-windows.misc,comp.os.ms-windows.misc,True,0.97,0.29445470898645,
6940,sci.crypt,talk.politics.misc,False,0.61,0.2511763329966925,
6941,misc.forsale,misc.forsale,True,0.92,0.48713987501105294,
6942,talk.politics.misc,talk.politics.misc,True,0.63,0.2931593329994939,
6943,talk.politics.guns,talk.politics.guns,True,0.65,0.2783436250174418,
6944,sci.crypt,sci.crypt,True,1.0,0.23474391602212563,
6945,misc.forsale,misc.forsale,True,0.73,0.29764070897363126,
6946,comp.windows.x,comp.windows.x,True,1.0,0.2509610829874873,
6947,comp.sys.ibm.pc.hardware,comp.sys.ibm.pc.hardware,True,0.97,0.29465645900927484,
6948,sci.med,comp.os.ms-windows.misc,False,0.34,0.2712813329999335,
6949,comp.windows.x,comp.os.ms-windows.misc,False,0.16,0.30262445902917534,
6950,comp.sys.ibm.pc.hardware,comp.sys.ibm.pc.hardware,True,1.0,0.2542292500147596,
6951,rec.autos,rec.autos,True,1.0,0.28976466599851847,
6952,alt.atheism,alt.atheism,True,0.99,0.39983062498504296,
6953,talk.politics.mideast,talk.politics.mideast,True,1.0,0.30408462503692135,
6954,soc.religion.christian,soc.religion.christian,True,0.99,0.2959180840407498,
6955,talk.politics.guns,talk.politics.misc,False,0.67,0.3300721250125207,
6956,sci.med,comp.graphics,False,0.51,0.25953362497966737,
6957,talk.politics.guns,talk.politics.guns,True,0.42,0.3099025000119582,
6958,rec.autos,rec.autos,True,0.82,0.2723885419545695,
6959,soc.religion.christian,soc.religion.christian,True,0.95,0.2777923750109039,
6960,talk.politics.guns,talk.politics.guns,True,1.0,0.2777302079484798,
6961,comp.sys.mac.hardware,comp.sys.mac.hardware,True,0.95,0.23988870799075812,
6962,sci.electronics,sci.electronics,True,0.91,0.2791185419773683,
6963,alt.atheism,soc.religion.christian,False,0.75,0.28457962500397116,
6964,comp.graphics,comp.graphics,True,1.0,0.3932742499746382,
6965,talk.religion.misc,soc.religion.christian,False,0.74,0.3756303750560619,
6966,sci.med,comp.os.ms-windows.misc,False,0.34,0.33960104099242017,
6967,sci.electronics,misc.forsale,False,0.29,0.28701491601532325,
6968,comp.sys.mac.hardware,comp.sys.mac.hardware,True,0.84,0.34258183400379494,
6969,rec.autos,rec.autos,True,0.95,0.30249016697052866,
6970,comp.sys.ibm.pc.hardware,comp.sys.ibm.pc.hardware,True,0.96,0.25702845898922533,
6971,talk.religion.misc,sci.space,False,0.43,0.27088879101211205,
6972,comp.sys.mac.hardware,comp.os.ms-windows.misc,False,0.52,0.330630749987904,
6973,comp.windows.x,comp.windows.x,True,0.98,0.30372483300743625,
6974,comp.graphics,comp.graphics,True,0.99,0.23393041704548523,
6975,comp.graphics,comp.graphics,True,0.48,0.3230034160078503,
6976,comp.sys.mac.hardware,comp.sys.mac.hardware,True,0.82,0.3203202079748735,
6977,rec.autos,rec.autos,True,0.99,0.2648612919729203,
6978,comp.sys.mac.hardware,comp.sys.mac.hardware,True,1.0,0.2938777499948628,
6979,rec.motorcycles,rec.autos,False,0.6,0.2751879579736851,
6980,rec.motorcycles,rec.motorcycles,True,0.57,0.3240968339960091,
6981,rec.sport.baseball,rec.sport.baseball,True,1.0,0.28794033295707777,
6982,comp.graphics,comp.graphics,True,1.0,0.28147945896489546,
6983,alt.atheism,talk.politics.misc,False,0.99,0.29282600001897663,
6984,sci.space,sci.space,True,1.0,0.34374754200689495,
6985,comp.sys.mac.hardware,comp.sys.mac.hardware,True,1.0,0.30995074997190386,
6986,misc.forsale,misc.forsale,True,1.0,0.261960125004407,
6987,comp.os.ms-windows.misc,comp.graphics,False,0.98,0.28227929095737636,
6988,talk.politics.guns,talk.politics.guns,True,1.0,0.259304917010013,
6989,rec.sport.baseball,rec.sport.baseball,True,1.0,0.31560691603226587,
6990,rec.sport.hockey,rec.sport.hockey,True,0.79,0.2851625839830376,
6991,rec.sport.baseball,rec.sport.baseball,True,1.0,0.29069475003052503,
6992,sci.med,comp.graphics,False,0.75,0.291784374974668,
6993,soc.religion.christian,soc.religion.christian,True,0.99,0.27068041695747524,
6994,sci.electronics,sci.electronics,True,0.98,0.37919616600265726,
6995,rec.sport.hockey,rec.sport.hockey,True,1.0,0.2704515000223182,
6996,sci.med,sci.med,True,1.0,0.4068887080065906,
6997,sci.electronics,comp.os.ms-windows.misc,False,0.38,0.25053904100786895,
6998,rec.sport.hockey,rec.sport.hockey,True,0.98,0.26231258304324,
6999,comp.os.ms-windows.misc,comp.os.ms-windows.misc,True,0.97,0.26384529104689136,
7000,talk.politics.misc,talk.politics.misc,True,0.48,0.29570995800895616,
7001,sci.med,sci.med,True,1.0,0.29671820800285786,
7002,talk.politics.mideast,talk.politics.mideast,True,0.99,0.25932841695612296,
7003,sci.space,talk.politics.misc,False,0.86,0.29516541701741517,
7004,comp.graphics,comp.graphics,True,0.96,0.2887438340112567,
7005,misc.forsale,misc.forsale,True,1.0,0.24673212500056252,
7006,soc.religion.christian,soc.religion.christian,True,0.98,0.2607745000277646,
7007,comp.windows.x,comp.os.ms-windows.misc,False,0.21,0.27427150000585243,
7008,rec.autos,rec.autos,True,0.63,0.32159645803039894,
7009,comp.windows.x,comp.windows.x,True,1.0,0.2501845830120146,
7010,sci.space,sci.space,True,1.0,0.24892062501749024,
7011,comp.graphics,comp.graphics,True,0.98,0.22962466604076326,
7012,comp.sys.ibm.pc.hardware,comp.sys.ibm.pc.hardware,True,0.97,0.27683812502073124,
7013,rec.sport.baseball,rec.sport.baseball,True,1.0,0.3342548339860514,
7014,sci.med,sci.med,True,1.0,0.3065646670293063,
7015,talk.politics.mideast,talk.politics.mideast,True,1.0,0.2921118749654852,
7016,sci.med,sci.med,True,1.0,0.2277384580229409,
7017,talk.politics.guns,talk.politics.misc,False,0.99,0.27849245799006894,
7018,sci.med,sci.med,True,1.0,0.2948783750180155,
7019,rec.motorcycles,talk.politics.misc,False,0.21,0.2646963750012219,
7020,comp.os.ms-windows.misc,comp.sys.mac.hardware,False,0.99,0.2696093750419095,
7021,sci.electronics,sci.electronics,True,0.87,0.2314689999911934,
7022,misc.forsale,misc.forsale,True,0.99,0.24218733399175107,
7023,comp.sys.ibm.pc.hardware,comp.sys.ibm.pc.hardware,True,1.0,0.2453876250074245,
7024,rec.motorcycles,talk.politics.misc,False,0.22,0.36884304200066254,
7025,comp.sys.mac.hardware,comp.sys.ibm.pc.hardware,False,0.94,0.35411858302541077,
7026,rec.sport.hockey,rec.sport.hockey,True,1.0,0.31130887498147786,
7027,soc.religion.christian,comp.graphics,False,0.47,0.2946542499703355,
7028,sci.crypt,sci.crypt,True,1.0,0.2644740830291994,
7029,rec.autos,rec.autos,True,1.0,0.24661050003487617,
7030,misc.forsale,misc.forsale,True,1.0,0.30834337504347786,
7031,rec.sport.baseball,rec.sport.baseball,True,1.0,0.2547264590393752,
7032,sci.crypt,talk.politics.misc,False,0.98,0.321468583017122,
7033,comp.os.ms-windows.misc,talk.politics.misc,False,0.32,0.28550170798553154,
7034,rec.sport.hockey,rec.sport.baseball,False,0.78,0.2469235000316985,
7035,rec.autos,rec.autos,True,1.0,0.2787154590478167,
7036,sci.space,sci.space,True,1.0,0.4765544999972917,
7037,rec.sport.hockey,rec.sport.hockey,True,1.0,0.2823154169600457,
7038,rec.sport.baseball,rec.sport.baseball,True,1.0,0.25797904102364555,
7039,comp.sys.mac.hardware,comp.sys.mac.hardware,True,0.9,0.3010252500534989,
7040,talk.politics.mideast,talk.politics.mideast,True,1.0,0.26627412502421066,
7041,comp.os.ms-windows.misc,comp.os.ms-windows.misc,True,0.94,0.25481212500017136,
7042,rec.motorcycles,rec.motorcycles,True,1.0,0.29473920800955966,
7043,sci.space,sci.space,True,1.0,0.2773409580113366,
7044,sci.crypt,sci.crypt,True,1.0,0.26062216697027907,
7045,comp.graphics,comp.graphics,True,0.99,0.2659473330131732,
7046,talk.politics.misc,talk.politics.misc,True,0.97,0.3274169170181267,
7047,talk.politics.misc,alt.atheism,False,0.31,0.4172305000247434,
7048,soc.religion.christian,soc.religion.christian,True,0.94,0.2811109999893233,
7049,misc.forsale,comp.sys.ibm.pc.hardware,False,1.0,0.27022250002482906,
7050,rec.sport.hockey,rec.sport.hockey,True,0.1,0.28183158300817013,
7051,comp.os.ms-windows.misc,comp.os.ms-windows.misc,True,0.42,0.2589215830084868,
7052,comp.sys.mac.hardware,talk.politics.misc,False,0.31,0.26839337503770366,
7053,comp.windows.x,comp.windows.x,True,1.0,0.25459220801712945,
7054,comp.windows.x,comp.windows.x,True,1.0,0.33227141603128985,
7055,sci.space,sci.space,True,1.0,0.2788313339697197,
7056,talk.politics.guns,talk.politics.misc,False,0.86,0.2674102919991128,
7057,alt.atheism,alt.atheism,True,0.94,0.2488143749651499,
7058,talk.politics.mideast,talk.politics.misc,False,0.81,0.2636265420005657,
7059,sci.electronics,rec.autos,False,0.45,0.2950545829953626,
7060,rec.autos,rec.autos,True,1.0,0.27243599999928847,
7061,talk.politics.misc,talk.politics.misc,True,0.7,0.2408582919742912,
7062,sci.med,sci.med,True,0.99,0.23904983402462676,
7063,sci.space,sci.space,True,0.35,0.28470362501684576,
7064,comp.sys.mac.hardware,comp.sys.ibm.pc.hardware,False,0.86,0.32032329199137166,
7065,comp.windows.x,comp.graphics,False,0.93,0.24089695903239772,
7066,sci.electronics,misc.forsale,False,0.24,0.26016041601542383,
7067,comp.windows.x,comp.os.ms-windows.misc,False,0.8,0.27340854197973385,
7068,comp.graphics,comp.graphics,True,0.61,0.2752936249598861,
7069,sci.crypt,talk.politics.misc,False,0.72,0.33008558297296986,
7070,talk.religion.misc,soc.religion.christian,False,0.9,0.2531141670187935,
7071,comp.os.ms-windows.misc,comp.os.ms-windows.misc,True,0.38,0.23187491699354723,
7072,rec.motorcycles,rec.motorcycles,True,0.74,0.2769451250205748,
7073,rec.sport.hockey,rec.sport.hockey,True,0.96,0.275262416980695,
7074,talk.religion.misc,soc.religion.christian,False,0.93,0.27987145801307634,
7075,rec.motorcycles,rec.motorcycles,True,0.98,0.3088660829816945,
7076,comp.sys.mac.hardware,comp.sys.ibm.pc.hardware,False,0.92,0.24867854098556563,
7077,sci.med,sci.med,True,1.0,0.2753073329804465,
7078,comp.windows.x,comp.windows.x,True,1.0,0.29219212499447167,
7079,alt.atheism,talk.religion.misc,False,0.89,0.38510858302470297,
7080,sci.med,sci.med,True,1.0,0.22674766700947657,
7081,sci.electronics,comp.os.ms-windows.misc,False,0.52,0.2511780000058934,
7082,rec.sport.hockey,rec.sport.hockey,True,1.0,0.34493020799709484,
7083,sci.med,sci.med,True,1.0,0.35751750000054017,
7084,sci.space,sci.space,True,1.0,0.3077632079948671,
7085,rec.sport.baseball,rec.sport.baseball,True,0.98,0.29664395801955834,
7086,sci.med,sci.med,True,0.33,0.28109670896083117,
7087,soc.religion.christian,soc.religion.christian,True,0.9,0.279702416039072,
7088,rec.autos,rec.autos,True,1.0,0.29126433399505913,
7089,rec.sport.baseball,rec.sport.baseball,True,0.93,0.243240583979059,
7090,rec.motorcycles,rec.motorcycles,True,0.86,0.2845358330523595,
7091,talk.politics.mideast,talk.politics.mideast,True,1.0,0.25698850001208484,
7092,rec.motorcycles,rec.motorcycles,True,0.55,0.26450424996437505,
7093,comp.graphics,comp.graphics,True,0.96,0.31286066595930606,
7094,comp.sys.ibm.pc.hardware,comp.sys.ibm.pc.hardware,True,0.6,0.26484900002833456,
7095,rec.autos,rec.autos,True,1.0,0.2561444169841707,
7096,misc.forsale,misc.forsale,True,0.49,0.3314305830281228,
7097,sci.med,sci.med,True,1.0,0.2706307499902323,
7098,rec.sport.hockey,rec.sport.hockey,True,1.0,0.24536524998256937,
7099,comp.windows.x,comp.windows.x,True,1.0,0.2685512920143083,
7100,comp.windows.x,comp.windows.x,True,1.0,0.24562566698295996,
7101,talk.politics.mideast,talk.politics.mideast,True,0.91,0.2894936249940656,
7102,sci.electronics,sci.electronics,True,1.0,0.24226570798782632,
7103,rec.sport.baseball,rec.sport.baseball,True,0.84,0.23908833297900856,
7104,comp.sys.mac.hardware,misc.forsale,False,0.72,0.3067099580075592,
7105,talk.politics.misc,talk.politics.misc,True,1.0,0.33254670799942687,
7106,comp.windows.x,comp.windows.x,True,1.0,0.3663786249817349,
7107,sci.med,sci.med,True,1.0,0.29865154199069366,
7108,comp.sys.mac.hardware,comp.os.ms-windows.misc,False,0.34,0.33330433402443305,
7109,talk.politics.mideast,talk.politics.mideast,True,0.65,0.393377666012384,
7110,talk.politics.mideast,talk.politics.mideast,True,1.0,0.25410766701679677,
7111,comp.windows.x,comp.windows.x,True,1.0,0.25629099999787286,
7112,sci.space,sci.space,True,1.0,0.2973914170288481,
7113,comp.graphics,comp.windows.x,False,0.64,0.30068187502911314,
7114,rec.sport.baseball,rec.sport.baseball,True,1.0,0.2769189579994418,
7115,rec.autos,rec.autos,True,1.0,0.36790033301804215,
7116,comp.graphics,comp.graphics,True,1.0,0.26228270900901407,
7117,talk.politics.mideast,talk.politics.misc,False,0.6,0.26206308300606906,
7118,rec.sport.hockey,rec.sport.hockey,True,1.0,0.2682961249956861,
7119,rec.motorcycles,rec.motorcycles,True,1.0,0.3809705000021495,
7120,alt.atheism,talk.religion.misc,False,0.88,0.2964614999946207,
7121,sci.med,sci.med,True,1.0,0.31130162498448044,
7122,soc.religion.christian,soc.religion.christian,True,0.95,0.3059057079954073,
7123,rec.motorcycles,rec.motorcycles,True,0.99,0.2560186249902472,
7124,comp.os.ms-windows.misc,comp.os.ms-windows.misc,True,1.0,0.2665623329812661,
7125,rec.motorcycles,rec.motorcycles,True,1.0,0.26493687502807006,
7126,comp.windows.x,comp.os.ms-windows.misc,False,0.49,0.3494841249776073,
7127,rec.sport.hockey,talk.politics.misc,False,0.43,0.2787334169843234,
7128,rec.sport.baseball,rec.sport.baseball,True,1.0,0.33259104198077694,
7129,rec.motorcycles,rec.motorcycles,True,0.94,0.26149558305041865,
7130,sci.med,sci.med,True,1.0,0.2704410000005737,
7131,sci.space,sci.space,True,1.0,0.336897625005804,
7132,rec.autos,rec.autos,True,1.0,0.2953378749662079,
7133,sci.electronics,sci.electronics,True,0.99,0.3403158339788206,
7134,comp.os.ms-windows.misc,comp.os.ms-windows.misc,True,1.0,0.27754220901988447,
7135,misc.forsale,misc.forsale,True,1.0,0.404089291987475,
7136,sci.electronics,sci.electronics,True,0.99,0.2899387499783188,
7137,rec.sport.baseball,rec.sport.baseball,True,0.99,0.23615954199340194,
7138,rec.sport.hockey,rec.sport.baseball,False,0.78,0.37203783402219415,
7139,talk.politics.guns,talk.politics.misc,False,0.74,0.3659852920100093,
7140,comp.graphics,comp.graphics,True,1.0,0.23886633303482085,
7141,sci.crypt,comp.os.ms-windows.misc,False,0.32,0.35686150001129135,
7142,comp.os.ms-windows.misc,comp.os.ms-windows.misc,True,1.0,0.3176117910188623,
7143,rec.motorcycles,rec.motorcycles,True,0.83,0.2651712920051068,
7144,talk.politics.mideast,talk.politics.misc,False,0.47,0.2642979169613682,
7145,comp.sys.ibm.pc.hardware,comp.sys.ibm.pc.hardware,True,0.76,0.29722599999513477,
7146,comp.graphics,comp.graphics,True,0.99,0.27648470900021493,
7147,comp.os.ms-windows.misc,comp.os.ms-windows.misc,True,0.79,0.3077859170152806,
7148,comp.sys.ibm.pc.hardware,comp.sys.ibm.pc.hardware,True,1.0,0.26177370798541233,
7149,rec.sport.hockey,rec.sport.hockey,True,1.0,0.24855283397482708,
7150,talk.religion.misc,soc.religion.christian,False,0.98,0.28828491701278836,
7151,alt.atheism,talk.religion.misc,False,0.48,0.43009991699364036,
7152,comp.graphics,comp.graphics,True,1.0,0.288279166969005,
7153,comp.graphics,comp.windows.x,False,0.51,0.3063543330063112,
7154,comp.windows.x,comp.windows.x,True,0.85,0.2811637499835342,
7155,sci.med,sci.med,True,1.0,0.2670295410207473,
7156,rec.sport.hockey,rec.sport.hockey,True,1.0,0.26874833297915757,
7157,rec.sport.hockey,rec.sport.hockey,True,1.0,0.29777754202950746,
7158,sci.med,sci.med,True,0.99,0.24831141700269654,
7159,sci.space,sci.space,True,0.94,0.27594304201193154,
7160,sci.crypt,sci.crypt,True,0.88,0.2775899999542162,
7161,sci.electronics,sci.electronics,True,1.0,0.3001300410251133,
7162,talk.religion.misc,sci.space,False,1.0,0.27748454199172556,
7163,comp.os.ms-windows.misc,comp.os.ms-windows.misc,True,0.33,0.23522012500325218,
7164,comp.os.ms-windows.misc,comp.graphics,False,0.88,0.29327420803019777,
7165,alt.atheism,alt.atheism,True,0.71,0.30964520800625905,
7166,sci.crypt,talk.politics.guns,False,0.65,0.2373314579599537,
7167,sci.electronics,rec.autos,False,0.72,0.3616475000162609,
7168,comp.sys.mac.hardware,comp.sys.mac.hardware,True,0.94,0.32090691704070196,
7169,sci.electronics,sci.electronics,True,0.62,0.3697940839920193,
7170,sci.electronics,rec.autos,False,0.43,0.28115824999986216,
7171,comp.graphics,comp.graphics,True,1.0,0.2798140419763513,
7172,sci.electronics,sci.electronics,True,0.75,0.246778791944962,
7173,sci.space,sci.space,True,1.0,0.25024587503867224,
7174,rec.autos,rec.autos,True,0.97,0.5555004170164466,
7175,sci.space,sci.space,True,1.0,0.2957952090073377,
7176,comp.graphics,comp.graphics,True,0.99,0.2784490840276703,
7177,sci.space,talk.politics.misc,False,0.58,0.30687762500019744,
7178,rec.autos,rec.autos,True,0.73,0.32379333302378654,
7179,talk.religion.misc,talk.politics.guns,False,0.93,0.27421545900870115,
7180,talk.religion.misc,alt.atheism,False,0.42,0.33037208300083876,
7181,sci.electronics,rec.autos,False,0.8,0.27644570800475776,
7182,comp.graphics,sci.crypt,False,0.98,0.2707995839882642,
7183,rec.sport.hockey,rec.sport.baseball,False,0.55,0.23395341698778793,
7184,sci.crypt,sci.crypt,True,1.0,0.26225554099073634,
7185,talk.politics.misc,talk.politics.guns,False,0.97,0.2760689170099795,
7186,talk.politics.guns,talk.politics.misc,False,0.61,0.2776633750181645,
7187,soc.religion.christian,soc.religion.christian,True,0.97,0.29461441602325067,
7188,talk.religion.misc,talk.religion.misc,True,0.46,0.25206500000786036,
7189,comp.sys.mac.hardware,comp.sys.mac.hardware,True,0.95,0.24467300000833347,
7190,soc.religion.christian,soc.religion.christian,True,0.99,0.4496538329985924,
7191,comp.windows.x,comp.windows.x,True,0.97,0.3293272919836454,
7192,soc.religion.christian,soc.religion.christian,True,0.88,0.29901370796142146,
7193,comp.windows.x,comp.windows.x,True,0.78,0.2684845830081031,
7194,misc.forsale,misc.forsale,True,1.0,0.2960462080081925,
7195,comp.sys.ibm.pc.hardware,comp.sys.ibm.pc.hardware,True,1.0,0.2523252909886651,
7196,talk.politics.mideast,talk.politics.misc,False,0.98,0.3511347090243362,
7197,sci.crypt,sci.crypt,True,0.74,0.3395894590066746,
7198,rec.sport.baseball,rec.sport.baseball,True,1.0,0.29248937498778105,
7199,rec.sport.hockey,rec.sport.hockey,True,1.0,0.27023266698233783,
7200,rec.sport.baseball,rec.sport.baseball,True,1.0,0.26527095900382847,
7201,sci.crypt,talk.politics.misc,False,0.65,0.252690082998015,
7202,talk.politics.misc,talk.politics.misc,True,0.82,0.27105195802869275,
7203,sci.crypt,sci.crypt,True,0.97,0.22534095798619092,
7204,talk.politics.guns,talk.politics.mideast,False,0.59,0.2671023340080865,
7205,rec.autos,rec.autos,True,1.0,0.3028243340086192,
7206,rec.sport.baseball,rec.sport.baseball,True,1.0,0.27856437501031905,
7207,talk.politics.guns,talk.politics.guns,True,0.6,0.24731779197463766,
7208,soc.religion.christian,soc.religion.christian,True,0.97,0.27077187498798594,
7209,talk.politics.guns,talk.politics.misc,False,0.53,0.3103523750323802,
7210,alt.atheism,alt.atheism,True,1.0,0.2689983749878593,
7211,talk.politics.misc,talk.politics.misc,True,0.99,0.2696377919637598,
7212,rec.motorcycles,misc.forsale,False,0.98,0.26491366600384936,
7213,sci.space,sci.space,True,1.0,0.2574989999993704,
7214,rec.sport.hockey,rec.sport.baseball,False,0.42,0.2730989590054378,
7215,rec.sport.baseball,rec.sport.baseball,True,1.0,0.2566029999870807,
7216,sci.electronics,sci.electronics,True,1.0,0.25453679100610316,
7217,comp.graphics,comp.graphics,True,0.99,0.24519033398246393,
7218,talk.politics.misc,talk.politics.guns,False,0.61,0.25297133397543803,
7219,rec.sport.baseball,rec.sport.baseball,True,1.0,0.2862957920297049,
7220,talk.religion.misc,alt.atheism,False,0.95,0.27723541599698365,
7221,rec.motorcycles,rec.motorcycles,True,1.0,0.32355366699630395,
7222,comp.graphics,comp.graphics,True,1.0,0.24994520796462893,
7223,rec.sport.hockey,rec.sport.hockey,True,1.0,0.38946225005201995,
7224,talk.religion.misc,sci.med,False,0.97,0.2537309170002118,
7225,comp.sys.ibm.pc.hardware,comp.os.ms-windows.misc,False,0.75,0.23184966598637402,
7226,sci.crypt,sci.crypt,True,1.0,0.3140074170078151,
7227,soc.religion.christian,talk.politics.misc,False,0.31,0.2697461670031771,
7228,alt.atheism,alt.atheism,True,0.57,0.2892863329616375,
7229,comp.sys.mac.hardware,comp.sys.mac.hardware,True,0.98,0.28122495795832947,
7230,sci.med,sci.med,True,1.0,0.2771007079863921,
7231,soc.religion.christian,alt.atheism,False,0.81,0.30914087500423193,
7232,comp.windows.x,comp.windows.x,True,1.0,0.3161017919774167,
7233,comp.sys.ibm.pc.hardware,comp.sys.ibm.pc.hardware,True,0.84,0.2564227089751512,
7234,talk.politics.mideast,talk.politics.misc,False,0.81,0.2525433750124648,
7235,talk.politics.mideast,talk.politics.misc,False,0.67,0.31196320801973343,
7236,talk.politics.mideast,talk.politics.mideast,True,1.0,0.30308545898878947,
7237,sci.crypt,sci.crypt,True,1.0,0.26013350003631786,
7238,rec.sport.hockey,rec.autos,False,0.85,0.30640999996103346,
7239,sci.space,sci.space,True,1.0,0.2636300830054097,
7240,sci.crypt,sci.crypt,True,0.79,0.37032024998916313,
7241,sci.med,sci.med,True,1.0,0.2410059169633314,
7242,rec.autos,rec.autos,True,1.0,0.28113237500656396,
7243,sci.med,sci.med,True,1.0,0.2419105409644544,
7244,comp.windows.x,comp.windows.x,True,1.0,0.27437766699586064,
7245,rec.sport.baseball,rec.sport.baseball,True,1.0,0.3825826669926755,
7246,sci.crypt,sci.crypt,True,1.0,0.3036899169674143,
7247,sci.electronics,sci.crypt,False,0.97,0.29365316702751443,
7248,alt.atheism,alt.atheism,True,0.89,0.30096016702009365,
7249,rec.sport.hockey,rec.sport.hockey,True,1.0,0.26875033299438655,
7250,sci.space,sci.space,True,1.0,0.2696486659697257,
7251,comp.windows.x,comp.os.ms-windows.misc,False,0.52,0.3031339999870397,
7252,comp.sys.mac.hardware,comp.sys.mac.hardware,True,1.0,0.29580329201417044,
7253,rec.sport.baseball,rec.sport.baseball,True,1.0,0.29383666696958244,
7254,rec.sport.baseball,rec.sport.baseball,True,0.98,0.22881850000703707,
7255,rec.autos,rec.autos,True,1.0,0.34023716702358797,
7256,comp.os.ms-windows.misc,comp.os.ms-windows.misc,True,0.98,0.2904315000050701,
7257,rec.sport.baseball,rec.sport.baseball,True,1.0,0.27973750000819564,
7258,rec.sport.baseball,rec.sport.baseball,True,0.98,0.2958368330146186,
7259,sci.electronics,comp.sys.ibm.pc.hardware,False,0.73,0.2817882910021581,
7260,rec.sport.hockey,rec.sport.hockey,True,1.0,0.2707421249942854,
7261,alt.atheism,alt.atheism,True,0.53,0.28028970799641684,
7262,comp.graphics,comp.graphics,True,1.0,0.26783341699047014,
7263,talk.religion.misc,alt.atheism,False,0.53,0.25575870799366385,
7264,sci.space,sci.space,True,0.98,0.36678479198599234,
7265,sci.space,sci.space,True,1.0,0.3000844159978442,
7266,sci.electronics,sci.electronics,True,1.0,0.29825754201738164,
7267,talk.politics.guns,talk.politics.misc,False,0.55,0.2723006249871105,
7268,comp.sys.mac.hardware,misc.forsale,False,0.64,0.2937026669969782,
7269,talk.religion.misc,talk.religion.misc,True,0.73,0.331495416990947,
7270,misc.forsale,misc.forsale,True,1.0,0.3290273750317283,
7271,comp.windows.x,comp.windows.x,True,1.0,0.28666691697435454,
7272,soc.religion.christian,soc.religion.christian,True,0.99,0.23855125001864508,
7273,comp.os.ms-windows.misc,sci.electronics,False,0.98,0.2849691250012256,
7274,talk.politics.guns,talk.politics.guns,True,1.0,0.26254645898006856,
7275,comp.sys.ibm.pc.hardware,comp.sys.ibm.pc.hardware,True,0.87,0.3246909999870695,
7276,comp.sys.mac.hardware,comp.sys.mac.hardware,True,1.0,0.29376683302689344,
7277,misc.forsale,misc.forsale,True,1.0,0.3383950829738751,
7278,comp.sys.ibm.pc.hardware,comp.sys.ibm.pc.hardware,True,1.0,0.2671894169761799,
7279,rec.sport.hockey,rec.sport.hockey,True,1.0,0.24969374999636784,
7280,sci.med,sci.med,True,1.0,0.26390820799861103,
7281,comp.os.ms-windows.misc,comp.sys.ibm.pc.hardware,False,0.7,0.39255608298117295,
7282,comp.graphics,comp.graphics,True,1.0,0.23444029199890792,
7283,talk.politics.mideast,talk.politics.mideast,True,0.92,0.35284175002016127,
7284,comp.sys.ibm.pc.hardware,comp.sys.ibm.pc.hardware,True,0.99,0.3550862910342403,
7285,sci.crypt,sci.crypt,True,0.97,0.3121739159687422,
7286,comp.graphics,comp.windows.x,False,0.48,0.3932567079900764,
7287,rec.autos,comp.os.ms-windows.misc,False,0.19,0.28995195898460224,
7288,talk.politics.mideast,talk.politics.misc,False,0.95,0.2738676249864511,
7289,rec.autos,rec.autos,True,1.0,0.3387324999785051,
7290,rec.motorcycles,rec.motorcycles,True,1.0,0.2756682920153253,
7291,comp.sys.ibm.pc.hardware,comp.sys.ibm.pc.hardware,True,0.99,0.35924437502399087,
7292,rec.sport.baseball,comp.os.ms-windows.misc,False,0.37,0.2698487089946866,
7293,talk.politics.misc,talk.politics.misc,True,0.99,0.2805607909685932,
7294,soc.religion.christian,soc.religion.christian,True,0.81,0.27392583299661055,
7295,comp.sys.ibm.pc.hardware,comp.sys.ibm.pc.hardware,True,0.67,0.26554008398670703,
7296,rec.sport.hockey,rec.sport.hockey,True,1.0,0.25688499998068437,
7297,talk.politics.misc,talk.politics.misc,True,0.38,0.35023537499364465,
7298,sci.crypt,talk.politics.misc,False,0.82,0.2590045409742743,
7299,misc.forsale,misc.forsale,True,1.0,0.2863060410018079,
7300,talk.politics.mideast,talk.politics.misc,False,0.57,0.28387729200767353,
7301,sci.space,sci.space,True,1.0,0.36126899998635054,
7302,comp.sys.mac.hardware,comp.sys.mac.hardware,True,1.0,0.2781657089944929,
7303,rec.motorcycles,rec.motorcycles,True,0.74,0.29201179201481864,
7304,comp.windows.x,comp.windows.x,True,1.0,0.2625080000143498,
7305,rec.sport.baseball,rec.sport.baseball,True,0.85,0.25160400004824623,
7306,rec.sport.baseball,comp.os.ms-windows.misc,False,0.29,0.30585041595622897,
7307,talk.religion.misc,talk.religion.misc,True,0.92,0.297676042013336,
7308,misc.forsale,misc.forsale,True,1.0,0.2927441250067204,
7309,talk.politics.mideast,talk.politics.mideast,True,1.0,0.2572599580162205,
7310,rec.autos,rec.autos,True,1.0,0.2579455000231974,
7311,soc.religion.christian,soc.religion.christian,True,1.0,0.23053029202856123,
7312,rec.motorcycles,rec.autos,False,0.53,0.22509008296765387,
7313,comp.os.ms-windows.misc,comp.os.ms-windows.misc,True,0.49,0.31850970804225653,
7314,rec.motorcycles,rec.motorcycles,True,1.0,0.29817191598704085,
7315,comp.os.ms-windows.misc,comp.os.ms-windows.misc,True,0.88,0.2922857910161838,
7316,comp.windows.x,comp.windows.x,True,0.96,0.2513951670262031,
7317,sci.crypt,sci.crypt,True,1.0,0.26859849999891594,
7318,rec.autos,comp.os.ms-windows.misc,False,0.34,0.24855237500742078,
7319,alt.atheism,alt.atheism,True,0.7,0.35435329197207466,
7320,rec.motorcycles,rec.motorcycles,True,1.0,0.3027629579883069,
7321,talk.politics.misc,talk.politics.misc,True,0.98,0.23550479201367125,
7322,sci.electronics,sci.electronics,True,0.99,0.30071704095462337,
7323,rec.sport.hockey,rec.sport.hockey,True,0.72,0.263257667014841,
7324,sci.crypt,talk.politics.misc,False,0.73,0.33100174996070564,
7325,talk.politics.guns,talk.politics.guns,True,0.64,0.2503788329777308,
7326,soc.religion.christian,misc.forsale,False,0.33,0.37229245802154765,
7327,rec.sport.hockey,rec.sport.hockey,True,1.0,0.257857916993089,
7328,comp.sys.ibm.pc.hardware,misc.forsale,False,0.9,0.2801324169849977,
7329,rec.sport.baseball,comp.os.ms-windows.misc,False,0.32,0.2695949170156382,
7330,sci.med,sci.med,True,1.0,0.24226633401121944,
7331,sci.space,sci.space,True,0.95,0.23662400001194328,
7332,comp.os.ms-windows.misc,comp.os.ms-windows.misc,True,1.0,0.32280604098923504,
7333,sci.med,talk.religion.misc,False,0.52,0.2552631660364568,
7334,rec.sport.baseball,rec.sport.baseball,True,1.0,0.27487366599962115,
7335,talk.politics.guns,talk.politics.misc,False,0.44,0.24880754196783528,
7336,talk.politics.guns,comp.os.ms-windows.misc,False,0.31,0.2569915000349283,
7337,comp.graphics,comp.graphics,True,1.0,0.27677966601913795,
7338,comp.sys.mac.hardware,comp.sys.mac.hardware,True,1.0,0.2969483750057407,
7339,talk.politics.mideast,talk.politics.misc,False,0.8,0.2871282499982044,
7340,soc.religion.christian,soc.religion.christian,True,0.99,0.38064983300864697,
7341,sci.crypt,talk.politics.misc,False,0.29,0.36990591703215614,
7342,comp.os.ms-windows.misc,comp.os.ms-windows.misc,True,0.99,0.22372854204149917,
7343,rec.autos,rec.autos,True,1.0,0.34916649997467175,
7344,talk.religion.misc,soc.religion.christian,False,0.86,0.3637965000234544,
7345,misc.forsale,misc.forsale,True,1.0,0.3000038330210373,
7346,misc.forsale,misc.forsale,True,1.0,0.28246962500270456,
7347,talk.politics.misc,talk.politics.misc,True,1.0,0.31845937500474975,
7348,rec.sport.hockey,rec.sport.hockey,True,1.0,0.26198445801855996,
7349,comp.os.ms-windows.misc,comp.os.ms-windows.misc,True,1.0,0.24362758302595466,
7350,talk.politics.mideast,alt.atheism,False,0.33,0.289402374997735,
7351,sci.crypt,talk.politics.misc,False,0.9,0.2737781670293771,
7352,rec.motorcycles,rec.autos,False,0.96,0.3226599170011468,
7353,rec.sport.hockey,rec.sport.hockey,True,1.0,0.297279458027333,
7354,rec.sport.hockey,comp.os.ms-windows.misc,False,0.38,0.2574092500144616,
7355,rec.sport.baseball,rec.sport.baseball,True,1.0,0.2936308749485761,
7356,comp.windows.x,comp.graphics,False,0.96,0.289656582986936,
7357,sci.crypt,sci.crypt,True,1.0,0.3095304169692099,
7358,talk.politics.guns,talk.politics.guns,True,0.95,0.28791291604284197,
7359,rec.autos,rec.autos,True,1.0,0.26562720799120143,
7360,talk.politics.mideast,talk.politics.mideast,True,0.99,0.25990608404390514,
7361,sci.electronics,sci.electronics,True,1.0,0.3341558340471238,
7362,sci.crypt,sci.crypt,True,0.95,0.26558995799859986,
7363,sci.space,sci.space,True,0.95,0.2868066669907421,
7364,alt.atheism,talk.politics.misc,False,0.3,0.3276627499726601,
7365,rec.autos,rec.autos,True,0.94,0.3320173749816604,
7366,comp.os.ms-windows.misc,comp.os.ms-windows.misc,True,0.96,0.250129833992105,
7367,talk.politics.guns,talk.politics.misc,False,0.96,0.28389949997654185,
7368,talk.politics.guns,talk.politics.guns,True,1.0,0.26975062501151115,
7369,misc.forsale,misc.forsale,True,1.0,0.2531837910064496,
7370,sci.space,sci.space,True,1.0,0.36373645800631493,
7371,sci.space,sci.space,True,0.85,0.2455029580160044,
7372,comp.sys.ibm.pc.hardware,comp.sys.ibm.pc.hardware,True,0.98,0.34018166695022956,
7373,rec.sport.baseball,rec.sport.baseball,True,1.0,0.2783701659645885,
7374,soc.religion.christian,soc.religion.christian,True,0.83,0.26722183398669586,
7375,rec.sport.baseball,rec.sport.baseball,True,0.93,0.27369004202773795,
7376,misc.forsale,misc.forsale,True,1.0,0.24497395899379626,
7377,sci.space,sci.space,True,0.81,0.29159279097802937,
7378,sci.med,sci.med,True,1.0,0.3388106250204146,
7379,rec.motorcycles,talk.politics.misc,False,1.0,0.24222312500933185,
7380,sci.crypt,sci.crypt,True,1.0,0.2524603749625385,
7381,talk.politics.guns,comp.os.ms-windows.misc,False,0.23,0.2421653749770485,
7382,comp.sys.mac.hardware,comp.sys.mac.hardware,True,1.0,0.31356824998511,
7383,talk.politics.guns,talk.politics.guns,True,0.55,0.2958737500011921,
7384,comp.windows.x,comp.windows.x,True,0.88,0.24924137501511723,
7385,comp.sys.mac.hardware,comp.sys.mac.hardware,True,1.0,0.2794678750215098,
7386,rec.sport.baseball,sci.med,False,0.76,0.2656813749927096,
7387,soc.religion.christian,soc.religion.christian,True,0.98,0.288228083983995,
7388,misc.forsale,misc.forsale,True,0.53,0.2427715000230819,
7389,alt.atheism,alt.atheism,True,0.86,0.2901354170171544,
7390,comp.sys.mac.hardware,comp.sys.mac.hardware,True,1.0,0.26459225005237386,
7391,misc.forsale,misc.forsale,True,1.0,0.2908352079684846,
7392,comp.os.ms-windows.misc,comp.os.ms-windows.misc,True,0.39,0.28187895903829485,
7393,talk.politics.guns,talk.politics.misc,False,0.74,0.2621070840395987,
7394,rec.sport.baseball,rec.sport.baseball,True,1.0,0.26135637500556186,
7395,rec.sport.baseball,sci.med,False,0.38,0.28094437497202307,
7396,talk.politics.mideast,talk.politics.mideast,True,0.99,0.23783420800464228,
7397,talk.politics.misc,talk.politics.misc,True,1.0,0.25868829200044274,
7398,rec.sport.baseball,rec.sport.baseball,True,0.86,0.2672908329986967,
7399,rec.sport.baseball,rec.sport.baseball,True,1.0,0.2552267090068199,
7400,sci.electronics,sci.electronics,True,0.99,0.36290370795177296,
7401,rec.autos,rec.autos,True,1.0,0.24544383399188519,
7402,comp.windows.x,comp.windows.x,True,0.98,0.3513345830142498,
7403,sci.electronics,sci.electronics,True,1.0,0.29734470898984,
7404,talk.religion.misc,soc.religion.christian,False,0.62,0.3129010829725303,
7405,sci.electronics,talk.politics.misc,False,0.52,0.2916557910502888,
7406,sci.space,sci.space,True,0.99,0.26840449997689575,
7407,rec.sport.baseball,rec.sport.baseball,True,0.99,0.29067820898490027,
7408,talk.religion.misc,comp.os.ms-windows.misc,False,0.34,0.2755462499917485,
7409,sci.crypt,talk.politics.misc,False,0.72,0.33313916699262336,
7410,sci.electronics,sci.electronics,True,0.68,0.3210973339737393,
7411,rec.autos,rec.autos,True,1.0,0.260916291968897,
7412,talk.politics.mideast,talk.politics.mideast,True,0.87,0.27257475000806153,
7413,talk.politics.misc,talk.politics.misc,True,0.57,0.26691195799503475,
7414,sci.crypt,sci.crypt,True,0.98,0.3441901669721119,
7415,comp.os.ms-windows.misc,comp.sys.ibm.pc.hardware,False,0.99,0.23361854196991771,
7416,sci.crypt,sci.crypt,True,0.96,0.37462029099697247,
7417,talk.politics.guns,talk.politics.guns,True,1.0,0.3222082090214826,
7418,sci.space,sci.space,True,1.0,0.27819883299525827,
7419,rec.sport.baseball,rec.sport.baseball,True,1.0,0.31756362499436364,
7420,rec.motorcycles,rec.motorcycles,True,1.0,0.23409550002543256,
7421,talk.politics.misc,talk.politics.misc,True,0.41,0.24584479100303724,
7422,talk.politics.misc,talk.politics.misc,True,0.67,0.3323632090468891,
7423,misc.forsale,misc.forsale,True,1.0,0.26057866698829457,
7424,rec.sport.hockey,rec.sport.hockey,True,0.95,0.24642337497789413,
7425,alt.atheism,sci.med,False,0.4,0.24084983294596896,
7426,sci.electronics,rec.autos,False,0.78,0.2763059160206467,
7427,talk.religion.misc,alt.atheism,False,0.87,0.40460591699229553,
7428,talk.politics.guns,talk.politics.guns,True,0.74,0.2566592500079423,
7429,talk.politics.mideast,talk.politics.misc,False,0.97,0.25345958303660154,
7430,sci.space,sci.space,True,1.0,0.25824812497012317,
7431,sci.crypt,comp.os.ms-windows.misc,False,0.34,0.3117027919506654,
7432,rec.autos,rec.autos,True,1.0,0.27011741598835215,
7433,comp.graphics,talk.politics.misc,False,0.3,0.2530418340465985,
7434,rec.motorcycles,talk.politics.misc,False,0.46,0.2523524159914814,
7435,rec.sport.baseball,rec.sport.baseball,True,1.0,0.24881316698156297,
7436,rec.sport.baseball,rec.sport.baseball,True,0.99,0.28115529200294986,
7437,rec.autos,rec.autos,True,1.0,0.2448762499843724,
7438,comp.os.ms-windows.misc,comp.sys.ibm.pc.hardware,False,0.93,0.2618487500003539,
7439,rec.sport.hockey,rec.sport.hockey,True,1.0,0.24545970803592354,
7440,sci.space,sci.space,True,1.0,0.24287083401577547,
7441,comp.sys.ibm.pc.hardware,comp.sys.ibm.pc.hardware,True,0.91,0.296952250006143,
7442,sci.med,sci.med,True,1.0,0.32108337501995265,
7443,comp.graphics,comp.graphics,True,1.0,0.3023366670240648,
7444,sci.crypt,sci.electronics,False,0.92,0.2919730420107953,
7445,sci.electronics,sci.electronics,True,1.0,0.2788356669479981,
7446,misc.forsale,comp.sys.mac.hardware,False,0.57,0.24506424996070564,
7447,rec.sport.baseball,rec.sport.baseball,True,0.75,0.2368828750331886,
7448,misc.forsale,misc.forsale,True,1.0,0.2889809999614954,
7449,sci.crypt,sci.crypt,True,1.0,0.37156162498285994,
7450,talk.politics.mideast,talk.politics.mideast,True,1.0,0.2506962079787627,
7451,rec.sport.baseball,rec.sport.baseball,True,1.0,0.31759900000179186,
7452,comp.graphics,comp.graphics,True,0.95,0.2713569999905303,
7453,talk.religion.misc,alt.atheism,False,0.63,0.2708383749704808,
7454,misc.forsale,misc.forsale,True,0.83,0.37046708300476894,
7455,talk.politics.mideast,talk.politics.misc,False,0.39,0.24191158299800009,
7456,alt.atheism,talk.politics.misc,False,0.15,0.2730736249941401,
7457,sci.space,sci.space,True,0.98,0.36935300001641735,
7458,talk.politics.guns,talk.politics.guns,True,0.96,0.2534303329885006,
7459,talk.politics.mideast,talk.religion.misc,False,0.93,0.36867850000271574,
7460,comp.graphics,comp.sys.ibm.pc.hardware,False,0.44,0.24347987503279,
7461,comp.sys.ibm.pc.hardware,comp.sys.ibm.pc.hardware,True,0.76,0.34810145903611556,
7462,comp.sys.mac.hardware,comp.sys.mac.hardware,True,0.99,0.2837380000273697,
7463,comp.graphics,comp.graphics,True,0.53,0.28112904203590006,
7464,soc.religion.christian,talk.politics.misc,False,0.49,0.2671691660070792,
7465,misc.forsale,misc.forsale,True,0.6,0.2589527919772081,
7466,sci.crypt,sci.crypt,True,0.98,0.2868102500215173,
7467,comp.sys.ibm.pc.hardware,sci.electronics,False,0.48,0.31057824997697026,
7468,talk.politics.mideast,talk.politics.mideast,True,0.54,0.24834762496175244,
7469,rec.sport.baseball,rec.sport.baseball,True,1.0,0.2643499589757994,
7470,comp.graphics,comp.graphics,True,0.77,0.2441392500186339,
7471,rec.motorcycles,rec.motorcycles,True,0.64,0.3350680830189958,
7472,sci.crypt,sci.crypt,True,1.0,0.2806080000009388,
7473,misc.forsale,misc.forsale,True,0.9,0.2837826249888167,
7474,talk.politics.mideast,talk.politics.misc,False,0.71,0.35576716699870303,
7475,sci.space,sci.space,True,1.0,0.2664355000015348,
7476,comp.sys.mac.hardware,comp.sys.mac.hardware,True,1.0,0.2705615410231985,
7477,rec.autos,rec.autos,True,1.0,0.26025166700128466,
7478,misc.forsale,misc.forsale,True,1.0,0.2779349169577472,
7479,misc.forsale,misc.forsale,True,0.75,0.25592454097932205,
7480,comp.sys.ibm.pc.hardware,comp.sys.ibm.pc.hardware,True,0.98,0.2750232079997659,
7481,rec.sport.hockey,rec.sport.hockey,True,1.0,0.254197790985927,
7482,misc.forsale,misc.forsale,True,0.66,0.25172712496714666,
7483,alt.atheism,soc.religion.christian,False,0.99,0.27692337502958253,
7484,rec.sport.baseball,rec.sport.baseball,True,1.0,0.2876804170082323,
7485,talk.politics.guns,talk.politics.guns,True,1.0,0.2671373749617487,
7486,rec.sport.hockey,rec.sport.hockey,True,1.0,0.26333512499695644,
7487,rec.sport.baseball,rec.sport.baseball,True,1.0,0.35810241696890444,
7488,comp.graphics,sci.electronics,False,0.33,0.2440109999733977,
7489,sci.med,alt.atheism,False,0.58,0.33368529099971056,
7490,sci.crypt,comp.os.ms-windows.misc,False,0.27,0.27390895801363513,
7491,talk.politics.misc,talk.politics.misc,True,0.51,0.26481687504565343,
7492,alt.atheism,alt.atheism,True,0.55,0.26682154199806973,
7493,rec.motorcycles,rec.autos,False,0.87,0.2919033330399543,
7494,comp.windows.x,comp.windows.x,True,1.0,0.2757627080427483,
7495,misc.forsale,misc.forsale,True,0.67,0.24903804203495383,
7496,sci.space,sci.space,True,0.99,0.2882509999908507,
7497,soc.religion.christian,soc.religion.christian,True,1.0,0.2602507920237258,
7498,comp.os.ms-windows.misc,comp.os.ms-windows.misc,True,0.97,0.27265945804538205,
7499,comp.sys.ibm.pc.hardware,comp.sys.ibm.pc.hardware,True,1.0,0.31686474999878556,
7500,rec.sport.hockey,rec.sport.hockey,True,1.0,0.30171920801512897,
7501,rec.autos,rec.autos,True,1.0,0.2771810830454342,
7502,misc.forsale,misc.forsale,True,1.0,0.28947633400093764,
7503,talk.politics.mideast,comp.os.ms-windows.misc,False,0.33,0.31339145899983123,
7504,talk.politics.guns,talk.politics.guns,True,0.94,0.29963754100026563,
7505,alt.atheism,alt.atheism,True,1.0,0.29457554197870195,
7506,comp.sys.ibm.pc.hardware,comp.sys.ibm.pc.hardware,True,0.6,0.3354008750175126,
7507,sci.electronics,sci.electronics,True,0.96,0.2652943329885602,
7508,misc.forsale,misc.forsale,True,0.78,0.2765882500098087,
7509,talk.politics.misc,talk.politics.guns,False,0.84,0.3102643340243958,
7510,sci.electronics,sci.electronics,True,0.71,0.29107587499311194,
7511,talk.politics.misc,talk.politics.misc,True,0.98,0.49738662503659725,
7512,rec.autos,rec.autos,True,0.99,0.34835479100001976,
7513,comp.os.ms-windows.misc,comp.sys.ibm.pc.hardware,False,0.49,0.2443136250367388,
7514,comp.os.ms-windows.misc,comp.os.ms-windows.misc,True,0.74,0.2761329999775626,
7515,talk.politics.misc,talk.politics.guns,False,0.75,0.41423737502191216,
7516,comp.sys.mac.hardware,comp.os.ms-windows.misc,False,0.34,0.3951027090079151,
7517,talk.politics.guns,talk.politics.guns,True,0.98,0.3933976250118576,
7518,sci.crypt,sci.crypt,True,1.0,0.3868325420189649,
7519,sci.electronics,sci.electronics,True,0.59,0.32583279197569937,
7520,sci.med,sci.med,True,1.0,0.32780883298255503,
7521,comp.sys.mac.hardware,comp.sys.mac.hardware,True,1.0,0.24951445899205282,
7522,sci.med,sci.med,True,1.0,0.2750592090305872,
7523,comp.sys.ibm.pc.hardware,comp.sys.ibm.pc.hardware,True,0.94,0.3191833339515142,
7524,talk.politics.misc,talk.politics.misc,True,0.97,0.31723124999552965,
7525,talk.politics.mideast,talk.politics.misc,False,0.92,0.2516389580559917,
7526,rec.autos,rec.autos,True,0.49,0.3861477499594912,
7527,sci.space,sci.space,True,1.0,0.27458795899292454,
7528,comp.sys.mac.hardware,comp.sys.mac.hardware,True,1.0,0.25073308299761266,
7529,rec.sport.baseball,rec.sport.baseball,True,1.0,0.2818264589877799,
7530,misc.forsale,misc.forsale,True,0.82,0.3893631249666214,
7531,soc.religion.christian,soc.religion.christian,True,0.92,0.30852129199774936,
